<?xml version="1.0" encoding="UTF-8"?>
<LeadConvertSettings xmlns="http://soap.sforce.com/2006/04/metadata">
    <allowOwnerChange>true</allowOwnerChange>
    <objectMapping>
        <inputObject>Lead</inputObject>
        <mappingFields>
            <inputField>Email_per_fatturazione__c</inputField>
            <outputField>Email_per_fatturazione__c</outputField>
        </mappingFields>
        <mappingFields>
            <inputField>Ultima_chiamata_visita_vendita__c</inputField>
            <outputField>Ultima_chiamata_visita_vendita__c</outputField>
        </mappingFields>
        <mappingFields>
            <inputField>VAT_Number__c</inputField>
            <outputField>VAT_Number__c</outputField>
        </mappingFields>
        <outputObject>Account</outputObject>
    </objectMapping>
    <objectMapping>
        <inputObject>Lead</inputObject>
        <mappingFields>
            <inputField>Country_Code__c</inputField>
            <outputField>Country_Code__c</outputField>
        </mappingFields>
        <mappingFields>
            <inputField>Birthdate__c</inputField>
            <outputField>Birthdate__c</outputField>
        </mappingFields>
        <mappingFields>
            <inputField>Email_per_fatturazione__c</inputField>
            <outputField>Email_per_fatturazione__c</outputField>
        </mappingFields>
        <mappingFields>
            <inputField>Event_End_Date__c</inputField>
            <outputField>Event_End_Date__c</outputField>
        </mappingFields>
        <mappingFields>
            <inputField>Event_Start_Date__c</inputField>
            <outputField>Event_Start_Date__c</outputField>
        </mappingFields>
        <mappingFields>
            <inputField>Gender__c</inputField>
            <outputField>Gender__c</outputField>
        </mappingFields>
        <mappingFields>
            <inputField>Location__c</inputField>
            <outputField>Location__c</outputField>
        </mappingFields>
        <mappingFields>
            <inputField>Birthplace__c</inputField>
            <outputField>Birthplace__c</outputField>
        </mappingFields>
        <mappingFields>
            <inputField>Number_of_Guests__c</inputField>
            <outputField>Number_of_Guests__c</outputField>
        </mappingFields>
        <mappingFields>
            <inputField>VAT_Number__c</inputField>
            <outputField>VAT_Number__c</outputField>
        </mappingFields>
        <outputObject>Contact</outputObject>
    </objectMapping>
    <objectMapping>
        <inputObject>Lead</inputObject>
        <mappingFields>
            <inputField>Event_End_Date__c</inputField>
            <outputField>Event_End_Date__c</outputField>
        </mappingFields>
        <mappingFields>
            <inputField>Event_Start_Date__c</inputField>
            <outputField>Event_Start_Date__c</outputField>
        </mappingFields>
        <mappingFields>
            <inputField>Location__c</inputField>
            <outputField>Location__c</outputField>
        </mappingFields>
        <mappingFields>
            <inputField>Where_did_you_hear_about_us__c</inputField>
            <outputField>Reference__c</outputField>
        </mappingFields>
        <outputObject>Opportunity</outputObject>
    </objectMapping>
    <opportunityCreationOptions>VisibleOptional</opportunityCreationOptions>
</LeadConvertSettings>
