<?xml version="1.0" encoding="UTF-8"?>
<GlobalValueSet xmlns="http://soap.sforce.com/2006/04/metadata">
    <customValue>
        <fullName>M</fullName>
        <default>false</default>
        <label>M</label>
    </customValue>
    <customValue>
        <fullName>F</fullName>
        <default>false</default>
        <label>F</label>
    </customValue>
    <description>Used to identify gender for Leads and Contacts/Person Accounts</description>
    <masterLabel>Gender</masterLabel>
    <sorted>false</sorted>
</GlobalValueSet>
