<?xml version="1.0" encoding="UTF-8"?>
<GlobalValueSet xmlns="http://soap.sforce.com/2006/04/metadata">
    <customValue>
        <fullName>Fattura senza IVA</fullName>
        <default>false</default>
        <label>Fattura senza IVA</label>
    </customValue>
    <customValue>
        <fullName>Fattura con IVA 10%</fullName>
        <default>false</default>
        <label>Fattura con IVA 10%</label>
    </customValue>
    <customValue>
        <fullName>Fattura con IVA 22%</fullName>
        <default>false</default>
        <label>Fattura con IVA 22%</label>
    </customValue>
    <customValue>
        <fullName>Prestazione Occasionale</fullName>
        <default>false</default>
        <label>Prestazione Occasionale</label>
    </customValue>
    <customValue>
        <fullName>Fattura Estera</fullName>
        <default>false</default>
        <label>Fattura Estera</label>
    </customValue>
    <customValue>
        <fullName>Altro (Specificare)</fullName>
        <default>false</default>
        <label>Altro (Specificare)</label>
    </customValue>
    <masterLabel>Modalità pagamento fornitore</masterLabel>
    <sorted>false</sorted>
</GlobalValueSet>
