<?xml version="1.0" encoding="UTF-8"?>
<Flow xmlns="http://soap.sforce.com/2006/04/metadata">
    <apiVersion>63.0</apiVersion>
    <areMetricsLoggedToDataCloud>false</areMetricsLoggedToDataCloud>
    <assignments>
        <name>Assign_value_to_variable</name>
        <label>Assign value to variable</label>
        <locationX>314</locationX>
        <locationY>674</locationY>
        <assignmentItems>
            <assignToReference>recordId.Eventi_in_contemporanea__c</assignToReference>
            <operator>AssignCount</operator>
            <value>
                <elementReference>Get_other_Opportunities</elementReference>
            </value>
        </assignmentItems>
        <connector>
            <targetReference>Check_Event_Dates_on_Opportunity</targetReference>
        </connector>
    </assignments>
    <customProperties>
        <name>ScreenProgressIndicator</name>
        <value>
            <stringValue>{&quot;location&quot;:&quot;top&quot;,&quot;type&quot;:&quot;simple&quot;}</stringValue>
        </value>
    </customProperties>
    <decisions>
        <name>Check_collection</name>
        <label>Check collection</label>
        <locationX>798</locationX>
        <locationY>242</locationY>
        <defaultConnector>
            <targetReference>Update_number_of_Events_to_0</targetReference>
        </defaultConnector>
        <defaultConnectorLabel>Empty</defaultConnectorLabel>
        <rules>
            <name>Not_empty</name>
            <conditionLogic>and</conditionLogic>
            <conditions>
                <leftValueReference>Get_other_Opportunities</leftValueReference>
                <operator>IsEmpty</operator>
                <rightValue>
                    <booleanValue>false</booleanValue>
                </rightValue>
            </conditions>
            <connector>
                <targetReference>OpportunitiesIds</targetReference>
            </connector>
            <label>Not empty</label>
        </rules>
    </decisions>
    <decisions>
        <name>Check_Event_Dates_on_Opportunity</name>
        <label>Check Event Dates on Opportunity</label>
        <locationX>314</locationX>
        <locationY>782</locationY>
        <defaultConnector>
            <targetReference>Dates_not_set</targetReference>
        </defaultConnector>
        <defaultConnectorLabel>Dates not set</defaultConnectorLabel>
        <rules>
            <name>Dates_set_and_in_the_future</name>
            <conditionLogic>and</conditionLogic>
            <conditions>
                <leftValueReference>recordId.Event_Start_Date__c</leftValueReference>
                <operator>IsNull</operator>
                <rightValue>
                    <booleanValue>false</booleanValue>
                </rightValue>
            </conditions>
            <conditions>
                <leftValueReference>recordId.Event_End_Date__c</leftValueReference>
                <operator>IsNull</operator>
                <rightValue>
                    <booleanValue>false</booleanValue>
                </rightValue>
            </conditions>
            <conditions>
                <leftValueReference>recordId.Event_Start_Date__c</leftValueReference>
                <operator>GreaterThanOrEqualTo</operator>
                <rightValue>
                    <elementReference>Today</elementReference>
                </rightValue>
            </conditions>
            <connector>
                <targetReference>Update_number_of_Events</targetReference>
            </connector>
            <label>Dates set and in the future</label>
        </rules>
    </decisions>
    <decisions>
        <name>Check_Events_collection</name>
        <label>Check Events collection</label>
        <locationX>578</locationX>
        <locationY>566</locationY>
        <defaultConnector>
            <targetReference>Update_number_of_Events_to_0</targetReference>
        </defaultConnector>
        <defaultConnectorLabel>Empty</defaultConnectorLabel>
        <rules>
            <name>Events_not_empty</name>
            <conditionLogic>and</conditionLogic>
            <conditions>
                <leftValueReference>Get_Events</leftValueReference>
                <operator>IsEmpty</operator>
                <rightValue>
                    <booleanValue>false</booleanValue>
                </rightValue>
            </conditions>
            <connector>
                <targetReference>Assign_value_to_variable</targetReference>
            </connector>
            <label>Events not empty</label>
        </rules>
    </decisions>
    <environments>Default</environments>
    <formulas>
        <name>Today</name>
        <dataType>Date</dataType>
        <expression>TODAY()</expression>
    </formulas>
    <interviewLabel>Trova eventi in contemporanea {!$Flow.CurrentDateTime}</interviewLabel>
    <label>Trova eventi in contemporanea</label>
    <processMetadataValues>
        <name>BuilderType</name>
        <value>
            <stringValue>LightningFlowBuilder</stringValue>
        </value>
    </processMetadataValues>
    <processMetadataValues>
        <name>CanvasMode</name>
        <value>
            <stringValue>AUTO_LAYOUT_CANVAS</stringValue>
        </value>
    </processMetadataValues>
    <processMetadataValues>
        <name>OriginBuilderType</name>
        <value>
            <stringValue>LightningFlowBuilder</stringValue>
        </value>
    </processMetadataValues>
    <processType>Flow</processType>
    <recordLookups>
        <name>Get_Events</name>
        <label>Get Events</label>
        <locationX>578</locationX>
        <locationY>458</locationY>
        <assignNullValuesIfNoRecordsFound>false</assignNullValuesIfNoRecordsFound>
        <connector>
            <targetReference>Check_Events_collection</targetReference>
        </connector>
        <filterLogic>and</filterLogic>
        <filters>
            <field>WhatId</field>
            <operator>In</operator>
            <value>
                <elementReference>OpportunitiesIds</elementReference>
            </value>
        </filters>
        <getFirstRecordOnly>false</getFirstRecordOnly>
        <object>Event</object>
        <sortField>StartDateTime</sortField>
        <sortOrder>Asc</sortOrder>
        <storeOutputAutomatically>true</storeOutputAutomatically>
    </recordLookups>
    <recordLookups>
        <name>Get_other_Opportunities</name>
        <label>Get other Opportunities</label>
        <locationX>798</locationX>
        <locationY>134</locationY>
        <assignNullValuesIfNoRecordsFound>false</assignNullValuesIfNoRecordsFound>
        <connector>
            <targetReference>Check_collection</targetReference>
        </connector>
        <filterLogic>1 AND 2 AND ((3 AND 4) OR (5 AND 6))</filterLogic>
        <filters>
            <field>Id</field>
            <operator>NotEqualTo</operator>
            <value>
                <elementReference>recordId.Id</elementReference>
            </value>
        </filters>
        <filters>
            <field>StageName</field>
            <operator>NotEqualTo</operator>
            <value>
                <stringValue>Chiuse/Perse</stringValue>
            </value>
        </filters>
        <filters>
            <field>Event_Start_Date__c</field>
            <operator>GreaterThanOrEqualTo</operator>
            <value>
                <elementReference>recordId.Event_Start_Date__c</elementReference>
            </value>
        </filters>
        <filters>
            <field>Event_Start_Date__c</field>
            <operator>LessThanOrEqualTo</operator>
            <value>
                <elementReference>recordId.Event_End_Date__c</elementReference>
            </value>
        </filters>
        <filters>
            <field>Event_End_Date__c</field>
            <operator>GreaterThanOrEqualTo</operator>
            <value>
                <elementReference>recordId.Event_Start_Date__c</elementReference>
            </value>
        </filters>
        <filters>
            <field>Event_End_Date__c</field>
            <operator>LessThanOrEqualTo</operator>
            <value>
                <elementReference>recordId.Event_End_Date__c</elementReference>
            </value>
        </filters>
        <getFirstRecordOnly>false</getFirstRecordOnly>
        <object>Opportunity</object>
        <storeOutputAutomatically>true</storeOutputAutomatically>
    </recordLookups>
    <recordUpdates>
        <name>Update_number_of_Events</name>
        <label>Update number of Events</label>
        <locationX>50</locationX>
        <locationY>890</locationY>
        <connector>
            <targetReference>Events_available</targetReference>
        </connector>
        <faultConnector>
            <targetReference>Error</targetReference>
        </faultConnector>
        <inputReference>recordId</inputReference>
    </recordUpdates>
    <recordUpdates>
        <name>Update_number_of_Events_to_0</name>
        <label>Update number of Events to 0</label>
        <locationX>798</locationX>
        <locationY>1490</locationY>
        <connector>
            <targetReference>No_events</targetReference>
        </connector>
        <filterLogic>and</filterLogic>
        <filters>
            <field>Id</field>
            <operator>EqualTo</operator>
            <value>
                <elementReference>recordId.Id</elementReference>
            </value>
        </filters>
        <inputAssignments>
            <field>Eventi_in_contemporanea__c</field>
            <value>
                <numberValue>0.0</numberValue>
            </value>
        </inputAssignments>
        <object>Opportunity</object>
    </recordUpdates>
    <screens>
        <name>Dates_not_set</name>
        <label>Dates not set</label>
        <locationX>578</locationX>
        <locationY>890</locationY>
        <allowBack>true</allowBack>
        <allowFinish>true</allowFinish>
        <allowPause>false</allowPause>
        <backButtonLabel>Indietro</backButtonLabel>
        <fields>
            <name>DatesNotSet</name>
            <fieldText>&lt;p&gt;&lt;strong style=&quot;color: rgb(228, 22, 32);&quot;&gt;Le date evento non sono impostate sull&apos;Opportunità oppure sono nel passato&lt;/strong&gt;&lt;/p&gt;</fieldText>
            <fieldType>DisplayText</fieldType>
            <styleProperties>
                <verticalAlignment>
                    <stringValue>top</stringValue>
                </verticalAlignment>
                <width>
                    <stringValue>12</stringValue>
                </width>
            </styleProperties>
        </fields>
        <nextOrFinishButtonLabel>Fine</nextOrFinishButtonLabel>
        <showFooter>true</showFooter>
        <showHeader>true</showHeader>
    </screens>
    <screens>
        <name>Error</name>
        <label>Error</label>
        <locationX>314</locationX>
        <locationY>998</locationY>
        <allowBack>true</allowBack>
        <allowFinish>true</allowFinish>
        <allowPause>true</allowPause>
        <fields>
            <name>ErrorMessage</name>
            <fieldText>&lt;p&gt;&lt;strong style=&quot;color: rgb(231, 22, 22);&quot;&gt;{!$Flow.FaultMessage}&lt;/strong&gt;&lt;/p&gt;</fieldText>
            <fieldType>DisplayText</fieldType>
            <styleProperties>
                <verticalAlignment>
                    <stringValue>top</stringValue>
                </verticalAlignment>
                <width>
                    <stringValue>12</stringValue>
                </width>
            </styleProperties>
        </fields>
        <showFooter>true</showFooter>
        <showHeader>true</showHeader>
    </screens>
    <screens>
        <name>Events_available</name>
        <label>Events available</label>
        <locationX>50</locationX>
        <locationY>998</locationY>
        <allowBack>true</allowBack>
        <allowFinish>true</allowFinish>
        <allowPause>false</allowPause>
        <backButtonLabel>Indietro</backButtonLabel>
        <fields>
            <name>EventoInContemporanea</name>
            <fieldText>&lt;p&gt;&lt;strong style=&quot;background-color: rgb(255, 255, 255); color: rgb(240, 7, 45);&quot;&gt;Attenzione, c&apos;è {!recordId.Eventi_in_contemporanea__c} evento in contemporanea&lt;/strong&gt;&lt;/p&gt;</fieldText>
            <fieldType>DisplayText</fieldType>
            <styleProperties>
                <verticalAlignment>
                    <stringValue>top</stringValue>
                </verticalAlignment>
                <width>
                    <stringValue>12</stringValue>
                </width>
            </styleProperties>
            <visibilityRule>
                <conditionLogic>and</conditionLogic>
                <conditions>
                    <leftValueReference>recordId.Eventi_in_contemporanea__c</leftValueReference>
                    <operator>EqualTo</operator>
                    <rightValue>
                        <numberValue>1.0</numberValue>
                    </rightValue>
                </conditions>
            </visibilityRule>
        </fields>
        <fields>
            <name>EventiInContemporanea</name>
            <fieldText>&lt;p&gt;&lt;strong style=&quot;color: rgb(240, 7, 45);&quot;&gt;Attenzione, ci sono {!recordId.Eventi_in_contemporanea__c} eventi in contemporanea&lt;/strong&gt;&lt;/p&gt;</fieldText>
            <fieldType>DisplayText</fieldType>
            <styleProperties>
                <verticalAlignment>
                    <stringValue>top</stringValue>
                </verticalAlignment>
                <width>
                    <stringValue>12</stringValue>
                </width>
            </styleProperties>
            <visibilityRule>
                <conditionLogic>and</conditionLogic>
                <conditions>
                    <leftValueReference>recordId.Eventi_in_contemporanea__c</leftValueReference>
                    <operator>GreaterThan</operator>
                    <rightValue>
                        <numberValue>1.0</numberValue>
                    </rightValue>
                </conditions>
            </visibilityRule>
        </fields>
        <fields>
            <name>Opportunities</name>
            <dataTypeMappings>
                <typeName>T</typeName>
                <typeValue>Opportunity</typeValue>
            </dataTypeMappings>
            <extensionName>flowruntime:datatable</extensionName>
            <fieldType>ComponentInstance</fieldType>
            <inputParameters>
                <name>label</name>
                <value>
                    <stringValue>Eventi in contemporanea</stringValue>
                </value>
            </inputParameters>
            <inputParameters>
                <name>selectionMode</name>
                <value>
                    <stringValue>NO_SELECTION</stringValue>
                </value>
            </inputParameters>
            <inputParameters>
                <name>minRowSelection</name>
                <value>
                    <numberValue>0.0</numberValue>
                </value>
            </inputParameters>
            <inputParameters>
                <name>shouldDisplayLabel</name>
                <value>
                    <booleanValue>true</booleanValue>
                </value>
            </inputParameters>
            <inputParameters>
                <name>tableData</name>
                <value>
                    <elementReference>Get_other_Opportunities</elementReference>
                </value>
            </inputParameters>
            <inputParameters>
                <name>isShowSearchBar</name>
                <value>
                    <booleanValue>true</booleanValue>
                </value>
            </inputParameters>
            <inputParameters>
                <name>maxRowSelection</name>
                <value>
                    <numberValue>0.0</numberValue>
                </value>
            </inputParameters>
            <inputParameters>
                <name>columns</name>
                <value>
                    <stringValue>[{&quot;apiName&quot;:&quot;Name&quot;,&quot;guid&quot;:&quot;column-758e&quot;,&quot;editable&quot;:false,&quot;hasCustomHeaderLabel&quot;:false,&quot;customHeaderLabel&quot;:&quot;&quot;,&quot;wrapText&quot;:true,&quot;order&quot;:0,&quot;label&quot;:&quot;Name&quot;,&quot;type&quot;:&quot;text&quot;},{&quot;apiName&quot;:&quot;Event_Start_Date__c&quot;,&quot;guid&quot;:&quot;column-e638&quot;,&quot;editable&quot;:false,&quot;hasCustomHeaderLabel&quot;:false,&quot;customHeaderLabel&quot;:&quot;&quot;,&quot;wrapText&quot;:true,&quot;order&quot;:1,&quot;label&quot;:&quot;Event Start Date&quot;,&quot;type&quot;:&quot;date-local&quot;},{&quot;apiName&quot;:&quot;Event_End_Date__c&quot;,&quot;guid&quot;:&quot;column-bf62&quot;,&quot;editable&quot;:false,&quot;hasCustomHeaderLabel&quot;:false,&quot;customHeaderLabel&quot;:&quot;&quot;,&quot;wrapText&quot;:true,&quot;order&quot;:2,&quot;label&quot;:&quot;Event End Date&quot;,&quot;type&quot;:&quot;date-local&quot;}]</stringValue>
                </value>
            </inputParameters>
            <inputsOnNextNavToAssocScrn>UseStoredValues</inputsOnNextNavToAssocScrn>
            <isRequired>true</isRequired>
            <storeOutputAutomatically>true</storeOutputAutomatically>
            <styleProperties>
                <verticalAlignment>
                    <stringValue>top</stringValue>
                </verticalAlignment>
                <width>
                    <stringValue>12</stringValue>
                </width>
            </styleProperties>
        </fields>
        <nextOrFinishButtonLabel>Fine</nextOrFinishButtonLabel>
        <showFooter>true</showFooter>
        <showHeader>true</showHeader>
    </screens>
    <screens>
        <name>No_events</name>
        <label>No events</label>
        <locationX>798</locationX>
        <locationY>1598</locationY>
        <allowBack>true</allowBack>
        <allowFinish>true</allowFinish>
        <allowPause>false</allowPause>
        <backButtonLabel>Indietro</backButtonLabel>
        <fields>
            <name>NoEventiInContemporanea</name>
            <fieldText>&lt;p&gt;&lt;strong style=&quot;color: rgb(18, 193, 129);&quot;&gt;Non ci sono eventi in contemporanea&lt;/strong&gt;&lt;/p&gt;</fieldText>
            <fieldType>DisplayText</fieldType>
            <styleProperties>
                <verticalAlignment>
                    <stringValue>top</stringValue>
                </verticalAlignment>
                <width>
                    <stringValue>12</stringValue>
                </width>
            </styleProperties>
        </fields>
        <nextOrFinishButtonLabel>Fine</nextOrFinishButtonLabel>
        <showFooter>true</showFooter>
        <showHeader>true</showHeader>
    </screens>
    <start>
        <locationX>672</locationX>
        <locationY>0</locationY>
        <connector>
            <targetReference>Get_other_Opportunities</targetReference>
        </connector>
    </start>
    <status>Active</status>
    <transforms>
        <name>OpportunitiesIds</name>
        <label>OpportunitiesIds</label>
        <locationX>578</locationX>
        <locationY>350</locationY>
        <connector>
            <targetReference>Get_Events</targetReference>
        </connector>
        <dataType>String</dataType>
        <isCollection>true</isCollection>
        <scale>0</scale>
        <storeOutputAutomatically>true</storeOutputAutomatically>
        <transformValues>
            <transformValueActions>
                <transformType>Map</transformType>
                <value>
                    <elementReference>Get_other_Opportunities[$EachItem].Id</elementReference>
                </value>
            </transformValueActions>
        </transformValues>
    </transforms>
    <variables>
        <name>recordId</name>
        <dataType>SObject</dataType>
        <isCollection>false</isCollection>
        <isInput>true</isInput>
        <isOutput>false</isOutput>
        <objectType>Opportunity</objectType>
    </variables>
</Flow>
