<?xml version="1.0" encoding="UTF-8"?>
<Flow xmlns="http://soap.sforce.com/2006/04/metadata">
    <apiVersion>61.0</apiVersion>
    <areMetricsLoggedToDataCloud>false</areMetricsLoggedToDataCloud>
    <customErrors>
        <name>Error_Message</name>
        <label>Error Message</label>
        <locationX>578</locationX>
        <locationY>539</locationY>
        <customErrorMessages>
            <errorMessage>{!$Flow.FaultMessage}
N.B.: ricontrolla le date evento e assicurati che la data di fine sia successiva alla data di inizio</errorMessage>
            <isFieldError>false</isFieldError>
        </customErrorMessages>
    </customErrors>
    <decisions>
        <name>Check_Synced_Quote</name>
        <label>Check Synced Quote</label>
        <locationX>182</locationX>
        <locationY>647</locationY>
        <defaultConnectorLabel>No Quote</defaultConnectorLabel>
        <rules>
            <name>Has_Quote</name>
            <conditionLogic>and</conditionLogic>
            <conditions>
                <leftValueReference>$Record.SyncedQuoteId</leftValueReference>
                <operator>IsNull</operator>
                <rightValue>
                    <booleanValue>false</booleanValue>
                </rightValue>
            </conditions>
            <connector>
                <targetReference>Update_Quote</targetReference>
            </connector>
            <label>Has Quote</label>
        </rules>
    </decisions>
    <environments>Default</environments>
    <formulas>
        <name>CloseDateFormula</name>
        <dataType>Date</dataType>
        <expression>{!$Flow.CurrentDate} + (FLOOR({!$Record.Event_Start_Date__c}-{!$Flow.CurrentDate})/2)</expression>
    </formulas>
    <formulas>
        <name>OppName</name>
        <dataType>String</dataType>
        <expression>IF (
ISPICKVAL({!$Record.Lead__r.Sito_di_ingresso__c}, &apos;Fabiodex&apos;) &amp;&amp; {!$Record.Event_Start_Date__c} &lt;&gt; {!$Record.Event_End_Date__c},
TEXT ({!$Record.Event_Start_Date__c}) &amp; &quot; &quot; &amp; TEXT ({!$Record.Event_End_Date__c}) &amp; &quot; &quot; &amp;&quot;FX&quot; &amp; &quot; &quot; &amp; &quot;/&quot; &amp; &quot; &quot; &amp; {!$Record.Location__c} &amp; &quot; &quot; &amp; &quot;/&quot; &amp; &quot; &quot; &amp; {!$Record.Lead__r.FirstName} &amp; &quot; &quot; &amp; {!$Record.Lead__r.LastName},
IF(
ISPICKVAL({!$Record.Lead__r.Sito_di_ingresso__c}, &apos;Fabiodex&apos;) &amp;&amp; {!$Record.Event_Start_Date__c} = {!$Record.Event_End_Date__c},
TEXT ({!$Record.Event_Start_Date__c}) &amp; &quot; &quot; &amp;&quot;FX&quot; &amp; &quot; &quot; &amp; &quot;/&quot; &amp; &quot; &quot; &amp; {!$Record.Location__c} &amp; &quot; &quot; &amp; &quot;/&quot; &amp; &quot; &quot; &amp; {!$Record.Lead__r.FirstName} &amp; &quot; &quot; &amp; {!$Record.Lead__r.LastName},
IF(
ISPICKVAL({!$Record.Lead__r.Sito_di_ingresso__c}, &apos;Tuscany Entertainement&apos;) &amp;&amp; {!$Record.Event_Start_Date__c} &lt;&gt; {!$Record.Event_End_Date__c},
TEXT ({!$Record.Event_Start_Date__c}) &amp; &quot; &quot; &amp; TEXT ({!$Record.Event_End_Date__c}) &amp; &quot; &quot; &amp;&quot;TE&quot; &amp; &quot; &quot; &amp; &quot;/&quot; &amp; &quot; &quot; &amp; {!$Record.Location__c} &amp; &quot; &quot; &amp; &quot;/&quot; &amp; &quot; &quot; &amp; {!$Record.Lead__r.FirstName} &amp; &quot; &quot; &amp; {!$Record.Lead__r.LastName},
TEXT ({!$Record.Event_Start_Date__c}) &amp; &quot; &quot; &amp; &quot;TE&quot; &amp; &quot; &quot; &amp; &quot;/&quot; &amp; &quot; &quot; &amp; {!$Record.Location__c} &amp; &quot; &quot; &amp; &quot;/&quot; &amp; &quot; &quot; &amp; {!$Record.Lead__r.FirstName} &amp; &quot; &quot; &amp; {!$Record.Lead__r.LastName}
)
)
)</expression>
    </formulas>
    <formulas>
        <name>Subject</name>
        <dataType>String</dataType>
        <expression>IF (
ISPICKVAL({!$Record.Lead__r.Sito_di_ingresso__c}, &apos;Fabiodex&apos;) &amp;&amp; {!$Record.Event_Start_Date__c} &lt;&gt; {!$Record.Event_End_Date__c},
TEXT ({!$Record.Event_Start_Date__c}) &amp; &quot; &quot; &amp; TEXT ({!$Record.Event_End_Date__c}) &amp; &quot; &quot; &amp; TEXT ({!$Record.StageName}) &amp; &quot; &quot; &amp; &quot;-&quot; &amp; &quot; &quot; &amp; &quot;FX&quot; &amp; &quot; &quot; &amp; &quot;/&quot; &amp; &quot; &quot; &amp; {!$Record.Location__c} &amp; &quot; &quot; &amp; &quot;/&quot; &amp; &quot; &quot; &amp; {!$Record.Lead__r.FirstName} &amp; &quot; &quot; &amp; {!$Record.Lead__r.LastName} ,
IF(
ISPICKVAL({!$Record.Lead__r.Sito_di_ingresso__c}, &apos;Fabiodex&apos;) &amp;&amp; {!$Record.Event_Start_Date__c} = {!$Record.Event_End_Date__c},
TEXT ({!$Record.Event_Start_Date__c}) &amp; &quot; &quot; &amp; TEXT ({!$Record.StageName}) &amp; &quot; &quot; &amp; &quot;-&quot; &amp; &quot; &quot; &amp; &quot;FX&quot; &amp; &quot; &quot; &amp; &quot;/&quot; &amp; &quot; &quot; &amp; {!$Record.Location__c} &amp; &quot; &quot; &amp; &quot;/&quot; &amp; &quot; &quot; &amp; {!$Record.Lead__r.FirstName}  &amp; &quot; &quot; &amp; {!$Record.Lead__r.LastName} ,
IF(
ISPICKVAL({!$Record.Lead__r.Sito_di_ingresso__c}, &apos;Tuscany Entertainement&apos;) &amp;&amp; {!$Record.Event_Start_Date__c} &lt;&gt; {!$Record.Event_End_Date__c},
TEXT ({!$Record.Event_Start_Date__c}) &amp; &quot; &quot; &amp; TEXT ({!$Record.Event_End_Date__c}) &amp; &quot; &quot; &amp; TEXT ({!$Record.StageName}) &amp; &quot; &quot; &amp; &quot;-&quot; &amp; &quot; &quot; &amp; &quot;TE&quot; &amp; &quot; &quot; &amp; &quot;/&quot; &amp; &quot; &quot; &amp; {!$Record.Location__c} &amp; &quot; &quot; &amp; &quot;/&quot; &amp; &quot; &quot; &amp; {!$Record.Lead__r.FirstName}  &amp; &quot; &quot; &amp; {!$Record.Lead__r.LastName} ,
TEXT ({!$Record.Event_Start_Date__c}) &amp; &quot; &quot; &amp; TEXT ({!$Record.StageName}) &amp; &quot; &quot; &amp; &quot;-&quot; &amp; &quot; &quot; &amp; &quot;TE&quot; &amp; &quot; &quot; &amp; &quot;/&quot; &amp; &quot; &quot; &amp; {!$Record.Location__c} &amp; &quot; &quot; &amp; &quot;/&quot; &amp; &quot; &quot; &amp; {!$Record.Lead__r.FirstName}  &amp; &quot; &quot; &amp; {!$Record.Lead__r.LastName}
)
)
)</expression>
    </formulas>
    <interviewLabel>Update Event Dates when changed on Opportunity {!$Flow.CurrentDateTime}</interviewLabel>
    <label>Update Event Dates when changed on Opportunity</label>
    <processMetadataValues>
        <name>BuilderType</name>
        <value>
            <stringValue>LightningFlowBuilder</stringValue>
        </value>
    </processMetadataValues>
    <processMetadataValues>
        <name>CanvasMode</name>
        <value>
            <stringValue>AUTO_LAYOUT_CANVAS</stringValue>
        </value>
    </processMetadataValues>
    <processMetadataValues>
        <name>OriginBuilderType</name>
        <value>
            <stringValue>LightningFlowBuilder</stringValue>
        </value>
    </processMetadataValues>
    <processType>AutoLaunchedFlow</processType>
    <recordUpdates>
        <name>Update_Close_Date</name>
        <label>Update Close Date</label>
        <locationX>182</locationX>
        <locationY>539</locationY>
        <connector>
            <targetReference>Check_Synced_Quote</targetReference>
        </connector>
        <inputAssignments>
            <field>CloseDate</field>
            <value>
                <elementReference>CloseDateFormula</elementReference>
            </value>
        </inputAssignments>
        <inputReference>$Record</inputReference>
    </recordUpdates>
    <recordUpdates>
        <name>Update_Event</name>
        <label>Update Event</label>
        <locationX>182</locationX>
        <locationY>431</locationY>
        <connector>
            <targetReference>Update_Close_Date</targetReference>
        </connector>
        <faultConnector>
            <targetReference>Error_Message</targetReference>
        </faultConnector>
        <filterLogic>and</filterLogic>
        <filters>
            <field>WhatId</field>
            <operator>EqualTo</operator>
            <value>
                <elementReference>$Record.Id</elementReference>
            </value>
        </filters>
        <inputAssignments>
            <field>EndDateTime</field>
            <value>
                <elementReference>$Record.Event_End_Date__c</elementReference>
            </value>
        </inputAssignments>
        <inputAssignments>
            <field>StartDateTime</field>
            <value>
                <elementReference>$Record.Event_Start_Date__c</elementReference>
            </value>
        </inputAssignments>
        <inputAssignments>
            <field>Subject</field>
            <value>
                <elementReference>Subject</elementReference>
            </value>
        </inputAssignments>
        <object>Event</object>
    </recordUpdates>
    <recordUpdates>
        <name>Update_Opp_Name</name>
        <label>Update Opp Name</label>
        <locationX>182</locationX>
        <locationY>323</locationY>
        <connector>
            <targetReference>Update_Event</targetReference>
        </connector>
        <inputAssignments>
            <field>Name</field>
            <value>
                <elementReference>OppName</elementReference>
            </value>
        </inputAssignments>
        <inputReference>$Record</inputReference>
    </recordUpdates>
    <recordUpdates>
        <name>Update_Quote</name>
        <label>Update Quote</label>
        <locationX>50</locationX>
        <locationY>755</locationY>
        <filterLogic>and</filterLogic>
        <filters>
            <field>Id</field>
            <operator>EqualTo</operator>
            <value>
                <elementReference>$Record__Prior.SyncedQuoteId</elementReference>
            </value>
        </filters>
        <inputAssignments>
            <field>Name</field>
            <value>
                <elementReference>$Record.Name</elementReference>
            </value>
        </inputAssignments>
        <object>Quote</object>
    </recordUpdates>
    <start>
        <locationX>56</locationX>
        <locationY>0</locationY>
        <connector>
            <targetReference>Update_Opp_Name</targetReference>
        </connector>
        <filterFormula>AND (
!ISNULL({!$Record.Lead__c}),
ISPICKVAL({!$Record.Lead__r.LeadSource}, &apos;Website&apos;),
!ISPICKVAL ({!$Record.StageName}, &apos;Chiuse/Perse&apos;),
OR (
ISCHANGED ({!$Record.Event_Start_Date__c}),
ISCHANGED ({!$Record.Event_End_Date__c}),
ISCHANGED ({!$Record.Location__c})
       )
           )</filterFormula>
        <object>Opportunity</object>
        <recordTriggerType>Update</recordTriggerType>
        <triggerType>RecordAfterSave</triggerType>
    </start>
    <status>Active</status>
</Flow>
