<?xml version="1.0" encoding="UTF-8"?>
<CaseSettings xmlns="http://soap.sforce.com/2006/04/metadata">
    <caseAutoProcUser>false</caseAutoProcUser>
    <caseFeedItemSettings>
        <characterLimit>400</characterLimit>
        <displayFormat>Default</displayFormat>
        <feedItemType>EmailMessageEvent</feedItemType>
    </caseFeedItemSettings>
    <caseFeedReadUnreadLtng>false</caseFeedReadUnreadLtng>
    <caseMergeInLightning>true</caseMergeInLightning>
    <closeCaseThroughStatusChange>true</closeCaseThroughStatusChange>
    <defaultCaseFeedLayoutOn>false</defaultCaseFeedLayoutOn>
    <defaultCaseOwner>info@fabiodex.com.prod</defaultCaseOwner>
    <defaultCaseOwnerType>User</defaultCaseOwnerType>
    <emailToCase>
        <enableE2CAttachmentAsFile>false</enableE2CAttachmentAsFile>
        <enableE2CDeduplicateAttachments>false</enableE2CDeduplicateAttachments>
        <enableE2CExternalServer>false</enableE2CExternalServer>
        <enableE2CSourceTracking>true</enableE2CSourceTracking>
        <enableEmailToCase>true</enableEmailToCase>
        <enableHtmlEmail>true</enableHtmlEmail>
        <enableNewToReadTriggers>false</enableNewToReadTriggers>
        <enableOnDemandEmailToCase>true</enableOnDemandEmailToCase>
        <enableThreadTokenInBody>false</enableThreadTokenInBody>
        <enableThreadTokenInSubject>false</enableThreadTokenInSubject>
        <movingEmailEnabled>false</movingEmailEnabled>
        <notifyOwnerOnNewCaseEmail>true</notifyOwnerOnNewCaseEmail>
        <notifySenderE2CError>false</notifySenderE2CError>
        <overEmailLimitAction>Bounce</overEmailLimitAction>
        <preQuoteSignature>true</preQuoteSignature>
        <replyWithNewContentOnly>false</replyWithNewContentOnly>
        <unauthorizedSenderAction>Discard</unauthorizedSenderAction>
        <useEmailHeadersForThreading>true</useEmailHeadersForThreading>
    </emailToCase>
    <enableCaseFeed>true</enableCaseFeed>
    <enableCaseSwarming>false</enableCaseSwarming>
    <enableCollapseEmailThread>true</enableCollapseEmailThread>
    <enableDraftEmails>true</enableDraftEmails>
    <enableEarlyEscalationRuleTriggers>false</enableEarlyEscalationRuleTriggers>
    <enableEmailActionDefaultsHandler>false</enableEmailActionDefaultsHandler>
    <enableEscalateQfiToCaseInternal>false</enableEscalateQfiToCaseInternal>
    <enableMultiLangSolnSrchCSS>false</enableMultiLangSolnSrchCSS>
    <enableMultiLangSolnSrchPKB>false</enableMultiLangSolnSrchPKB>
    <enableMultiLangSolution>false</enableMultiLangSolution>
    <enableSolutionCategory>false</enableSolutionCategory>
    <enableSolutionInlineCategory>true</enableSolutionInlineCategory>
    <enableSolutionShortSummary>true</enableSolutionShortSummary>
    <enableSuggestedSolutions>true</enableSuggestedSolutions>
    <escalateCaseBefore>false</escalateCaseBefore>
    <keepCaseMergeRecords>true</keepCaseMergeRecords>
    <notifyContactOnCaseComment>false</notifyContactOnCaseComment>
    <notifyDefaultCaseOwner>false</notifyDefaultCaseOwner>
    <notifyOwnerOnCaseComment>false</notifyOwnerOnCaseComment>
    <notifyOwnerOnCaseOwnerChange>false</notifyOwnerOnCaseOwnerChange>
    <rtaCaseComment>false</rtaCaseComment>
    <showEmailAttachmentsInCaseAttachmentsRL>true</showEmailAttachmentsInCaseAttachmentsRL>
    <showFewerCloseActions>false</showFewerCloseActions>
    <systemUserEmail>noreply@00d06000001cbdjea2</systemUserEmail>
    <useSystemEmailAddress>true</useSystemEmailAddress>
    <useSystemUserAsDefaultCaseUser>true</useSystemUserAsDefaultCaseUser>
    <visibleInCssCheckbox>false</visibleInCssCheckbox>
    <webToCase>
        <enableWebToCase>false</enableWebToCase>
    </webToCase>
</CaseSettings>
