<?xml version="1.0" encoding="UTF-8"?>
<ContentSettings xmlns="http://soap.sforce.com/2006/04/metadata">
    <enableCMSC2CConnections>true</enableCMSC2CConnections>
    <enableChatterFileLink>true</enableChatterFileLink>
    <enableContent>false</enableContent>
    <enableContentAutoAssign>false</enableContentAutoAssign>
    <enableContentDistForPortalUsers>false</enableContentDistForPortalUsers>
    <enableContentDistPwOptionsBit1>true</enableContentDistPwOptionsBit1>
    <enableContentDistPwOptionsBit2>true</enableContentDistPwOptionsBit2>
    <enableContentDistribution>true</enableContentDistribution>
    <enableContentSupportMultiLanguage>false</enableContentSupportMultiLanguage>
    <enableDeleteFileInContentPacks>false</enableDeleteFileInContentPacks>
    <enableFileIngestToDataCloud>true</enableFileIngestToDataCloud>
    <enableFileShareSetByRecord>true</enableFileShareSetByRecord>
    <enableFilesUsrShareNetRestricted>false</enableFilesUsrShareNetRestricted>
    <enableJPGPreviews>true</enableJPGPreviews>
    <enableLWCFileUpload>true</enableLWCFileUpload>
    <enableLWCFileUploadInFlows>false</enableLWCFileUploadInFlows>
    <enableLibraryManagedFiles>false</enableLibraryManagedFiles>
    <enableSiteGuestUserToUploadFiles>false</enableSiteGuestUserToUploadFiles>
    <enableUploadFilesOnAttachments>false</enableUploadFilesOnAttachments>
    <setValidContentTypeForAtchDocDownload>false</setValidContentTypeForAtchDocDownload>
    <skipContentAssetTriggers>false</skipContentAssetTriggers>
</ContentSettings>
