<?xml version="1.0" encoding="UTF-8"?>
<EACSettings xmlns="http://soap.sforce.com/2006/04/metadata">
    <autoPopulateGoogleMeetLinks>true</autoPopulateGoogleMeetLinks>
    <dSThresholdNotification>false</dSThresholdNotification>
    <enableActivityAnalyticsPref>false</enableActivityAnalyticsPref>
    <enableEACForEveryonePref>false</enableEACForEveryonePref>
    <enableInboxActivitySharing>false</enableInboxActivitySharing>
    <enableInsightsInTimeline>true</enableInsightsInTimeline>
    <enableInsightsInTimelineEacStd>false</enableInsightsInTimelineEacStd>
    <provisionProductivityFeatures>false</provisionProductivityFeatures>
    <relationshipGraphPref>false</relationshipGraphPref>
    <s2XSvcAccEmail>true</s2XSvcAccEmail>
    <syncInternalEvents>true</syncInternalEvents>
</EACSettings>
