<?xml version="1.0" encoding="UTF-8"?>
<EmailIntegrationSettings xmlns="http://soap.sforce.com/2006/04/metadata">
    <doesEmailLogAsEmailMessageInOutlook>true</doesEmailLogAsEmailMessageInOutlook>
    <doesGmailStayConnectedToSalesforce>true</doesGmailStayConnectedToSalesforce>
    <enableContactAndEventSync>false</enableContactAndEventSync>
    <enableContextualEverywhere>true</enableContextualEverywhere>
    <enableEmailTrackingInMobile>false</enableEmailTrackingInMobile>
    <enableEngageForOutlook>false</enableEngageForOutlook>
    <enableExtensionHostUnrestricted>true</enableExtensionHostUnrestricted>
    <enableGmailIntegration>true</enableGmailIntegration>
    <enableInboxInternalEmailTracking>false</enableInboxInternalEmailTracking>
    <enableInboxMobileIntune>false</enableInboxMobileIntune>
    <enableOutlookIntegration>false</enableOutlookIntegration>
    <enableProductivityFeatures>false</enableProductivityFeatures>
    <enableSupplementalContactInfoInMobile>false</enableSupplementalContactInfoInMobile>
    <isLayoutCustomizationAllowed>true</isLayoutCustomizationAllowed>
    <orgIsSyncingEventsOutbound>true</orgIsSyncingEventsOutbound>
    <shouldUseTrustedDomainsList>true</shouldUseTrustedDomainsList>
</EmailIntegrationSettings>
