<?xml version="1.0" encoding="UTF-8"?>
<FlowSettings xmlns="http://soap.sforce.com/2006/04/metadata">
    <canDebugFlowAsAnotherUser>false</canDebugFlowAsAnotherUser>
    <doesEnforceApexCpuTimeLimit>true</doesEnforceApexCpuTimeLimit>
    <doesFormulaEnforceDataAccess>false</doesFormulaEnforceDataAccess>
    <doesFormulaGenerateHtmlOutput>false</doesFormulaGenerateHtmlOutput>
    <enableEmailSimpleRespectProfiles>true</enableEmailSimpleRespectProfiles>
    <enableEmailsimpleSecureProfiles>false</enableEmailsimpleSecureProfiles>
    <enableFlowBREncodedFixEnabled>true</enableFlowBREncodedFixEnabled>
    <enableFlowCustomPropertyEditor>false</enableFlowCustomPropertyEditor>
    <enableFlowDeployAsActiveEnabled>true</enableFlowDeployAsActiveEnabled>
    <enableFlowFieldFilterEnabled>true</enableFlowFieldFilterEnabled>
    <enableFlowFormulasFixEnabled>true</enableFlowFormulasFixEnabled>
    <enableFlowInterviewSharingEnabled>true</enableFlowInterviewSharingEnabled>
    <enableFlowNullPreviousValueFix>false</enableFlowNullPreviousValueFix>
    <enableFlowPauseEnabled>true</enableFlowPauseEnabled>
    <enableFlowReactiveChoiceOptions>false</enableFlowReactiveChoiceOptions>
    <enableFlowReactiveScreens>true</enableFlowReactiveScreens>
    <enableFlowUseApexExceptionEmail>false</enableFlowUseApexExceptionEmail>
    <enableFlowViaRestUsesUserCtxt>false</enableFlowViaRestUsesUserCtxt>
    <enableLightningRuntimeEnabled>true</enableLightningRuntimeEnabled>
    <isApexPluginAccessModifierRespected>true</isApexPluginAccessModifierRespected>
    <isEnhancedFlowListViewVisible>true</isEnhancedFlowListViewVisible>
    <isFlowBlockAccessToSessionIDEnabled>true</isFlowBlockAccessToSessionIDEnabled>
    <isManageFlowRequiredForAutomationCharts>false</isManageFlowRequiredForAutomationCharts>
    <isSupportRollbackOnErrorForApexInvocableActionsEnabled>false</isSupportRollbackOnErrorForApexInvocableActionsEnabled>
</FlowSettings>
