<?xml version="1.0" encoding="UTF-8"?>
<HighVelocitySalesSettings xmlns="http://soap.sforce.com/2006/04/metadata">
    <enableACAutoSendEmail>false</enableACAutoSendEmail>
    <enableACChangeTargetAssignee>false</enableACChangeTargetAssignee>
    <enableACSkipWeekends>false</enableACSkipWeekends>
    <enableBusinessHours>false</enableBusinessHours>
    <enableCadenceVariantTestingPref>false</enableCadenceVariantTestingPref>
    <enableChgTgtAssigneeUsrPermPref>false</enableChgTgtAssigneeUsrPermPref>
    <enableEngagementWaveAnalyticsPref>false</enableEngagementWaveAnalyticsPref>
    <enableHighVelocitySalesSetup>false</enableHighVelocitySalesSetup>
    <enableLogACallForCTIPref>false</enableLogACallForCTIPref>
    <enableLogTasksForLinkedInPref>false</enableLogTasksForLinkedInPref>
    <enableMultipleCadencesPref>false</enableMultipleCadencesPref>
    <enableOpportunityAttributionPermPref>false</enableOpportunityAttributionPermPref>
    <enableTaskLoggingPref>false</enableTaskLoggingPref>
</HighVelocitySalesSettings>
