<?xml version="1.0" encoding="UTF-8"?>
<IncidentMgmtSettings xmlns="http://soap.sforce.com/2006/04/metadata">
    <enableAlertBroadcastType>false</enableAlertBroadcastType>
    <enableAutoClosureOfChildIncident>false</enableAutoClosureOfChildIncident>
    <enableAutoCreationOfProblem>false</enableAutoCreationOfProblem>
    <enableChangeRequestValidations>false</enableChangeRequestValidations>
    <enableChatToIncidentAi>false</enableChatToIncidentAi>
    <enableDedupE2IncidentAttachment>false</enableDedupE2IncidentAttachment>
    <enableEmailBroadcastType>false</enableEmailBroadcastType>
    <enableEmailToIncident>false</enableEmailToIncident>
    <enableEmailToIncidentAi>false</enableEmailToIncidentAi>
    <enableITSMChangeMgmt>false</enableITSMChangeMgmt>
    <enableITSMIncidentMgmt>false</enableITSMIncidentMgmt>
    <enableITSMMajorIncParent>false</enableITSMMajorIncParent>
    <enableITSMProblemMgmt>false</enableITSMProblemMgmt>
    <enableIncidentMgmt>true</enableIncidentMgmt>
    <enableIncidentValidations>false</enableIncidentValidations>
    <enableProblemValidations>false</enableProblemValidations>
    <enableRiskAssessment>false</enableRiskAssessment>
    <enableSaveE2IncidentAttachment>false</enableSaveE2IncidentAttachment>
    <enableSiteBannerBroadcastType>false</enableSiteBannerBroadcastType>
    <enableSlackBroadcastType>false</enableSlackBroadcastType>
</IncidentMgmtSettings>
