<?xml version="1.0" encoding="UTF-8"?>
<LanguageSettings xmlns="http://soap.sforce.com/2006/04/metadata">
    <enableCanadaIcuFormat>true</enableCanadaIcuFormat>
    <enableEndUserLanguages>false</enableEndUserLanguages>
    <enableICULocaleDateFormat>true</enableICULocaleDateFormat>
    <enableLanguageExtensionPackage>false</enableLanguageExtensionPackage>
    <enableLocalNamesForStdObjects>false</enableLocalNamesForStdObjects>
    <enableLocaleInsensitiveFiltering>false</enableLocaleInsensitiveFiltering>
    <enablePlatformLanguages>false</enablePlatformLanguages>
    <enableTranslationWorkbench>false</enableTranslationWorkbench>
    <useLanguageFallback>false</useLanguageFallback>
</LanguageSettings>
