<?xml version="1.0" encoding="UTF-8"?>
<SecuritySettings xmlns="http://soap.sforce.com/2006/04/metadata">
    <canUsersGrantLoginAccess>true</canUsersGrantLoginAccess>
    <enableAdminLoginAsAnyUser>true</enableAdminLoginAsAnyUser>
    <enableAuditFieldsInactiveOwner>false</enableAuditFieldsInactiveOwner>
    <enableAuraSecureEvalPref>true</enableAuraSecureEvalPref>
    <enableCoepHeader>false</enableCoepHeader>
    <enableCoopHeader>false</enableCoopHeader>
    <enableCrossOrgRedirects>false</enableCrossOrgRedirects>
    <enablePermissionsPolicy>false</enablePermissionsPolicy>
    <enableRequireHttpsConnection>true</enableRequireHttpsConnection>
    <networkAccess/>
    <passwordPolicies>
        <complexity>AlphaNumeric</complexity>
        <expiration>NinetyDays</expiration>
        <historyRestriction>3</historyRestriction>
        <lockoutInterval>FifteenMinutes</lockoutInterval>
        <maxLoginAttempts>FiveAttempts</maxLoginAttempts>
        <minimumPasswordLength>8</minimumPasswordLength>
        <minimumPasswordLifetime>true</minimumPasswordLifetime>
        <obscureSecretAnswer>false</obscureSecretAnswer>
        <questionRestriction>DoesNotContainPassword</questionRestriction>
    </passwordPolicies>
    <redirectBlockModeEnabled>false</redirectBlockModeEnabled>
    <sendCspForUncommonClients>false</sendCspForUncommonClients>
    <sessionSettings>
        <allowUserAuthenticationByCertificate>false</allowUserAuthenticationByCertificate>
        <allowUserCertBasedAuthenticationWithOcspValidation>false</allowUserCertBasedAuthenticationWithOcspValidation>
        <auraBoxcarReductionPref>false</auraBoxcarReductionPref>
        <canConfirmEmailChangeInLightningCommunities>true</canConfirmEmailChangeInLightningCommunities>
        <canConfirmIdentityBySmsOnly>true</canConfirmIdentityBySmsOnly>
        <disableTimeoutWarning>false</disableTimeoutWarning>
        <enableBuiltInAuthenticator>false</enableBuiltInAuthenticator>
        <enableCSPOnEmail>true</enableCSPOnEmail>
        <enableCSRFOnGet>true</enableCSRFOnGet>
        <enableCSRFOnPost>true</enableCSRFOnPost>
        <enableCacheAndAutocomplete>true</enableCacheAndAutocomplete>
        <enableClickjackNonsetupSFDC>true</enableClickjackNonsetupSFDC>
        <enableClickjackNonsetupUser>false</enableClickjackNonsetupUser>
        <enableClickjackNonsetupUserHeaderless>false</enableClickjackNonsetupUserHeaderless>
        <enableClickjackSetup>true</enableClickjackSetup>
        <enableCoepHeader>false</enableCoepHeader>
        <enableContentSniffingProtection>true</enableContentSniffingProtection>
        <enableCoopHeader>false</enableCoopHeader>
        <enableLightningLogin>true</enableLightningLogin>
        <enableLightningLoginOnlyWithUserPerm>false</enableLightningLoginOnlyWithUserPerm>
        <enableMFADirectUILoginOptIn>false</enableMFADirectUILoginOptIn>
        <enableOauthCorsPolicy>false</enableOauthCorsPolicy>
        <enablePermissionsPolicy>false</enablePermissionsPolicy>
        <enablePostForSessions>false</enablePostForSessions>
        <enableSMSIdentity>true</enableSMSIdentity>
        <enableU2F>false</enableU2F>
        <enforceIpRangesEveryRequest>false</enforceIpRangesEveryRequest>
        <enforceUserDeviceRevoked>false</enforceUserDeviceRevoked>
        <forceLogoutOnSessionTimeout>true</forceLogoutOnSessionTimeout>
        <forceRelogin>false</forceRelogin>
        <grantCameraAccess>TrustedUrls</grantCameraAccess>
        <grantMicrophoneAccess>TrustedUrls</grantMicrophoneAccess>
        <hasRetainedLoginHints>false</hasRetainedLoginHints>
        <hasUserSwitching>true</hasUserSwitching>
        <identityConfirmationOnEmailChange>false</identityConfirmationOnEmailChange>
        <identityConfirmationOnTwoFactorRegistrationEnabled>true</identityConfirmationOnTwoFactorRegistrationEnabled>
        <lockSessionsToDomain>true</lockSessionsToDomain>
        <lockSessionsToIp>false</lockSessionsToIp>
        <lockerServiceCSP>false</lockerServiceCSP>
        <lockerServiceNext>true</lockerServiceNext>
        <lockerServiceNextControl>false</lockerServiceNextControl>
        <redirectBlockModeEnabled>false</redirectBlockModeEnabled>
        <redirectionWarning>true</redirectionWarning>
        <referrerPolicy>true</referrerPolicy>
        <referrerPolicyDirective>strict-origin-when-cross-origin</referrerPolicyDirective>
        <requireHttpOnly>false</requireHttpOnly>
        <sendCspForUncommonClients>false</sendCspForUncommonClients>
        <sessionTimeout>TwelveHours</sessionTimeout>
        <sidToken3rdPartyAuraApp>false</sidToken3rdPartyAuraApp>
        <skipSFAWhenMFADirectUILogin>false</skipSFAWhenMFADirectUILogin>
        <terminateUserSessionsWhenAdminResetsPassword>false</terminateUserSessionsWhenAdminResetsPassword>
        <untrustedRedirect>AlwaysAllowed</untrustedRedirect>
        <useEAPIRateLimitForConnectAPI>false</useEAPIRateLimitForConnectAPI>
        <useLocalStorageForLogoutUrl>false</useLocalStorageForLogoutUrl>
    </sessionSettings>
    <singleSignOnSettings>
        <enableCaseInsensitiveFederationID>false</enableCaseInsensitiveFederationID>
        <enableMultipleSamlConfigs>true</enableMultipleSamlConfigs>
        <enableSamlJitProvisioning>false</enableSamlJitProvisioning>
        <enableSamlLogin>false</enableSamlLogin>
        <isLoginWithSalesforceCredentialsDisabled>false</isLoginWithSalesforceCredentialsDisabled>
    </singleSignOnSettings>
</SecuritySettings>
