<?xml version="1.0" encoding="UTF-8"?>
<SocialCustomerServiceSettings xmlns="http://soap.sforce.com/2006/04/metadata">
    <caseSubjectOption>SocialPostContent</caseSubjectOption>
    <enableAllFBResponseAccounts>true</enableAllFBResponseAccounts>
    <enableInboundProcessingConcurrency>true</enableInboundProcessingConcurrency>
    <enableSocialApprovals>false</enableSocialApprovals>
    <enableSocialCaseAssignmentRules>false</enableSocialCaseAssignmentRules>
    <enableSocialCustomerService>true</enableSocialCustomerService>
    <enableSocialPersonaHistoryTracking>false</enableSocialPersonaHistoryTracking>
    <enableSocialPostHistoryTracking>false</enableSocialPostHistoryTracking>
    <enableSocialReceiveParentPost>false</enableSocialReceiveParentPost>
</SocialCustomerServiceSettings>
