<?xml version="1.0" encoding="UTF-8"?>
<Territory2Settings xmlns="http://soap.sforce.com/2006/04/metadata" xmlns:xsi="http://www.w3.org/2001/XMLSchema-instance">
    <defaultAccountAccessLevel>Edit</defaultAccountAccessLevel>
    <defaultCaseAccessLevel>Edit</defaultCaseAccessLevel>
    <defaultContactAccessLevel>Edit</defaultContactAccessLevel>
    <defaultOpportunityAccessLevel>Read</defaultOpportunityAccessLevel>
    <enableTerritoryManagement2>false</enableTerritoryManagement2>
    <opportunityFilterSettings>
        <apexClassName xsi:nil="true"/>
        <enableFilter>false</enableFilter>
        <runMultiThreaded>false</runMultiThreaded>
        <runOnCreate>false</runOnCreate>
    </opportunityFilterSettings>
    <t2ForecastAccessLevel>Read</t2ForecastAccessLevel>
    <tm2BypassRealignAccInsert>false</tm2BypassRealignAccInsert>
    <tm2EnableUserAssignmentLog>false</tm2EnableUserAssignmentLog>
</Territory2Settings>
