<?xml version="1.0" encoding="UTF-8"?>
<UserManagementSettings xmlns="http://soap.sforce.com/2006/04/metadata">
    <enableCanAnswerContainUsername>true</enableCanAnswerContainUsername>
    <enableConcealPersonalInfo>true</enableConcealPersonalInfo>
    <enableEnhancedConcealPersonalInfo>false</enableEnhancedConcealPersonalInfo>
    <enableEnhancedPermsetMgmt>true</enableEnhancedPermsetMgmt>
    <enableEnhancedProfileMgmt>true</enableEnhancedProfileMgmt>
    <enableEnhcUiUserAccessPolicies>true</enableEnhcUiUserAccessPolicies>
    <enableNewProfileUI>true</enableNewProfileUI>
    <enableProfileFiltering>false</enableProfileFiltering>
    <enableRestrictEmailDomains>false</enableRestrictEmailDomains>
    <enableScrambleUserData>false</enableScrambleUserData>
    <enableUserSelfDeactivate>false</enableUserSelfDeactivate>
    <enhancedPermSetList>true</enhancedPermSetList>
    <enhancedUserListView>true</enhancedUserListView>
    <enhancedUserRoleListView>true</enhancedUserRoleListView>
    <groupSummaryUIEnhancement>true</groupSummaryUIEnhancement>
    <permsetsInFieldCreation>false</permsetsInFieldCreation>
    <psaExpirationUIEnabled>true</psaExpirationUIEnabled>
    <restrictedProfileCloning>false</restrictedProfileCloning>
    <userAccessPoliciesEnabled>false</userAccessPoliciesEnabled>
</UserManagementSettings>
