<?xml version="1.0" encoding="UTF-8"?>
<StandardValueSet xmlns="http://soap.sforce.com/2006/04/metadata">
    <sorted>false</sorted>
    <standardValue>
        <fullName>Public</fullName>
        <default>false</default>
        <label>Pubblico</label>
    </standardValue>
    <standardValue>
        <fullName>Private</fullName>
        <default>false</default>
        <label>Privato</label>
    </standardValue>
    <standardValue>
        <fullName>Subsidiary</fullName>
        <default>false</default>
        <label>Controllato</label>
    </standardValue>
    <standardValue>
        <fullName>Other</fullName>
        <default>false</default>
        <label>Altro</label>
    </standardValue>
</StandardValueSet>
