<?xml version="1.0" encoding="UTF-8"?>
<StandardValueSet xmlns="http://soap.sforce.com/2006/04/metadata">
    <sorted>false</sorted>
    <standardValue>
        <fullName>1/5</fullName>
        <default>false</default>
        <label>1/5</label>
    </standardValue>
    <standardValue>
        <fullName>2/5</fullName>
        <default>false</default>
        <label>2/5</label>
    </standardValue>
    <standardValue>
        <fullName>3/5</fullName>
        <default>false</default>
        <label>3/5</label>
    </standardValue>
    <standardValue>
        <fullName>4/5</fullName>
        <default>false</default>
        <label>4/5</label>
    </standardValue>
    <standardValue>
        <fullName>5/5</fullName>
        <default>false</default>
        <label>5/5</label>
    </standardValue>
</StandardValueSet>
