<?xml version="1.0" encoding="UTF-8"?>
<StandardValueSet xmlns="http://soap.sforce.com/2006/04/metadata">
    <sorted>false</sorted>
    <standardValue>
        <fullName>In Progress</fullName>
        <default>false</default>
        <label>In corso</label>
    </standardValue>
    <standardValue>
        <fullName>Completed</fullName>
        <default>false</default>
        <label>Completato</label>
    </standardValue>
    <standardValue>
        <fullName>Aborted</fullName>
        <default>false</default>
        <label>Interrotto</label>
    </standardValue>
    <standardValue>
        <fullName>Planned</fullName>
        <default>true</default>
        <label>Pianificato</label>
    </standardValue>
</StandardValueSet>
