<?xml version="1.0" encoding="UTF-8"?>
<StandardValueSet xmlns="http://soap.sforce.com/2006/04/metadata">
    <sorted>false</sorted>
    <standardValue>
        <fullName>Technical Contact</fullName>
        <default>false</default>
        <label>Referente tecnico</label>
    </standardValue>
    <standardValue>
        <fullName>Business Contact</fullName>
        <default>false</default>
        <label>Referente aziendale</label>
    </standardValue>
    <standardValue>
        <fullName>Decision Maker</fullName>
        <default>false</default>
        <label>Responsabile</label>
    </standardValue>
    <standardValue>
        <fullName>Other</fullName>
        <default>false</default>
        <label>Altro</label>
    </standardValue>
</StandardValueSet>
