<?xml version="1.0" encoding="UTF-8"?>
<StandardValueSet xmlns="http://soap.sforce.com/2006/04/metadata">
    <sorted>false</sorted>
    <standardValue>
        <fullName>Email</fullName>
        <default>false</default>
        <label>Posta elettronica</label>
    </standardValue>
    <standardValue>
        <fullName>Phone</fullName>
        <default>false</default>
        <label>Telefono</label>
    </standardValue>
    <standardValue>
        <fullName>Web</fullName>
        <default>false</default>
        <label>Web</label>
    </standardValue>
    <standardValue>
        <fullName>Facebook</fullName>
        <default>false</default>
        <label>Facebook</label>
    </standardValue>
    <standardValue>
        <fullName>Twitter</fullName>
        <default>false</default>
        <label>Twitter</label>
    </standardValue>
</StandardValueSet>
