<?xml version="1.0" encoding="UTF-8"?>
<StandardValueSet xmlns="http://soap.sforce.com/2006/04/metadata">
    <sorted>false</sorted>
    <standardValue>
        <fullName>New</fullName>
        <default>true</default>
        <label>Nuovo</label>
        <closed>false</closed>
    </standardValue>
    <standardValue>
        <fullName>On Hold</fullName>
        <default>false</default>
        <label>In attesa</label>
        <closed>false</closed>
    </standardValue>
    <standardValue>
        <fullName>Closed</fullName>
        <default>false</default>
        <label>Chiuso</label>
        <closed>true</closed>
    </standardValue>
    <standardValue>
        <fullName>Escalated</fullName>
        <default>false</default>
        <label>Inoltrato al livello superiore</label>
        <closed>false</closed>
    </standardValue>
    <standardValue>
        <fullName>In Progress</fullName>
        <default>false</default>
        <label>In Progress</label>
        <closed>false</closed>
    </standardValue>
    <standardValue>
        <fullName>Waiting for Customer</fullName>
        <default>false</default>
        <label>Waiting for Customer</label>
        <closed>false</closed>
    </standardValue>
    <standardValue>
        <fullName>Merged</fullName>
        <default>false</default>
        <label>Merged</label>
        <closed>true</closed>
    </standardValue>
    <standardValue>
        <fullName>Response Received</fullName>
        <default>false</default>
        <label>Response Received</label>
        <closed>false</closed>
    </standardValue>
</StandardValueSet>
