<?xml version="1.0" encoding="UTF-8"?>
<StandardValueSet xmlns="http://soap.sforce.com/2006/04/metadata">
    <sorted>false</sorted>
    <standardValue>
        <fullName>User didn&apos;t attend training</fullName>
        <default>false</default>
        <label>L&apos;utente non ha partecipato alla formazione</label>
        <cssExposed>false</cssExposed>
    </standardValue>
    <standardValue>
        <fullName>Complex functionality</fullName>
        <default>false</default>
        <label>Funzionalità complessa</label>
        <cssExposed>false</cssExposed>
    </standardValue>
    <standardValue>
        <fullName>Existing problem</fullName>
        <default>false</default>
        <label>Problema esistente</label>
        <cssExposed>false</cssExposed>
    </standardValue>
    <standardValue>
        <fullName>Instructions not clear</fullName>
        <default>false</default>
        <label>Istruzioni non chiare</label>
        <cssExposed>false</cssExposed>
    </standardValue>
    <standardValue>
        <fullName>New problem</fullName>
        <default>false</default>
        <label>Nuovo problema</label>
        <cssExposed>false</cssExposed>
    </standardValue>
</StandardValueSet>
