<?xml version="1.0" encoding="UTF-8"?>
<StandardValueSet xmlns="http://soap.sforce.com/2006/04/metadata">
    <sorted>false</sorted>
    <standardValue>
        <fullName>Business User</fullName>
        <default>false</default>
        <label>Utente business</label>
    </standardValue>
    <standardValue>
        <fullName>Decision Maker</fullName>
        <default>false</default>
        <label>Responsabile</label>
    </standardValue>
    <standardValue>
        <fullName>Economic Buyer</fullName>
        <default>false</default>
        <label>Addetto agli acquisti</label>
    </standardValue>
    <standardValue>
        <fullName>Economic Decision Maker</fullName>
        <default>false</default>
        <label>Responsabile acquisti</label>
    </standardValue>
    <standardValue>
        <fullName>Evaluator</fullName>
        <default>false</default>
        <label>Esaminatore</label>
    </standardValue>
    <standardValue>
        <fullName>Executive Sponsor</fullName>
        <default>false</default>
        <label>Sponsor responsabile</label>
    </standardValue>
    <standardValue>
        <fullName>Influencer</fullName>
        <default>false</default>
        <label>Consigliere</label>
    </standardValue>
    <standardValue>
        <fullName>Technical Buyer</fullName>
        <default>false</default>
        <label>Addetto agli acquisti reparto tecnico</label>
    </standardValue>
    <standardValue>
        <fullName>Other</fullName>
        <default>false</default>
        <label>Altro</label>
    </standardValue>
</StandardValueSet>
