<?xml version="1.0" encoding="UTF-8"?>
<StandardValueSet xmlns="http://soap.sforce.com/2006/04/metadata">
    <groupingStringEnum>ContractStatusCode</groupingStringEnum>
    <sorted>false</sorted>
    <standardValue>
        <fullName>In Approval Process</fullName>
        <default>false</default>
        <label>In processo di approvazione</label>
        <groupingString>InApproval</groupingString>
    </standardValue>
    <standardValue>
        <fullName>Activated</fullName>
        <default>false</default>
        <label>Attivato</label>
        <groupingString>Activated</groupingString>
    </standardValue>
    <standardValue>
        <fullName>Draft</fullName>
        <default>false</default>
        <label>Bozza</label>
        <groupingString>Draft</groupingString>
    </standardValue>
</StandardValueSet>
