<?xml version="1.0" encoding="UTF-8"?>
<StandardValueSet xmlns="http://soap.sforce.com/2006/04/metadata">
    <sorted>false</sorted>
    <standardValue>
        <fullName>Call</fullName>
        <default>false</default>
        <label>Chiama</label>
    </standardValue>
    <standardValue>
        <fullName>Email</fullName>
        <default>false</default>
        <label>Posta elettronica</label>
    </standardValue>
    <standardValue>
        <fullName>Meeting</fullName>
        <default>false</default>
        <label>Riunione</label>
    </standardValue>
    <standardValue>
        <fullName>Send Letter/Quote</fullName>
        <default>false</default>
        <label>Invio lettera/Quotazione</label>
    </standardValue>
    <standardValue>
        <fullName>Other</fullName>
        <default>false</default>
        <label>Altro</label>
    </standardValue>
</StandardValueSet>
