<?xml version="1.0" encoding="UTF-8"?>
<StandardValueSet xmlns="http://soap.sforce.com/2006/04/metadata">
    <sorted>false</sorted>
    <standardValue>
        <fullName>Chemicals</fullName>
        <default>false</default>
        <label>Industria chimica</label>
    </standardValue>
    <standardValue>
        <fullName>Communications</fullName>
        <default>false</default>
        <label>Comunicazioni</label>
    </standardValue>
    <standardValue>
        <fullName>Construction</fullName>
        <default>false</default>
        <label>Edilizia</label>
    </standardValue>
    <standardValue>
        <fullName>Consulting</fullName>
        <default>false</default>
        <label>Consulenza</label>
    </standardValue>
    <standardValue>
        <fullName>Education</fullName>
        <default>false</default>
        <label>Educazione</label>
    </standardValue>
    <standardValue>
        <fullName>Electronics</fullName>
        <default>false</default>
        <label>Elettronica</label>
    </standardValue>
    <standardValue>
        <fullName>Energy</fullName>
        <default>false</default>
        <label>Energia</label>
    </standardValue>
    <standardValue>
        <fullName>Engineering</fullName>
        <default>false</default>
        <label>Ingegneria</label>
    </standardValue>
    <standardValue>
        <fullName>Entertainment</fullName>
        <default>false</default>
        <label>Intrattenimento</label>
    </standardValue>
    <standardValue>
        <fullName>Environmental</fullName>
        <default>false</default>
        <label>Ambiente</label>
    </standardValue>
    <standardValue>
        <fullName>Finance</fullName>
        <default>false</default>
        <label>Finanza</label>
    </standardValue>
    <standardValue>
        <fullName>Food &amp; Beverage</fullName>
        <default>false</default>
        <label>Ristorazione</label>
    </standardValue>
    <standardValue>
        <fullName>Government</fullName>
        <default>false</default>
        <label>Governo</label>
    </standardValue>
    <standardValue>
        <fullName>Healthcare</fullName>
        <default>false</default>
        <label>Assistenza sanitaria</label>
    </standardValue>
    <standardValue>
        <fullName>Hospitality</fullName>
        <default>false</default>
        <label>Strutture ricettive</label>
    </standardValue>
    <standardValue>
        <fullName>Insurance</fullName>
        <default>false</default>
        <label>Servizi assicurativi</label>
    </standardValue>
    <standardValue>
        <fullName>Machinery</fullName>
        <default>false</default>
        <label>Attrezzature meccaniche</label>
    </standardValue>
    <standardValue>
        <fullName>Manufacturing</fullName>
        <default>false</default>
        <label>Produzione manifatturiera</label>
    </standardValue>
    <standardValue>
        <fullName>Media</fullName>
        <default>false</default>
        <label>Media</label>
    </standardValue>
    <standardValue>
        <fullName>Not For Profit</fullName>
        <default>false</default>
        <label>No profit</label>
    </standardValue>
    <standardValue>
        <fullName>Other</fullName>
        <default>false</default>
        <label>Altro</label>
    </standardValue>
    <standardValue>
        <fullName>Recreation</fullName>
        <default>false</default>
        <label>Attività ricreative</label>
    </standardValue>
    <standardValue>
        <fullName>Retail</fullName>
        <default>false</default>
        <label>Vendita al dettaglio</label>
    </standardValue>
    <standardValue>
        <fullName>Shipping</fullName>
        <default>false</default>
        <label>Spedizioni</label>
    </standardValue>
    <standardValue>
        <fullName>Technology</fullName>
        <default>false</default>
        <label>Tecnologie</label>
    </standardValue>
    <standardValue>
        <fullName>Telecommunications</fullName>
        <default>false</default>
        <label>Telecomunicazioni</label>
    </standardValue>
    <standardValue>
        <fullName>Transportation</fullName>
        <default>false</default>
        <label>Trasporti</label>
    </standardValue>
    <standardValue>
        <fullName>Utilities</fullName>
        <default>false</default>
        <label>Servizi</label>
    </standardValue>
    <standardValue>
        <fullName>Wedding planner</fullName>
        <default>false</default>
        <label>Wedding planner</label>
    </standardValue>
    <standardValue>
        <fullName>Private</fullName>
        <default>false</default>
        <label>Private</label>
    </standardValue>
    <standardValue>
        <fullName>Event Business Planner / incentive / DMC</fullName>
        <default>false</default>
        <label>Event Business Planner / incentive / DMC</label>
    </standardValue>
</StandardValueSet>
