<?xml version="1.0" encoding="UTF-8"?>
<StandardValueSet xmlns="http://soap.sforce.com/2006/04/metadata">
    <sorted>false</sorted>
    <standardValue>
        <fullName>Advertisement</fullName>
        <default>false</default>
        <label>Annunci pubblicitari</label>
    </standardValue>
    <standardValue>
        <fullName>Customer Event</fullName>
        <default>false</default>
        <label>Customer Event</label>
    </standardValue>
    <standardValue>
        <fullName>Employee Referral</fullName>
        <default>false</default>
        <label>Riferimento dipendenti</label>
    </standardValue>
    <standardValue>
        <fullName>Google AdWords</fullName>
        <default>false</default>
        <label>Google AdWords</label>
    </standardValue>
    <standardValue>
        <fullName>Other</fullName>
        <default>false</default>
        <label>Altro</label>
    </standardValue>
    <standardValue>
        <fullName>Partner</fullName>
        <default>false</default>
        <label>Partner</label>
    </standardValue>
    <standardValue>
        <fullName>Purchased List</fullName>
        <default>false</default>
        <label>Purchased List</label>
    </standardValue>
    <standardValue>
        <fullName>Trade Show</fullName>
        <default>false</default>
        <label>Fiera commerciale</label>
    </standardValue>
    <standardValue>
        <fullName>Webinar</fullName>
        <default>false</default>
        <label>Webinar</label>
    </standardValue>
    <standardValue>
        <fullName>Website</fullName>
        <default>false</default>
        <label>Website</label>
    </standardValue>
    <standardValue>
        <fullName>Passaparola</fullName>
        <default>false</default>
        <label>Passaparola</label>
    </standardValue>
    <standardValue>
        <fullName>Raccomandandazione location</fullName>
        <default>false</default>
        <label>Raccomandandazione location</label>
    </standardValue>
    <standardValue>
        <fullName>Marco Paci</fullName>
        <default>false</default>
        <label>Marco Paci</label>
    </standardValue>
    <standardValue>
        <fullName>Colleghi Musicisti</fullName>
        <default>false</default>
        <label>Colleghi Musicisti</label>
    </standardValue>
    <standardValue>
        <fullName>Amicizia diretta</fullName>
        <default>false</default>
        <label>Amicizia diretta</label>
    </standardValue>
    <standardValue>
        <fullName>Instagram</fullName>
        <default>false</default>
        <label>Instagram</label>
    </standardValue>
    <standardValue>
        <fullName>YouTube</fullName>
        <default>false</default>
        <label>YouTube</label>
    </standardValue>
    <standardValue>
        <fullName>Tik Tok</fullName>
        <default>false</default>
        <label>Tik Tok</label>
    </standardValue>
    <standardValue>
        <fullName>Wedding Planner</fullName>
        <default>false</default>
        <label>Wedding Planner</label>
    </standardValue>
    <standardValue>
        <fullName>Spoki</fullName>
        <default>false</default>
        <label>Spoki</label>
    </standardValue>
</StandardValueSet>
