<?xml version="1.0" encoding="UTF-8"?>
<StandardValueSet xmlns="http://soap.sforce.com/2006/04/metadata">
    <sorted>false</sorted>
    <standardValue>
        <fullName>New</fullName>
        <default>true</default>
        <label>New</label>
        <converted>false</converted>
    </standardValue>
    <standardValue>
        <fullName>Working</fullName>
        <default>false</default>
        <label>Working</label>
        <converted>false</converted>
    </standardValue>
    <standardValue>
        <fullName>Nurturing</fullName>
        <default>false</default>
        <label>Nurturing</label>
        <converted>false</converted>
    </standardValue>
    <standardValue>
        <fullName>Unqualified</fullName>
        <default>false</default>
        <label>Closed</label>
        <converted>false</converted>
    </standardValue>
    <standardValue>
        <fullName>Qualified</fullName>
        <default>false</default>
        <label>Qualificato</label>
        <converted>true</converted>
    </standardValue>
</StandardValueSet>
