<?xml version="1.0" encoding="UTF-8"?>
<StandardValueSet xmlns="http://soap.sforce.com/2006/04/metadata">
    <groupingStringEnum>OrderStatusCode</groupingStringEnum>
    <sorted>false</sorted>
    <standardValue>
        <fullName>Draft</fullName>
        <default>false</default>
        <label>Bozza</label>
        <groupingString>Draft</groupingString>
    </standardValue>
    <standardValue>
        <fullName>Activated</fullName>
        <default>false</default>
        <label>Attivato</label>
        <groupingString>Activated</groupingString>
    </standardValue>
</StandardValueSet>
