<?xml version="1.0" encoding="UTF-8"?>
<StandardValueSet xmlns="http://soap.sforce.com/2006/04/metadata">
    <sorted>false</sorted>
    <standardValue>
        <fullName>Advertiser</fullName>
        <default>false</default>
        <label>Inserzionista</label>
        <reverseRole>Vendor</reverseRole>
    </standardValue>
    <standardValue>
        <fullName>Agency</fullName>
        <default>false</default>
        <label>Agenzia</label>
        <reverseRole>Client</reverseRole>
    </standardValue>
    <standardValue>
        <fullName>Broker</fullName>
        <default>false</default>
        <label>Broker</label>
        <reverseRole>Agent</reverseRole>
    </standardValue>
    <standardValue>
        <fullName>Consultant</fullName>
        <default>false</default>
        <label>Consulente</label>
        <reverseRole>Client</reverseRole>
    </standardValue>
    <standardValue>
        <fullName>Dealer</fullName>
        <default>false</default>
        <label>Concessionario</label>
        <reverseRole>Supplier</reverseRole>
    </standardValue>
    <standardValue>
        <fullName>Developer</fullName>
        <default>false</default>
        <label>Sviluppatore</label>
        <reverseRole>Vendor</reverseRole>
    </standardValue>
    <standardValue>
        <fullName>Distributor</fullName>
        <default>false</default>
        <label>Distributore</label>
        <reverseRole>Vendor</reverseRole>
    </standardValue>
    <standardValue>
        <fullName>Institution</fullName>
        <default>false</default>
        <label>Istituzione</label>
        <reverseRole>Client</reverseRole>
    </standardValue>
    <standardValue>
        <fullName>Lender</fullName>
        <default>false</default>
        <label>Prestatore</label>
        <reverseRole>Broker</reverseRole>
    </standardValue>
    <standardValue>
        <fullName>System Integrator</fullName>
        <default>false</default>
        <label>Integratore di sistemi</label>
        <reverseRole>Client</reverseRole>
    </standardValue>
    <standardValue>
        <fullName>VAR/Reseller</fullName>
        <default>false</default>
        <label>Rivenditore a valore aggiunto/Rivenditore</label>
        <reverseRole>Vendor</reverseRole>
    </standardValue>
</StandardValueSet>
