<?xml version="1.0" encoding="UTF-8"?>
<StandardValueSet xmlns="http://soap.sforce.com/2006/04/metadata">
    <sorted>false</sorted>
    <standardValue>
        <fullName>Order Activation</fullName>
        <default>true</default>
        <label>Order Activation</label>
    </standardValue>
    <standardValue>
        <fullName>Order Approval</fullName>
        <default>false</default>
        <label>Order Approval</label>
    </standardValue>
    <standardValue>
        <fullName>Fulfillment</fullName>
        <default>false</default>
        <label>Fulfillment</label>
    </standardValue>
    <standardValue>
        <fullName>Payment</fullName>
        <default>false</default>
        <label>Payment</label>
    </standardValue>
    <standardValue>
        <fullName>Invoicing</fullName>
        <default>false</default>
        <label>Invoicing</label>
    </standardValue>
    <standardValue>
        <fullName>Place Order</fullName>
        <default>false</default>
        <label>Place Order</label>
    </standardValue>
    <standardValue>
        <fullName>Order To Asset</fullName>
        <default>false</default>
        <label>Order To Asset</label>
    </standardValue>
    <standardValue>
        <fullName>Order Item Summary To Asset</fullName>
        <default>false</default>
        <label>Order Item Summary To Asset</label>
    </standardValue>
    <standardValue>
        <fullName>Order To Billing Schedule</fullName>
        <default>false</default>
        <label>Order To Billing Schedule</label>
    </standardValue>
    <standardValue>
        <fullName>Syndication catalogo</fullName>
        <default>false</default>
        <label>Syndication catalogo</label>
    </standardValue>
    <standardValue>
        <fullName>Pagamento abbonamento</fullName>
        <default>false</default>
        <label>Pagamento abbonamento</label>
    </standardValue>
    <standardValue>
        <fullName>Annulla</fullName>
        <default>false</default>
        <label>Annulla</label>
    </standardValue>
    <standardValue>
        <fullName>Credito pagamento</fullName>
        <default>false</default>
        <label>Credito pagamento</label>
    </standardValue>
</StandardValueSet>
