<?xml version="1.0" encoding="UTF-8"?>
<StandardValueSet xmlns="http://soap.sforce.com/2006/04/metadata">
    <sorted>false</sorted>
    <standardValue>
        <fullName>None</fullName>
        <default>false</default>
        <label>None</label>
    </standardValue>
    <standardValue>
        <fullName>Prodotti fornitori</fullName>
        <default>false</default>
        <label>Prodotti fornitori</label>
    </standardValue>
    <standardValue>
        <fullName>Backline rental</fullName>
        <default>false</default>
        <label>Backline rental</label>
    </standardValue>
    <standardValue>
        <fullName>Video</fullName>
        <default>false</default>
        <label>Video</label>
    </standardValue>
    <standardValue>
        <fullName>Audio</fullName>
        <default>false</default>
        <label>Audio</label>
    </standardValue>
    <standardValue>
        <fullName>Show Effects</fullName>
        <default>false</default>
        <label>Show Effects</label>
    </standardValue>
    <standardValue>
        <fullName>Rental</fullName>
        <default>false</default>
        <label>Rental</label>
    </standardValue>
    <standardValue>
        <fullName>Lights</fullName>
        <default>false</default>
        <label>Lights</label>
    </standardValue>
    <standardValue>
        <fullName>Discoteche</fullName>
        <default>false</default>
        <label>Discoteche</label>
    </standardValue>
    <standardValue>
        <fullName>Artist</fullName>
        <default>false</default>
        <label>Artist</label>
    </standardValue>
    <standardValue>
        <fullName>Dancefloor &amp; stage</fullName>
        <default>false</default>
        <label>Dancefloor &amp; stage</label>
    </standardValue>
</StandardValueSet>
