<?xml version="1.0" encoding="UTF-8"?>
<StandardValueSet xmlns="http://soap.sforce.com/2006/04/metadata">
    <sorted>false</sorted>
    <standardValue>
        <fullName>Draft</fullName>
        <default>true</default>
        <label>Draft</label>
    </standardValue>
    <standardValue>
        <fullName>In Approval Process</fullName>
        <default>false</default>
        <label>In Approval Process</label>
    </standardValue>
    <standardValue>
        <fullName>Activated</fullName>
        <default>false</default>
        <label>Activated</label>
    </standardValue>
</StandardValueSet>
