<?xml version="1.0" encoding="UTF-8"?>
<StandardValueSet xmlns="http://soap.sforce.com/2006/04/metadata">
    <sorted>false</sorted>
    <standardValue>
        <fullName>Open</fullName>
        <default>true</default>
        <label>Open</label>
        <closed>false</closed>
    </standardValue>
    <standardValue>
        <fullName>In Progress</fullName>
        <default>false</default>
        <label>In Progress</label>
        <closed>false</closed>
    </standardValue>
    <standardValue>
        <fullName>Completed</fullName>
        <default>false</default>
        <label>Completata</label>
        <closed>true</closed>
    </standardValue>
</StandardValueSet>
