<?xml version="1.0" encoding="UTF-8"?>
<StandardValueSet xmlns="http://soap.sforce.com/2006/04/metadata">
    <sorted>false</sorted>
    <standardValue>
        <fullName>Call</fullName>
        <default>false</default>
        <label>Chiamata</label>
    </standardValue>
    <standardValue>
        <fullName>Send Letter</fullName>
        <default>false</default>
        <label>Invio lettera</label>
    </standardValue>
    <standardValue>
        <fullName>Send Quote</fullName>
        <default>false</default>
        <label>Invio quotazione</label>
    </standardValue>
    <standardValue>
        <fullName>Other</fullName>
        <default>false</default>
        <label>Altro</label>
    </standardValue>
</StandardValueSet>
