<?xml version="1.0" encoding="UTF-8"?>
<StandardValueSet xmlns="http://soap.sforce.com/2006/04/metadata">
    <sorted>false</sorted>
    <standardValue>
        <fullName>High</fullName>
        <default>false</default>
        <label>Alta</label>
        <highPriority>true</highPriority>
    </standardValue>
    <standardValue>
        <fullName>Normal</fullName>
        <default>true</default>
        <label>Normale</label>
        <highPriority>false</highPriority>
    </standardValue>
</StandardValueSet>
