<?xml version="1.0" encoding="UTF-8"?>
<StandardValueSet xmlns="http://soap.sforce.com/2006/04/metadata">
    <groupingStringEnum>WorkStatusCategory</groupingStringEnum>
    <sorted>false</sorted>
    <standardValue>
        <fullName>New</fullName>
        <default>true</default>
        <label>New</label>
        <groupingString>New</groupingString>
    </standardValue>
    <standardValue>
        <fullName>In Progress</fullName>
        <default>false</default>
        <label>In Progress</label>
        <groupingString>InProgress</groupingString>
    </standardValue>
    <standardValue>
        <fullName>On Hold</fullName>
        <default>false</default>
        <label>On Hold</label>
        <groupingString>OnHold</groupingString>
    </standardValue>
    <standardValue>
        <fullName>Completed</fullName>
        <default>false</default>
        <label>Completed</label>
        <groupingString>Completed</groupingString>
    </standardValue>
    <standardValue>
        <fullName>Closed</fullName>
        <default>false</default>
        <label>Closed</label>
        <groupingString>Closed</groupingString>
    </standardValue>
    <standardValue>
        <fullName>Cannot Complete</fullName>
        <default>false</default>
        <label>Cannot Complete</label>
        <groupingString>CannotComplete</groupingString>
    </standardValue>
    <standardValue>
        <fullName>Canceled</fullName>
        <default>false</default>
        <label>Canceled</label>
        <groupingString>Canceled</groupingString>
    </standardValue>
</StandardValueSet>
