<?xml version="1.0" encoding="UTF-8"?>
<StandardValueSet xmlns="http://soap.sforce.com/2006/04/metadata">
    <sorted>false</sorted>
    <standardValue>
        <fullName>Low</fullName>
        <default>true</default>
        <label>Low</label>
    </standardValue>
    <standardValue>
        <fullName>Medium</fullName>
        <default>false</default>
        <label>Medium</label>
    </standardValue>
    <standardValue>
        <fullName>High</fullName>
        <default>false</default>
        <label>High</label>
    </standardValue>
    <standardValue>
        <fullName>Critical</fullName>
        <default>false</default>
        <label>Critical</label>
    </standardValue>
</StandardValueSet>
