<?xml version="1.0" encoding="UTF-8"?>
<PermissionSet xmlns="http://soap.sforce.com/2006/04/metadata">
    <hasActivationRequired>false</hasActivationRequired>
    <label>cases_Permisssion_Set</label>
    <license>Salesforce</license>
    <servicePresenceStatusAccesses>
        <enabled>true</enabled>
        <servicePresenceStatus>Available_Email_and_Web</servicePresenceStatus>
    </servicePresenceStatusAccesses>
    <servicePresenceStatusAccesses>
        <enabled>true</enabled>
        <servicePresenceStatus>Available_Phone</servicePresenceStatus>
    </servicePresenceStatusAccesses>
    <servicePresenceStatusAccesses>
        <enabled>true</enabled>
        <servicePresenceStatus>Available_Social_Cases</servicePresenceStatus>
    </servicePresenceStatusAccesses>
    <servicePresenceStatusAccesses>
        <enabled>true</enabled>
        <servicePresenceStatus>Busy_Break</servicePresenceStatus>
    </servicePresenceStatusAccesses>
    <servicePresenceStatusAccesses>
        <enabled>true</enabled>
        <servicePresenceStatus>Busy_Lunch</servicePresenceStatus>
    </servicePresenceStatusAccesses>
    <servicePresenceStatusAccesses>
        <enabled>true</enabled>
        <servicePresenceStatus>Busy_Meeting</servicePresenceStatus>
    </servicePresenceStatusAccesses>
    <userPermissions>
        <enabled>true</enabled>
        <name>GiveRecognitionBadge</name>
    </userPermissions>
</PermissionSet>
