<?xml version="1.0" encoding="UTF-8"?>
<PermissionSet xmlns="http://soap.sforce.com/2006/04/metadata">
    <description>Grants CRUD permission for Knowledge, as well as Knowledge user permissions.</description>
    <hasActivationRequired>false</hasActivationRequired>
    <label>Knowledge LSF Permission Set</label>
    <objectPermissions>
        <allowCreate>true</allowCreate>
        <allowDelete>true</allowDelete>
        <allowEdit>true</allowEdit>
        <allowRead>true</allowRead>
        <modifyAllRecords>true</modifyAllRecords>
        <object>Knowledge__kav</object>
        <viewAllFields>false</viewAllFields>
        <viewAllRecords>true</viewAllRecords>
    </objectPermissions>
    <userPermissions>
        <enabled>true</enabled>
        <name>GiveRecognitionBadge</name>
    </userPermissions>
</PermissionSet>
