<?xml version="1.0" encoding="UTF-8"?>
<PermissionSet xmlns="http://soap.sforce.com/2006/04/metadata">
    <hasActivationRequired>false</hasActivationRequired>
    <label>Modify All Opportunities</label>
    <objectPermissions>
        <allowCreate>false</allowCreate>
        <allowDelete>true</allowDelete>
        <allowEdit>true</allowEdit>
        <allowRead>true</allowRead>
        <modifyAllRecords>true</modifyAllRecords>
        <object>Opportunity</object>
        <viewAllFields>false</viewAllFields>
        <viewAllRecords>true</viewAllRecords>
    </objectPermissions>
</PermissionSet>
