<?xml version="1.0" encoding="UTF-8"?>
<StandardValueSetTranslation xmlns="http://soap.sforce.com/2006/04/metadata">
    <valueTranslation>
        <masterLabel>Acre</masterLabel>
        <translation>아크레</translation>
    </valueTranslation>
    <valueTranslation>
        <masterLabel>Agrigento</masterLabel>
        <translation>아그리젠토</translation>
    </valueTranslation>
    <valueTranslation>
        <masterLabel>Aguascalientes</masterLabel>
        <translation>아과스칼리엔테스</translation>
    </valueTranslation>
    <valueTranslation>
        <masterLabel>Alabama</masterLabel>
        <translation>앨라배마</translation>
    </valueTranslation>
    <valueTranslation>
        <masterLabel>Alagoas</masterLabel>
        <translation>알라고아스</translation>
    </valueTranslation>
    <valueTranslation>
        <masterLabel>Alaska</masterLabel>
        <translation>알래스카</translation>
    </valueTranslation>
    <valueTranslation>
        <masterLabel>Alberta</masterLabel>
        <translation>알버타</translation>
    </valueTranslation>
    <valueTranslation>
        <masterLabel>Alessandria</masterLabel>
        <translation>알레산드리아</translation>
    </valueTranslation>
    <valueTranslation>
        <masterLabel>Amapá</masterLabel>
        <translation>아마파</translation>
    </valueTranslation>
    <valueTranslation>
        <masterLabel>Amazonas</masterLabel>
        <translation>아마조나스</translation>
    </valueTranslation>
    <valueTranslation>
        <masterLabel>Ancona</masterLabel>
        <translation>앙코나</translation>
    </valueTranslation>
    <valueTranslation>
        <masterLabel>Andaman and Nicobar Islands</masterLabel>
        <translation>안다만 니코바르 군도</translation>
    </valueTranslation>
    <valueTranslation>
        <masterLabel>Andhra Pradesh</masterLabel>
        <translation>안드라 프라데시</translation>
    </valueTranslation>
    <valueTranslation>
        <masterLabel>Anhui</masterLabel>
        <translation>안후이</translation>
    </valueTranslation>
    <valueTranslation>
        <masterLabel>Aosta</masterLabel>
        <translation>아오스타</translation>
    </valueTranslation>
    <valueTranslation>
        <masterLabel>Arezzo</masterLabel>
        <translation>아레초</translation>
    </valueTranslation>
    <valueTranslation>
        <masterLabel>Arizona</masterLabel>
        <translation>애리조나</translation>
    </valueTranslation>
    <valueTranslation>
        <masterLabel>Arkansas</masterLabel>
        <translation>아칸소</translation>
    </valueTranslation>
    <valueTranslation>
        <masterLabel>Arunachal Pradesh</masterLabel>
        <translation>아루나찰 프라</translation>
    </valueTranslation>
    <valueTranslation>
        <masterLabel>Ascoli Piceno</masterLabel>
        <translation>아스콜리피체노</translation>
    </valueTranslation>
    <valueTranslation>
        <masterLabel>Assam</masterLabel>
        <translation>아삼</translation>
    </valueTranslation>
    <valueTranslation>
        <masterLabel>Asti</masterLabel>
        <translation>아스티</translation>
    </valueTranslation>
    <valueTranslation>
        <masterLabel>Australian Capital Territory</masterLabel>
        <translation>오스트레일리아 수도 특별 지역</translation>
    </valueTranslation>
    <valueTranslation>
        <masterLabel>Avellino</masterLabel>
        <translation>아벨리노</translation>
    </valueTranslation>
    <valueTranslation>
        <masterLabel>Bahia</masterLabel>
        <translation>바이아</translation>
    </valueTranslation>
    <valueTranslation>
        <masterLabel>Baja California</masterLabel>
        <translation>바하칼리포르니아</translation>
    </valueTranslation>
    <valueTranslation>
        <masterLabel>Baja California Sur</masterLabel>
        <translation>바하칼리포르니아수르</translation>
    </valueTranslation>
    <valueTranslation>
        <masterLabel>Bari</masterLabel>
        <translation>바리</translation>
    </valueTranslation>
    <valueTranslation>
        <masterLabel>Barletta-Andria-Trani</masterLabel>
        <translation>바를레타-안드리아-트라니</translation>
    </valueTranslation>
    <valueTranslation>
        <masterLabel>Beijing</masterLabel>
        <translation>베이징</translation>
    </valueTranslation>
    <valueTranslation>
        <masterLabel>Belluno</masterLabel>
        <translation>벨루노</translation>
    </valueTranslation>
    <valueTranslation>
        <masterLabel>Benevento</masterLabel>
        <translation>베네벤토</translation>
    </valueTranslation>
    <valueTranslation>
        <masterLabel>Bergamo</masterLabel>
        <translation>베르가모</translation>
    </valueTranslation>
    <valueTranslation>
        <masterLabel>Biella</masterLabel>
        <translation>비엘라</translation>
    </valueTranslation>
    <valueTranslation>
        <masterLabel>Bihar</masterLabel>
        <translation>비하</translation>
    </valueTranslation>
    <valueTranslation>
        <masterLabel>Bologna</masterLabel>
        <translation>볼로냐</translation>
    </valueTranslation>
    <valueTranslation>
        <masterLabel>Bolzano</masterLabel>
        <translation>볼차노</translation>
    </valueTranslation>
    <valueTranslation>
        <masterLabel>Brescia</masterLabel>
        <translation>브레시아</translation>
    </valueTranslation>
    <valueTranslation>
        <masterLabel>Brindisi</masterLabel>
        <translation>브린디시</translation>
    </valueTranslation>
    <valueTranslation>
        <masterLabel>British Columbia</masterLabel>
        <translation>브리티시 컬럼비아</translation>
    </valueTranslation>
    <valueTranslation>
        <masterLabel>Cagliari</masterLabel>
        <translation>칼리아리</translation>
    </valueTranslation>
    <valueTranslation>
        <masterLabel>California</masterLabel>
        <translation>캘리포니아</translation>
    </valueTranslation>
    <valueTranslation>
        <masterLabel>Caltanissetta</masterLabel>
        <translation>칼타니세타</translation>
    </valueTranslation>
    <valueTranslation>
        <masterLabel>Campeche</masterLabel>
        <translation>캄페체</translation>
    </valueTranslation>
    <valueTranslation>
        <masterLabel>Campobasso</masterLabel>
        <translation>캄포바소</translation>
    </valueTranslation>
    <valueTranslation>
        <masterLabel>Carbonia-Iglesias</masterLabel>
        <translation>카르보니아 이글레시아스</translation>
    </valueTranslation>
    <valueTranslation>
        <masterLabel>Carlow</masterLabel>
        <translation>칼로</translation>
    </valueTranslation>
    <valueTranslation>
        <masterLabel>Caserta</masterLabel>
        <translation>카세르타</translation>
    </valueTranslation>
    <valueTranslation>
        <masterLabel>Catania</masterLabel>
        <translation>카타니아</translation>
    </valueTranslation>
    <valueTranslation>
        <masterLabel>Catanzaro</masterLabel>
        <translation>카탄차로</translation>
    </valueTranslation>
    <valueTranslation>
        <masterLabel>Cavan</masterLabel>
        <translation>카반</translation>
    </valueTranslation>
    <valueTranslation>
        <masterLabel>Ceará</masterLabel>
        <translation>세아라</translation>
    </valueTranslation>
    <valueTranslation>
        <masterLabel>Chandigarh</masterLabel>
        <translation>찬디가르</translation>
    </valueTranslation>
    <valueTranslation>
        <masterLabel>Chhattisgarh</masterLabel>
        <translation>짜띠스가르</translation>
    </valueTranslation>
    <valueTranslation>
        <masterLabel>Chiapas</masterLabel>
        <translation>치아파스</translation>
    </valueTranslation>
    <valueTranslation>
        <masterLabel>Chieti</masterLabel>
        <translation>키에티</translation>
    </valueTranslation>
    <valueTranslation>
        <masterLabel>Chihuahua</masterLabel>
        <translation>치와와</translation>
    </valueTranslation>
    <valueTranslation>
        <masterLabel>Chinese Taipei</masterLabel>
        <translation>대만</translation>
    </valueTranslation>
    <valueTranslation>
        <masterLabel>Chongqing</masterLabel>
        <translation>충칭</translation>
    </valueTranslation>
    <valueTranslation>
        <masterLabel>Clare</masterLabel>
        <translation>클레어</translation>
    </valueTranslation>
    <valueTranslation>
        <masterLabel>Coahuila</masterLabel>
        <translation>코아윌라</translation>
    </valueTranslation>
    <valueTranslation>
        <masterLabel>Colima</masterLabel>
        <translation>콜리마</translation>
    </valueTranslation>
    <valueTranslation>
        <masterLabel>Colorado</masterLabel>
        <translation>콜로라도</translation>
    </valueTranslation>
    <valueTranslation>
        <masterLabel>Como</masterLabel>
        <translation>코모</translation>
    </valueTranslation>
    <valueTranslation>
        <masterLabel>Connecticut</masterLabel>
        <translation>코네티컷</translation>
    </valueTranslation>
    <valueTranslation>
        <masterLabel>Cork</masterLabel>
        <translation>코르크</translation>
    </valueTranslation>
    <valueTranslation>
        <masterLabel>Cosenza</masterLabel>
        <translation>코센차</translation>
    </valueTranslation>
    <valueTranslation>
        <masterLabel>Cremona</masterLabel>
        <translation>크레모나</translation>
    </valueTranslation>
    <valueTranslation>
        <masterLabel>Crotone</masterLabel>
        <translation>크로토네</translation>
    </valueTranslation>
    <valueTranslation>
        <masterLabel>Cuneo</masterLabel>
        <translation>쿠네오</translation>
    </valueTranslation>
    <valueTranslation>
        <masterLabel>Dadra and Nagar Haveli</masterLabel>
        <translation>다드라나가르하벨리</translation>
    </valueTranslation>
    <valueTranslation>
        <masterLabel>Daman and Diu</masterLabel>
        <translation>디만디우</translation>
    </valueTranslation>
    <valueTranslation>
        <masterLabel>Delaware</masterLabel>
        <translation>델라웨어</translation>
    </valueTranslation>
    <valueTranslation>
        <masterLabel>Delhi</masterLabel>
        <translation>델리</translation>
    </valueTranslation>
    <valueTranslation>
        <masterLabel>District of Columbia</masterLabel>
        <translation>컬럼비아 특별구</translation>
    </valueTranslation>
    <valueTranslation>
        <masterLabel>Distrito Federal</masterLabel>
        <translation>연방 주</translation>
    </valueTranslation>
    <valueTranslation>
        <masterLabel>Donegal</masterLabel>
        <translation>도니골</translation>
    </valueTranslation>
    <valueTranslation>
        <masterLabel>Dublin</masterLabel>
        <translation>더블린</translation>
    </valueTranslation>
    <valueTranslation>
        <masterLabel>Durango</masterLabel>
        <translation>두랑고</translation>
    </valueTranslation>
    <valueTranslation>
        <masterLabel>Enna</masterLabel>
        <translation>엔나</translation>
    </valueTranslation>
    <valueTranslation>
        <masterLabel>Espírito Santo</masterLabel>
        <translation>에스삐리또 산또</translation>
    </valueTranslation>
    <valueTranslation>
        <masterLabel>Federal District</masterLabel>
        <translation>연방구</translation>
    </valueTranslation>
    <valueTranslation>
        <masterLabel>Fermo</masterLabel>
        <translation>페르모</translation>
    </valueTranslation>
    <valueTranslation>
        <masterLabel>Ferrara</masterLabel>
        <translation>페라라</translation>
    </valueTranslation>
    <valueTranslation>
        <masterLabel>Florence</masterLabel>
        <translation>플로렌스</translation>
    </valueTranslation>
    <valueTranslation>
        <masterLabel>Florida</masterLabel>
        <translation>플로리다</translation>
    </valueTranslation>
    <valueTranslation>
        <masterLabel>Foggia</masterLabel>
        <translation>포자</translation>
    </valueTranslation>
    <valueTranslation>
        <masterLabel>Forlì-Cesena</masterLabel>
        <translation>포를리체세나</translation>
    </valueTranslation>
    <valueTranslation>
        <masterLabel>Frosinone</masterLabel>
        <translation>프로시노네</translation>
    </valueTranslation>
    <valueTranslation>
        <masterLabel>Fujian</masterLabel>
        <translation>푸젠</translation>
    </valueTranslation>
    <valueTranslation>
        <masterLabel>Galway</masterLabel>
        <translation>골웨이</translation>
    </valueTranslation>
    <valueTranslation>
        <masterLabel>Gansu</masterLabel>
        <translation>간쑤</translation>
    </valueTranslation>
    <valueTranslation>
        <masterLabel>Genoa</masterLabel>
        <translation>제노바</translation>
    </valueTranslation>
    <valueTranslation>
        <masterLabel>Georgia</masterLabel>
        <translation>그루지야</translation>
    </valueTranslation>
    <valueTranslation>
        <masterLabel>Goa</masterLabel>
        <translation>고아</translation>
    </valueTranslation>
    <valueTranslation>
        <masterLabel>Goiás</masterLabel>
        <translation>고이아스</translation>
    </valueTranslation>
    <valueTranslation>
        <masterLabel>Gorizia</masterLabel>
        <translation>고리치아</translation>
    </valueTranslation>
    <valueTranslation>
        <masterLabel>Grosseto</masterLabel>
        <translation>그로세토</translation>
    </valueTranslation>
    <valueTranslation>
        <masterLabel>Guanajuato</masterLabel>
        <translation>과나후아토</translation>
    </valueTranslation>
    <valueTranslation>
        <masterLabel>Guangdong</masterLabel>
        <translation>광둥</translation>
    </valueTranslation>
    <valueTranslation>
        <masterLabel>Guangxi</masterLabel>
        <translation>광시좡족자치구</translation>
    </valueTranslation>
    <valueTranslation>
        <masterLabel>Guerrero</masterLabel>
        <translation>게레로</translation>
    </valueTranslation>
    <valueTranslation>
        <masterLabel>Guizhou</masterLabel>
        <translation>구이저우</translation>
    </valueTranslation>
    <valueTranslation>
        <masterLabel>Gujarat</masterLabel>
        <translation>구자라트</translation>
    </valueTranslation>
    <valueTranslation>
        <masterLabel>Hainan</masterLabel>
        <translation>하이난</translation>
    </valueTranslation>
    <valueTranslation>
        <masterLabel>Haryana</masterLabel>
        <translation>하리아나</translation>
    </valueTranslation>
    <valueTranslation>
        <masterLabel>Hawaii</masterLabel>
        <translation>하와이</translation>
    </valueTranslation>
    <valueTranslation>
        <masterLabel>Hebei</masterLabel>
        <translation>허베이</translation>
    </valueTranslation>
    <valueTranslation>
        <masterLabel>Heilongjiang</masterLabel>
        <translation>헤이룽장</translation>
    </valueTranslation>
    <valueTranslation>
        <masterLabel>Henan</masterLabel>
        <translation>허난</translation>
    </valueTranslation>
    <valueTranslation>
        <masterLabel>Hidalgo</masterLabel>
        <translation>이달고</translation>
    </valueTranslation>
    <valueTranslation>
        <masterLabel>Himachal Pradesh</masterLabel>
        <translation>히마찰 쁘라데시</translation>
    </valueTranslation>
    <valueTranslation>
        <masterLabel>Hong Kong</masterLabel>
        <translation>홍콩</translation>
    </valueTranslation>
    <valueTranslation>
        <masterLabel>Hubei</masterLabel>
        <translation>후베이</translation>
    </valueTranslation>
    <valueTranslation>
        <masterLabel>Hunan</masterLabel>
        <translation>후난</translation>
    </valueTranslation>
    <valueTranslation>
        <masterLabel>Idaho</masterLabel>
        <translation>아이다호</translation>
    </valueTranslation>
    <valueTranslation>
        <masterLabel>Illinois</masterLabel>
        <translation>일리노이</translation>
    </valueTranslation>
    <valueTranslation>
        <masterLabel>Imperia</masterLabel>
        <translation>임페리아</translation>
    </valueTranslation>
    <valueTranslation>
        <masterLabel>Indiana</masterLabel>
        <translation>인디애나</translation>
    </valueTranslation>
    <valueTranslation>
        <masterLabel>Iowa</masterLabel>
        <translation>아이오와</translation>
    </valueTranslation>
    <valueTranslation>
        <masterLabel>Isernia</masterLabel>
        <translation>이세르니아</translation>
    </valueTranslation>
    <valueTranslation>
        <masterLabel>Jalisco</masterLabel>
        <translation>할리스코</translation>
    </valueTranslation>
    <valueTranslation>
        <masterLabel>Jammu and Kashmir</masterLabel>
        <translation>잠무카슈미르</translation>
    </valueTranslation>
    <valueTranslation>
        <masterLabel>Jharkhand</masterLabel>
        <translation>자르칸드</translation>
    </valueTranslation>
    <valueTranslation>
        <masterLabel>Jiangsu</masterLabel>
        <translation>장쑤</translation>
    </valueTranslation>
    <valueTranslation>
        <masterLabel>Jiangxi</masterLabel>
        <translation>장시</translation>
    </valueTranslation>
    <valueTranslation>
        <masterLabel>Jilin</masterLabel>
        <translation>지린</translation>
    </valueTranslation>
    <valueTranslation>
        <masterLabel>Kansas</masterLabel>
        <translation>캔자스</translation>
    </valueTranslation>
    <valueTranslation>
        <masterLabel>Karnataka</masterLabel>
        <translation>카나타카</translation>
    </valueTranslation>
    <valueTranslation>
        <masterLabel>Kentucky</masterLabel>
        <translation>켄터키</translation>
    </valueTranslation>
    <valueTranslation>
        <masterLabel>Kerala</masterLabel>
        <translation>케랄라</translation>
    </valueTranslation>
    <valueTranslation>
        <masterLabel>Kerry</masterLabel>
        <translation>케리</translation>
    </valueTranslation>
    <valueTranslation>
        <masterLabel>Kildare</masterLabel>
        <translation>킬데어</translation>
    </valueTranslation>
    <valueTranslation>
        <masterLabel>Kilkenny</masterLabel>
        <translation>킬케니</translation>
    </valueTranslation>
    <valueTranslation>
        <masterLabel>L&apos;Aquila</masterLabel>
        <translation>라퀼라</translation>
    </valueTranslation>
    <valueTranslation>
        <masterLabel>La Spezia</masterLabel>
        <translation>라스페치아</translation>
    </valueTranslation>
    <valueTranslation>
        <masterLabel>Lakshadweep</masterLabel>
        <translation>략샤드위프</translation>
    </valueTranslation>
    <valueTranslation>
        <masterLabel>Laois</masterLabel>
        <translation>라오이스</translation>
    </valueTranslation>
    <valueTranslation>
        <masterLabel>Latina</masterLabel>
        <translation>라티나</translation>
    </valueTranslation>
    <valueTranslation>
        <masterLabel>Lecce</masterLabel>
        <translation>레체</translation>
    </valueTranslation>
    <valueTranslation>
        <masterLabel>Lecco</masterLabel>
        <translation>레코</translation>
    </valueTranslation>
    <valueTranslation>
        <masterLabel>Leitrim</masterLabel>
        <translation>레이트림</translation>
    </valueTranslation>
    <valueTranslation>
        <masterLabel>Liaoning</masterLabel>
        <translation>랴오닝</translation>
    </valueTranslation>
    <valueTranslation>
        <masterLabel>Limerick</masterLabel>
        <translation>리머릭</translation>
    </valueTranslation>
    <valueTranslation>
        <masterLabel>Livorno</masterLabel>
        <translation>리보르노</translation>
    </valueTranslation>
    <valueTranslation>
        <masterLabel>Lodi</masterLabel>
        <translation>로디</translation>
    </valueTranslation>
    <valueTranslation>
        <masterLabel>Longford</masterLabel>
        <translation>롱포드</translation>
    </valueTranslation>
    <valueTranslation>
        <masterLabel>Louisiana</masterLabel>
        <translation>루이지애나</translation>
    </valueTranslation>
    <valueTranslation>
        <masterLabel>Louth</masterLabel>
        <translation>로우쓰</translation>
    </valueTranslation>
    <valueTranslation>
        <masterLabel>Lucca</masterLabel>
        <translation>룩카</translation>
    </valueTranslation>
    <valueTranslation>
        <masterLabel>Macao</masterLabel>
        <translation>마카오</translation>
    </valueTranslation>
    <valueTranslation>
        <masterLabel>Macerata</masterLabel>
        <translation>마체라타</translation>
    </valueTranslation>
    <valueTranslation>
        <masterLabel>Madhya Pradesh</masterLabel>
        <translation>마드야 프라데쉬</translation>
    </valueTranslation>
    <valueTranslation>
        <masterLabel>Maharashtra</masterLabel>
        <translation>마하라슈트라</translation>
    </valueTranslation>
    <valueTranslation>
        <masterLabel>Maine</masterLabel>
        <translation>메인</translation>
    </valueTranslation>
    <valueTranslation>
        <masterLabel>Manipur</masterLabel>
        <translation>마니푸르</translation>
    </valueTranslation>
    <valueTranslation>
        <masterLabel>Manitoba</masterLabel>
        <translation>매니토바</translation>
    </valueTranslation>
    <valueTranslation>
        <masterLabel>Mantua</masterLabel>
        <translation>만토바</translation>
    </valueTranslation>
    <valueTranslation>
        <masterLabel>Maranhão</masterLabel>
        <translation>마라냥</translation>
    </valueTranslation>
    <valueTranslation>
        <masterLabel>Maryland</masterLabel>
        <translation>메릴랜드</translation>
    </valueTranslation>
    <valueTranslation>
        <masterLabel>Massa and Carrara</masterLabel>
        <translation>마사에카라라</translation>
    </valueTranslation>
    <valueTranslation>
        <masterLabel>Massachusetts</masterLabel>
        <translation>매사추세츠</translation>
    </valueTranslation>
    <valueTranslation>
        <masterLabel>Matera</masterLabel>
        <translation>마테라</translation>
    </valueTranslation>
    <valueTranslation>
        <masterLabel>Mato Grosso</masterLabel>
        <translation>마토구로소</translation>
    </valueTranslation>
    <valueTranslation>
        <masterLabel>Mato Grosso do Sul</masterLabel>
        <translation>마토구로소 도 술</translation>
    </valueTranslation>
    <valueTranslation>
        <masterLabel>Mayo</masterLabel>
        <translation>마요</translation>
    </valueTranslation>
    <valueTranslation>
        <masterLabel>Meath</masterLabel>
        <translation>미스</translation>
    </valueTranslation>
    <valueTranslation>
        <masterLabel>Medio Campidano</masterLabel>
        <translation>메디오캄피다노</translation>
    </valueTranslation>
    <valueTranslation>
        <masterLabel>Meghalaya</masterLabel>
        <translation>메갈라야</translation>
    </valueTranslation>
    <valueTranslation>
        <masterLabel>Messina</masterLabel>
        <translation>메시나</translation>
    </valueTranslation>
    <valueTranslation>
        <masterLabel>Mexico State</masterLabel>
        <translation>멕시코주</translation>
    </valueTranslation>
    <valueTranslation>
        <masterLabel>Michigan</masterLabel>
        <translation>미시간</translation>
    </valueTranslation>
    <valueTranslation>
        <masterLabel>Michoacán</masterLabel>
        <translation>미초아칸</translation>
    </valueTranslation>
    <valueTranslation>
        <masterLabel>Milan</masterLabel>
        <translation>밀라노</translation>
    </valueTranslation>
    <valueTranslation>
        <masterLabel>Minas Gerais</masterLabel>
        <translation>미나 제라이스</translation>
    </valueTranslation>
    <valueTranslation>
        <masterLabel>Minnesota</masterLabel>
        <translation>미네소타</translation>
    </valueTranslation>
    <valueTranslation>
        <masterLabel>Mississippi</masterLabel>
        <translation>미시시피</translation>
    </valueTranslation>
    <valueTranslation>
        <masterLabel>Missouri</masterLabel>
        <translation>미주리</translation>
    </valueTranslation>
    <valueTranslation>
        <masterLabel>Mizoram</masterLabel>
        <translation>미조람</translation>
    </valueTranslation>
    <valueTranslation>
        <masterLabel>Modena</masterLabel>
        <translation>모데나</translation>
    </valueTranslation>
    <valueTranslation>
        <masterLabel>Monaghan</masterLabel>
        <translation>모나한</translation>
    </valueTranslation>
    <valueTranslation>
        <masterLabel>Montana</masterLabel>
        <translation>몬태나</translation>
    </valueTranslation>
    <valueTranslation>
        <masterLabel>Monza and Brianza</masterLabel>
        <translation>몬차에브리안차</translation>
    </valueTranslation>
    <valueTranslation>
        <masterLabel>Morelos</masterLabel>
        <translation>모렐로스</translation>
    </valueTranslation>
    <valueTranslation>
        <masterLabel>Nagaland</masterLabel>
        <translation>나갈랜드</translation>
    </valueTranslation>
    <valueTranslation>
        <masterLabel>Naples</masterLabel>
        <translation>나폴리</translation>
    </valueTranslation>
    <valueTranslation>
        <masterLabel>Nayarit</masterLabel>
        <translation>나야리트</translation>
    </valueTranslation>
    <valueTranslation>
        <masterLabel>Nebraska</masterLabel>
        <translation>네브래스카</translation>
    </valueTranslation>
    <valueTranslation>
        <masterLabel>Nei Mongol</masterLabel>
        <translation>내몽골자치구</translation>
    </valueTranslation>
    <valueTranslation>
        <masterLabel>Nevada</masterLabel>
        <translation>네바다</translation>
    </valueTranslation>
    <valueTranslation>
        <masterLabel>New Brunswick</masterLabel>
        <translation>뉴브런즈윅</translation>
    </valueTranslation>
    <valueTranslation>
        <masterLabel>New Hampshire</masterLabel>
        <translation>뉴햄프셔</translation>
    </valueTranslation>
    <valueTranslation>
        <masterLabel>New Jersey</masterLabel>
        <translation>뉴저지</translation>
    </valueTranslation>
    <valueTranslation>
        <masterLabel>New Mexico</masterLabel>
        <translation>뉴멕시코</translation>
    </valueTranslation>
    <valueTranslation>
        <masterLabel>New South Wales</masterLabel>
        <translation>뉴사우스웨일스 주</translation>
    </valueTranslation>
    <valueTranslation>
        <masterLabel>New York</masterLabel>
        <translation>뉴욕</translation>
    </valueTranslation>
    <valueTranslation>
        <masterLabel>Newfoundland and Labrador</masterLabel>
        <translation>뉴펀들랜드 래브라도</translation>
    </valueTranslation>
    <valueTranslation>
        <masterLabel>Ningxia</masterLabel>
        <translation>닝샤</translation>
    </valueTranslation>
    <valueTranslation>
        <masterLabel>North Carolina</masterLabel>
        <translation>노스캐롤라이나</translation>
    </valueTranslation>
    <valueTranslation>
        <masterLabel>North Dakota</masterLabel>
        <translation>노스다코타</translation>
    </valueTranslation>
    <valueTranslation>
        <masterLabel>Northern Territory</masterLabel>
        <translation>노던 주</translation>
    </valueTranslation>
    <valueTranslation>
        <masterLabel>Northwest Territories</masterLabel>
        <translation>노스웨스트 준주</translation>
    </valueTranslation>
    <valueTranslation>
        <masterLabel>Nova Scotia</masterLabel>
        <translation>노바스코샤</translation>
    </valueTranslation>
    <valueTranslation>
        <masterLabel>Novara</masterLabel>
        <translation>노바라</translation>
    </valueTranslation>
    <valueTranslation>
        <masterLabel>Nuevo León</masterLabel>
        <translation>누에보레온</translation>
    </valueTranslation>
    <valueTranslation>
        <masterLabel>Nunavut</masterLabel>
        <translation>누나부트</translation>
    </valueTranslation>
    <valueTranslation>
        <masterLabel>Nuoro</masterLabel>
        <translation>누오로</translation>
    </valueTranslation>
    <valueTranslation>
        <masterLabel>Oaxaca</masterLabel>
        <translation>오악사카</translation>
    </valueTranslation>
    <valueTranslation>
        <masterLabel>Odisha</masterLabel>
        <translation>오리사</translation>
    </valueTranslation>
    <valueTranslation>
        <masterLabel>Offaly</masterLabel>
        <translation>오팔리</translation>
    </valueTranslation>
    <valueTranslation>
        <masterLabel>Ogliastra</masterLabel>
        <translation>올리아스트라</translation>
    </valueTranslation>
    <valueTranslation>
        <masterLabel>Ohio</masterLabel>
        <translation>오하이오</translation>
    </valueTranslation>
    <valueTranslation>
        <masterLabel>Oklahoma</masterLabel>
        <translation>오클라호마</translation>
    </valueTranslation>
    <valueTranslation>
        <masterLabel>Olbia-Tempio</masterLabel>
        <translation>올비아템피오</translation>
    </valueTranslation>
    <valueTranslation>
        <masterLabel>Ontario</masterLabel>
        <translation>온타리오</translation>
    </valueTranslation>
    <valueTranslation>
        <masterLabel>Oregon</masterLabel>
        <translation>오리건</translation>
    </valueTranslation>
    <valueTranslation>
        <masterLabel>Oristano</masterLabel>
        <translation>오리스타노</translation>
    </valueTranslation>
    <valueTranslation>
        <masterLabel>Padua</masterLabel>
        <translation>파두아</translation>
    </valueTranslation>
    <valueTranslation>
        <masterLabel>Palermo</masterLabel>
        <translation>팔레르모</translation>
    </valueTranslation>
    <valueTranslation>
        <masterLabel>Paraná</masterLabel>
        <translation>파라나</translation>
    </valueTranslation>
    <valueTranslation>
        <masterLabel>Paraíba</masterLabel>
        <translation>파라이바</translation>
    </valueTranslation>
    <valueTranslation>
        <masterLabel>Parma</masterLabel>
        <translation>파르마</translation>
    </valueTranslation>
    <valueTranslation>
        <masterLabel>Pará</masterLabel>
        <translation>파라</translation>
    </valueTranslation>
    <valueTranslation>
        <masterLabel>Pavia</masterLabel>
        <translation>파비아</translation>
    </valueTranslation>
    <valueTranslation>
        <masterLabel>Pennsylvania</masterLabel>
        <translation>펜실베이니아</translation>
    </valueTranslation>
    <valueTranslation>
        <masterLabel>Pernambuco</masterLabel>
        <translation>페르남부코</translation>
    </valueTranslation>
    <valueTranslation>
        <masterLabel>Perugia</masterLabel>
        <translation>페루자</translation>
    </valueTranslation>
    <valueTranslation>
        <masterLabel>Pesaro and Urbino</masterLabel>
        <translation>페사로 우르 비노</translation>
    </valueTranslation>
    <valueTranslation>
        <masterLabel>Pescara</masterLabel>
        <translation>페스카라</translation>
    </valueTranslation>
    <valueTranslation>
        <masterLabel>Piacenza</masterLabel>
        <translation>피아첸차</translation>
    </valueTranslation>
    <valueTranslation>
        <masterLabel>Piauí</masterLabel>
        <translation>피아우이</translation>
    </valueTranslation>
    <valueTranslation>
        <masterLabel>Pisa</masterLabel>
        <translation>피사</translation>
    </valueTranslation>
    <valueTranslation>
        <masterLabel>Pistoia</masterLabel>
        <translation>피스토야</translation>
    </valueTranslation>
    <valueTranslation>
        <masterLabel>Pordenone</masterLabel>
        <translation>포르데노네</translation>
    </valueTranslation>
    <valueTranslation>
        <masterLabel>Potenza</masterLabel>
        <translation>포텐차</translation>
    </valueTranslation>
    <valueTranslation>
        <masterLabel>Prato</masterLabel>
        <translation>프라토</translation>
    </valueTranslation>
    <valueTranslation>
        <masterLabel>Prince Edward Island</masterLabel>
        <translation>프린스 에드워드 아일랜드</translation>
    </valueTranslation>
    <valueTranslation>
        <masterLabel>Puducherry</masterLabel>
        <translation>폰디체리</translation>
    </valueTranslation>
    <valueTranslation>
        <masterLabel>Puebla</masterLabel>
        <translation>푸에블라</translation>
    </valueTranslation>
    <valueTranslation>
        <masterLabel>Punjab</masterLabel>
        <translation>펀자브</translation>
    </valueTranslation>
    <valueTranslation>
        <masterLabel>Qinghai</masterLabel>
        <translation>칭하이</translation>
    </valueTranslation>
    <valueTranslation>
        <masterLabel>Quebec</masterLabel>
        <translation>퀘벡</translation>
    </valueTranslation>
    <valueTranslation>
        <masterLabel>Queensland</masterLabel>
        <translation>퀸즐랜드</translation>
    </valueTranslation>
    <valueTranslation>
        <masterLabel>Querétaro</masterLabel>
        <translation>케레타로</translation>
    </valueTranslation>
    <valueTranslation>
        <masterLabel>Quintana Roo</masterLabel>
        <translation>킨타나로오</translation>
    </valueTranslation>
    <valueTranslation>
        <masterLabel>Ragusa</masterLabel>
        <translation>라구자</translation>
    </valueTranslation>
    <valueTranslation>
        <masterLabel>Rajasthan</masterLabel>
        <translation>라자스탄</translation>
    </valueTranslation>
    <valueTranslation>
        <masterLabel>Ravenna</masterLabel>
        <translation>라벤나</translation>
    </valueTranslation>
    <valueTranslation>
        <masterLabel>Reggio Calabria</masterLabel>
        <translation>레지오 칼라브리아</translation>
    </valueTranslation>
    <valueTranslation>
        <masterLabel>Reggio Emilia</masterLabel>
        <translation>레지오 에밀리아</translation>
    </valueTranslation>
    <valueTranslation>
        <masterLabel>Rhode Island</masterLabel>
        <translation>로드아일랜드</translation>
    </valueTranslation>
    <valueTranslation>
        <masterLabel>Rieti</masterLabel>
        <translation>리에티</translation>
    </valueTranslation>
    <valueTranslation>
        <masterLabel>Rimini</masterLabel>
        <translation>리미니</translation>
    </valueTranslation>
    <valueTranslation>
        <masterLabel>Rio Grande do Norte</masterLabel>
        <translation>히후 그란지 두 노르찌</translation>
    </valueTranslation>
    <valueTranslation>
        <masterLabel>Rio Grande do Sul</masterLabel>
        <translation>히우 그란지 두 솔</translation>
    </valueTranslation>
    <valueTranslation>
        <masterLabel>Rio de Janeiro</masterLabel>
        <translation>리오데자네이로</translation>
    </valueTranslation>
    <valueTranslation>
        <masterLabel>Rome</masterLabel>
        <translation>로마</translation>
    </valueTranslation>
    <valueTranslation>
        <masterLabel>Rondônia</masterLabel>
        <translation>혼도니아</translation>
    </valueTranslation>
    <valueTranslation>
        <masterLabel>Roraima</masterLabel>
        <translation>호라이마</translation>
    </valueTranslation>
    <valueTranslation>
        <masterLabel>Roscommon</masterLabel>
        <translation>로스코몬</translation>
    </valueTranslation>
    <valueTranslation>
        <masterLabel>Rovigo</masterLabel>
        <translation>로비고</translation>
    </valueTranslation>
    <valueTranslation>
        <masterLabel>Salerno</masterLabel>
        <translation>살레르노</translation>
    </valueTranslation>
    <valueTranslation>
        <masterLabel>San Luis Potosí</masterLabel>
        <translation>산루이스포토시</translation>
    </valueTranslation>
    <valueTranslation>
        <masterLabel>Santa Catarina</masterLabel>
        <translation>산타 카타리나</translation>
    </valueTranslation>
    <valueTranslation>
        <masterLabel>Saskatchewan</masterLabel>
        <translation>서스캐처원</translation>
    </valueTranslation>
    <valueTranslation>
        <masterLabel>Sassari</masterLabel>
        <translation>삿사리</translation>
    </valueTranslation>
    <valueTranslation>
        <masterLabel>Savona</masterLabel>
        <translation>사보나</translation>
    </valueTranslation>
    <valueTranslation>
        <masterLabel>Sergipe</masterLabel>
        <translation>세르지뻬</translation>
    </valueTranslation>
    <valueTranslation>
        <masterLabel>Shaanxi</masterLabel>
        <translation>섬서</translation>
    </valueTranslation>
    <valueTranslation>
        <masterLabel>Shandong</masterLabel>
        <translation>산둥</translation>
    </valueTranslation>
    <valueTranslation>
        <masterLabel>Shanghai</masterLabel>
        <translation>상하이</translation>
    </valueTranslation>
    <valueTranslation>
        <masterLabel>Shanxi</masterLabel>
        <translation>산시</translation>
    </valueTranslation>
    <valueTranslation>
        <masterLabel>Sichuan</masterLabel>
        <translation>쓰촨</translation>
    </valueTranslation>
    <valueTranslation>
        <masterLabel>Siena</masterLabel>
        <translation>시에나</translation>
    </valueTranslation>
    <valueTranslation>
        <masterLabel>Sikkim</masterLabel>
        <translation>시킴</translation>
    </valueTranslation>
    <valueTranslation>
        <masterLabel>Sinaloa</masterLabel>
        <translation>시날로아</translation>
    </valueTranslation>
    <valueTranslation>
        <masterLabel>Sligo</masterLabel>
        <translation>슬라이고</translation>
    </valueTranslation>
    <valueTranslation>
        <masterLabel>Sondrio</masterLabel>
        <translation>손드리오</translation>
    </valueTranslation>
    <valueTranslation>
        <masterLabel>Sonora</masterLabel>
        <translation>소노라</translation>
    </valueTranslation>
    <valueTranslation>
        <masterLabel>South Australia</masterLabel>
        <translation>사우스 오스트레일리아</translation>
    </valueTranslation>
    <valueTranslation>
        <masterLabel>South Carolina</masterLabel>
        <translation>사우스캐롤라이나</translation>
    </valueTranslation>
    <valueTranslation>
        <masterLabel>South Dakota</masterLabel>
        <translation>사우스다코타</translation>
    </valueTranslation>
    <valueTranslation>
        <masterLabel>Syracuse</masterLabel>
        <translation>시러큐스</translation>
    </valueTranslation>
    <valueTranslation>
        <masterLabel>São Paulo</masterLabel>
        <translation>상파울루</translation>
    </valueTranslation>
    <valueTranslation>
        <masterLabel>Tabasco</masterLabel>
        <translation>타바스코</translation>
    </valueTranslation>
    <valueTranslation>
        <masterLabel>Tamaulipas</masterLabel>
        <translation>타마울리파스</translation>
    </valueTranslation>
    <valueTranslation>
        <masterLabel>Tamil Nadu</masterLabel>
        <translation>타밀나두</translation>
    </valueTranslation>
    <valueTranslation>
        <masterLabel>Taranto</masterLabel>
        <translation>타란토</translation>
    </valueTranslation>
    <valueTranslation>
        <masterLabel>Tasmania</masterLabel>
        <translation>태즈메이니아</translation>
    </valueTranslation>
    <valueTranslation>
        <masterLabel>Tennessee</masterLabel>
        <translation>테네시</translation>
    </valueTranslation>
    <valueTranslation>
        <masterLabel>Teramo</masterLabel>
        <translation>테라모</translation>
    </valueTranslation>
    <valueTranslation>
        <masterLabel>Terni</masterLabel>
        <translation>테르니</translation>
    </valueTranslation>
    <valueTranslation>
        <masterLabel>Texas</masterLabel>
        <translation>텍사스</translation>
    </valueTranslation>
    <valueTranslation>
        <masterLabel>Tianjin</masterLabel>
        <translation>톈진</translation>
    </valueTranslation>
    <valueTranslation>
        <masterLabel>Tipperary</masterLabel>
        <translation>티퍼레리</translation>
    </valueTranslation>
    <valueTranslation>
        <masterLabel>Tlaxcala</masterLabel>
        <translation>틀락스칼라</translation>
    </valueTranslation>
    <valueTranslation>
        <masterLabel>Tocantins</masterLabel>
        <translation>토칸칭스</translation>
    </valueTranslation>
    <valueTranslation>
        <masterLabel>Trapani</masterLabel>
        <translation>트라파니</translation>
    </valueTranslation>
    <valueTranslation>
        <masterLabel>Trento</masterLabel>
        <translation>트렌토</translation>
    </valueTranslation>
    <valueTranslation>
        <masterLabel>Treviso</masterLabel>
        <translation>트레비조</translation>
    </valueTranslation>
    <valueTranslation>
        <masterLabel>Trieste</masterLabel>
        <translation>트리에스테</translation>
    </valueTranslation>
    <valueTranslation>
        <masterLabel>Tripura</masterLabel>
        <translation>트리풀라</translation>
    </valueTranslation>
    <valueTranslation>
        <masterLabel>Turin</masterLabel>
        <translation>튜린</translation>
    </valueTranslation>
    <valueTranslation>
        <masterLabel>Udine</masterLabel>
        <translation>우디네</translation>
    </valueTranslation>
    <valueTranslation>
        <masterLabel>Utah</masterLabel>
        <translation>유타</translation>
    </valueTranslation>
    <valueTranslation>
        <masterLabel>Uttar Pradesh</masterLabel>
        <translation>우타르프라데시</translation>
    </valueTranslation>
    <valueTranslation>
        <masterLabel>Uttarakhand</masterLabel>
        <translation>우타라칸드</translation>
    </valueTranslation>
    <valueTranslation>
        <masterLabel>Varese</masterLabel>
        <translation>바레세</translation>
    </valueTranslation>
    <valueTranslation>
        <masterLabel>Venice</masterLabel>
        <translation>베니스</translation>
    </valueTranslation>
    <valueTranslation>
        <masterLabel>Veracruz</masterLabel>
        <translation>베라크루스</translation>
    </valueTranslation>
    <valueTranslation>
        <masterLabel>Verbano-Cusio-Ossola</masterLabel>
        <translation>베르바노쿠시오오솔라</translation>
    </valueTranslation>
    <valueTranslation>
        <masterLabel>Vercelli</masterLabel>
        <translation>베르첼리</translation>
    </valueTranslation>
    <valueTranslation>
        <masterLabel>Vermont</masterLabel>
        <translation>버몬트</translation>
    </valueTranslation>
    <valueTranslation>
        <masterLabel>Verona</masterLabel>
        <translation>베로나</translation>
    </valueTranslation>
    <valueTranslation>
        <masterLabel>Vibo Valentia</masterLabel>
        <translation>비보 발렌시아</translation>
    </valueTranslation>
    <valueTranslation>
        <masterLabel>Vicenza</masterLabel>
        <translation>비첸차</translation>
    </valueTranslation>
    <valueTranslation>
        <masterLabel>Victoria</masterLabel>
        <translation>빅토리아</translation>
    </valueTranslation>
    <valueTranslation>
        <masterLabel>Virginia</masterLabel>
        <translation>버지니아</translation>
    </valueTranslation>
    <valueTranslation>
        <masterLabel>Viterbo</masterLabel>
        <translation>비테르보</translation>
    </valueTranslation>
    <valueTranslation>
        <masterLabel>Washington</masterLabel>
        <translation>워싱턴</translation>
    </valueTranslation>
    <valueTranslation>
        <masterLabel>Waterford</masterLabel>
        <translation>워터포드</translation>
    </valueTranslation>
    <valueTranslation>
        <masterLabel>West Bengal</masterLabel>
        <translation>서벵갈</translation>
    </valueTranslation>
    <valueTranslation>
        <masterLabel>West Virginia</masterLabel>
        <translation>웨스트버지니아</translation>
    </valueTranslation>
    <valueTranslation>
        <masterLabel>Western Australia</masterLabel>
        <translation>웨스턴 오스트레일리아</translation>
    </valueTranslation>
    <valueTranslation>
        <masterLabel>Westmeath</masterLabel>
        <translation>웨스트미스</translation>
    </valueTranslation>
    <valueTranslation>
        <masterLabel>Wexford</masterLabel>
        <translation>웩스퍼드</translation>
    </valueTranslation>
    <valueTranslation>
        <masterLabel>Wicklow</masterLabel>
        <translation>위클로</translation>
    </valueTranslation>
    <valueTranslation>
        <masterLabel>Wisconsin</masterLabel>
        <translation>위스콘신</translation>
    </valueTranslation>
    <valueTranslation>
        <masterLabel>Wyoming</masterLabel>
        <translation>와이오밍</translation>
    </valueTranslation>
    <valueTranslation>
        <masterLabel>Xinjiang</masterLabel>
        <translation>신장</translation>
    </valueTranslation>
    <valueTranslation>
        <masterLabel>Xizang</masterLabel>
        <translation>시짱</translation>
    </valueTranslation>
    <valueTranslation>
        <masterLabel>Yucatán</masterLabel>
        <translation>유카탄 반도</translation>
    </valueTranslation>
    <valueTranslation>
        <masterLabel>Yukon Territories</masterLabel>
        <translation>유콘 지역</translation>
    </valueTranslation>
    <valueTranslation>
        <masterLabel>Yunnan</masterLabel>
        <translation>윈난</translation>
    </valueTranslation>
    <valueTranslation>
        <masterLabel>Zacatecas</masterLabel>
        <translation>사카테카스</translation>
    </valueTranslation>
    <valueTranslation>
        <masterLabel>Zhejiang</masterLabel>
        <translation>저장</translation>
    </valueTranslation>
</StandardValueSetTranslation>
