<?xml version="1.0" encoding="UTF-8"?>
<StandardValueSetTranslation xmlns="http://soap.sforce.com/2006/04/metadata">
    <valueTranslation>
        <masterLabel>Acre</masterLabel>
        <translation>อาเกร</translation>
    </valueTranslation>
    <valueTranslation>
        <masterLabel>Agrigento</masterLabel>
        <translation>อากริเจนโต</translation>
    </valueTranslation>
    <valueTranslation>
        <masterLabel>Aguascalientes</masterLabel>
        <translation>อากวัสกาเลียนเตส</translation>
    </valueTranslation>
    <valueTranslation>
        <masterLabel>Alabama</masterLabel>
        <translation>อลาบามา</translation>
    </valueTranslation>
    <valueTranslation>
        <masterLabel>Alagoas</masterLabel>
        <translation>อาลาโกอัส</translation>
    </valueTranslation>
    <valueTranslation>
        <masterLabel>Alaska</masterLabel>
        <translation>อลาสก้า</translation>
    </valueTranslation>
    <valueTranslation>
        <masterLabel>Alberta</masterLabel>
        <translation>อัลแบร์ตา</translation>
    </valueTranslation>
    <valueTranslation>
        <masterLabel>Alessandria</masterLabel>
        <translation>อเลสซานเดรีย</translation>
    </valueTranslation>
    <valueTranslation>
        <masterLabel>Amapá</masterLabel>
        <translation>อะมาปา</translation>
    </valueTranslation>
    <valueTranslation>
        <masterLabel>Amazonas</masterLabel>
        <translation>อามาโซนัส</translation>
    </valueTranslation>
    <valueTranslation>
        <masterLabel>Ancona</masterLabel>
        <translation>อันโกนา</translation>
    </valueTranslation>
    <valueTranslation>
        <masterLabel>Andaman and Nicobar Islands</masterLabel>
        <translation>หมู่เกาะอันดามันและนิโครบาร์</translation>
    </valueTranslation>
    <valueTranslation>
        <masterLabel>Andhra Pradesh</masterLabel>
        <translation>อานธรประเทศ</translation>
    </valueTranslation>
    <valueTranslation>
        <masterLabel>Anhui</masterLabel>
        <translation>อานฮุย</translation>
    </valueTranslation>
    <valueTranslation>
        <masterLabel>Aosta</masterLabel>
        <translation>เฮาสตา</translation>
    </valueTranslation>
    <valueTranslation>
        <masterLabel>Arezzo</masterLabel>
        <translation>อาเรซโซ</translation>
    </valueTranslation>
    <valueTranslation>
        <masterLabel>Arizona</masterLabel>
        <translation>อะริโซนา</translation>
    </valueTranslation>
    <valueTranslation>
        <masterLabel>Arkansas</masterLabel>
        <translation>อาร์คันซัส</translation>
    </valueTranslation>
    <valueTranslation>
        <masterLabel>Arunachal Pradesh</masterLabel>
        <translation>อรุณาจัลประเทศ</translation>
    </valueTranslation>
    <valueTranslation>
        <masterLabel>Ascoli Piceno</masterLabel>
        <translation>อัสโกลี ปิเชโน</translation>
    </valueTranslation>
    <valueTranslation>
        <masterLabel>Assam</masterLabel>
        <translation>อัสสัม</translation>
    </valueTranslation>
    <valueTranslation>
        <masterLabel>Asti</masterLabel>
        <translation>อัสตี</translation>
    </valueTranslation>
    <valueTranslation>
        <masterLabel>Australian Capital Territory</masterLabel>
        <translation>เขตเมืองหลวงของออสเตรเลีย</translation>
    </valueTranslation>
    <valueTranslation>
        <masterLabel>Avellino</masterLabel>
        <translation>อเวลลิโน่</translation>
    </valueTranslation>
    <valueTranslation>
        <masterLabel>Bahia</masterLabel>
        <translation>บาเยีย</translation>
    </valueTranslation>
    <valueTranslation>
        <masterLabel>Baja California</masterLabel>
        <translation>บาฮากาลิฟอร์เนีย</translation>
    </valueTranslation>
    <valueTranslation>
        <masterLabel>Baja California Sur</masterLabel>
        <translation>บาฮากาลิฟอร์เนียซูร์</translation>
    </valueTranslation>
    <valueTranslation>
        <masterLabel>Bari</masterLabel>
        <translation>บารี</translation>
    </valueTranslation>
    <valueTranslation>
        <masterLabel>Barletta-Andria-Trani</masterLabel>
        <translation>บาร์เล็ตตา-อันเดรีย-ทานิ</translation>
    </valueTranslation>
    <valueTranslation>
        <masterLabel>Beijing</masterLabel>
        <translation>ปักกิ่ง</translation>
    </valueTranslation>
    <valueTranslation>
        <masterLabel>Belluno</masterLabel>
        <translation>เบลลูโน</translation>
    </valueTranslation>
    <valueTranslation>
        <masterLabel>Benevento</masterLabel>
        <translation>เบเนเวนโต</translation>
    </valueTranslation>
    <valueTranslation>
        <masterLabel>Bergamo</masterLabel>
        <translation>เบอร์กาโม</translation>
    </valueTranslation>
    <valueTranslation>
        <masterLabel>Biella</masterLabel>
        <translation>บิเอลลา</translation>
    </valueTranslation>
    <valueTranslation>
        <masterLabel>Bihar</masterLabel>
        <translation>พิหาร</translation>
    </valueTranslation>
    <valueTranslation>
        <masterLabel>Bologna</masterLabel>
        <translation>โบลอนยา</translation>
    </valueTranslation>
    <valueTranslation>
        <masterLabel>Bolzano</masterLabel>
        <translation>โบลซาโน</translation>
    </valueTranslation>
    <valueTranslation>
        <masterLabel>Brescia</masterLabel>
        <translation>เบรสเชีย</translation>
    </valueTranslation>
    <valueTranslation>
        <masterLabel>Brindisi</masterLabel>
        <translation>บรินดิซิ</translation>
    </valueTranslation>
    <valueTranslation>
        <masterLabel>British Columbia</masterLabel>
        <translation>บริติชโคลัมเบีย</translation>
    </valueTranslation>
    <valueTranslation>
        <masterLabel>Cagliari</masterLabel>
        <translation>แคลิอาริ</translation>
    </valueTranslation>
    <valueTranslation>
        <masterLabel>California</masterLabel>
        <translation>แคลิฟอร์เนีย</translation>
    </valueTranslation>
    <valueTranslation>
        <masterLabel>Caltanissetta</masterLabel>
        <translation>คาลตานิสเซตตา</translation>
    </valueTranslation>
    <valueTranslation>
        <masterLabel>Campeche</masterLabel>
        <translation>กัมเปเช</translation>
    </valueTranslation>
    <valueTranslation>
        <masterLabel>Campobasso</masterLabel>
        <translation>คัมโปบาสโซ</translation>
    </valueTranslation>
    <valueTranslation>
        <masterLabel>Carbonia-Iglesias</masterLabel>
        <translation>การ์โบเนีย-อีเกลเซียส</translation>
    </valueTranslation>
    <valueTranslation>
        <masterLabel>Carlow</masterLabel>
        <translation>คาร์ลอ</translation>
    </valueTranslation>
    <valueTranslation>
        <masterLabel>Caserta</masterLabel>
        <translation>คาแซร์ตา</translation>
    </valueTranslation>
    <valueTranslation>
        <masterLabel>Catania</masterLabel>
        <translation>คาตาเนีย</translation>
    </valueTranslation>
    <valueTranslation>
        <masterLabel>Catanzaro</masterLabel>
        <translation>คาตันซาโร</translation>
    </valueTranslation>
    <valueTranslation>
        <masterLabel>Cavan</masterLabel>
        <translation>คาวาน</translation>
    </valueTranslation>
    <valueTranslation>
        <masterLabel>Ceará</masterLabel>
        <translation>เซรา</translation>
    </valueTranslation>
    <valueTranslation>
        <masterLabel>Chandigarh</masterLabel>
        <translation>ฉานดิรา</translation>
    </valueTranslation>
    <valueTranslation>
        <masterLabel>Chhattisgarh</masterLabel>
        <translation>ฉัตติสครห์</translation>
    </valueTranslation>
    <valueTranslation>
        <masterLabel>Chiapas</masterLabel>
        <translation>เชียปัส</translation>
    </valueTranslation>
    <valueTranslation>
        <masterLabel>Chieti</masterLabel>
        <translation>เชียติ</translation>
    </valueTranslation>
    <valueTranslation>
        <masterLabel>Chihuahua</masterLabel>
        <translation>ชีวาวา</translation>
    </valueTranslation>
    <valueTranslation>
        <masterLabel>Chinese Taipei</masterLabel>
        <translation>ไต้หวัน</translation>
    </valueTranslation>
    <valueTranslation>
        <masterLabel>Chongqing</masterLabel>
        <translation>ฉงชิ่ง</translation>
    </valueTranslation>
    <valueTranslation>
        <masterLabel>Clare</masterLabel>
        <translation>แคลร์</translation>
    </valueTranslation>
    <valueTranslation>
        <masterLabel>Coahuila</masterLabel>
        <translation>โกอาวีลา</translation>
    </valueTranslation>
    <valueTranslation>
        <masterLabel>Colima</masterLabel>
        <translation>โกลีมา</translation>
    </valueTranslation>
    <valueTranslation>
        <masterLabel>Colorado</masterLabel>
        <translation>โคโลราโด</translation>
    </valueTranslation>
    <valueTranslation>
        <masterLabel>Como</masterLabel>
        <translation>โคโม</translation>
    </valueTranslation>
    <valueTranslation>
        <masterLabel>Connecticut</masterLabel>
        <translation>คอนเน็กติกัต</translation>
    </valueTranslation>
    <valueTranslation>
        <masterLabel>Cork</masterLabel>
        <translation>คอร์ก</translation>
    </valueTranslation>
    <valueTranslation>
        <masterLabel>Cosenza</masterLabel>
        <translation>โคเซนซา</translation>
    </valueTranslation>
    <valueTranslation>
        <masterLabel>Cremona</masterLabel>
        <translation>ครีโมนา</translation>
    </valueTranslation>
    <valueTranslation>
        <masterLabel>Crotone</masterLabel>
        <translation>โครโทน</translation>
    </valueTranslation>
    <valueTranslation>
        <masterLabel>Cuneo</masterLabel>
        <translation>คูนีโอ</translation>
    </valueTranslation>
    <valueTranslation>
        <masterLabel>Dadra and Nagar Haveli</masterLabel>
        <translation>ดาดราและนครหเวลี</translation>
    </valueTranslation>
    <valueTranslation>
        <masterLabel>Daman and Diu</masterLabel>
        <translation>ดามันและดีอู</translation>
    </valueTranslation>
    <valueTranslation>
        <masterLabel>Delaware</masterLabel>
        <translation>เดลาแวร์</translation>
    </valueTranslation>
    <valueTranslation>
        <masterLabel>Delhi</masterLabel>
        <translation>เดลลี</translation>
    </valueTranslation>
    <valueTranslation>
        <masterLabel>District of Columbia</masterLabel>
        <translation>ดิสตริกออฟโคลัมเบีย</translation>
    </valueTranslation>
    <valueTranslation>
        <masterLabel>Distrito Federal</masterLabel>
        <translation>เฟเดอรัลดิสตริกต์ (บราซเลีย)</translation>
    </valueTranslation>
    <valueTranslation>
        <masterLabel>Donegal</masterLabel>
        <translation>โดเนกัล</translation>
    </valueTranslation>
    <valueTranslation>
        <masterLabel>Dublin</masterLabel>
        <translation>ดับบลิน</translation>
    </valueTranslation>
    <valueTranslation>
        <masterLabel>Durango</masterLabel>
        <translation>ดูรังโก</translation>
    </valueTranslation>
    <valueTranslation>
        <masterLabel>Enna</masterLabel>
        <translation>เอ็นนา</translation>
    </valueTranslation>
    <valueTranslation>
        <masterLabel>Espírito Santo</masterLabel>
        <translation>เอสพิริโตซานโต</translation>
    </valueTranslation>
    <valueTranslation>
        <masterLabel>Federal District</masterLabel>
        <translation>เฟเดอรัลดิสตริกต์</translation>
    </valueTranslation>
    <valueTranslation>
        <masterLabel>Fermo</masterLabel>
        <translation>แฟร์โม</translation>
    </valueTranslation>
    <valueTranslation>
        <masterLabel>Ferrara</masterLabel>
        <translation>เฟอร์รารา</translation>
    </valueTranslation>
    <valueTranslation>
        <masterLabel>Florence</masterLabel>
        <translation>ฟลอเรนซ์</translation>
    </valueTranslation>
    <valueTranslation>
        <masterLabel>Florida</masterLabel>
        <translation>ฟลอริดา</translation>
    </valueTranslation>
    <valueTranslation>
        <masterLabel>Foggia</masterLabel>
        <translation>ฟอจจา</translation>
    </valueTranslation>
    <valueTranslation>
        <masterLabel>Forlì-Cesena</masterLabel>
        <translation>ฟอร์ลิ-เชเซน่า</translation>
    </valueTranslation>
    <valueTranslation>
        <masterLabel>Frosinone</masterLabel>
        <translation>โฟรซิโนเน่</translation>
    </valueTranslation>
    <valueTranslation>
        <masterLabel>Fujian</masterLabel>
        <translation>ฝูเจี้ยน</translation>
    </valueTranslation>
    <valueTranslation>
        <masterLabel>Galway</masterLabel>
        <translation>กัลเวย์</translation>
    </valueTranslation>
    <valueTranslation>
        <masterLabel>Gansu</masterLabel>
        <translation>กานซู</translation>
    </valueTranslation>
    <valueTranslation>
        <masterLabel>Genoa</masterLabel>
        <translation>เจนัว</translation>
    </valueTranslation>
    <valueTranslation>
        <masterLabel>Georgia</masterLabel>
        <translation>จอร์เจีย</translation>
    </valueTranslation>
    <valueTranslation>
        <masterLabel>Goa</masterLabel>
        <translation>กัว</translation>
    </valueTranslation>
    <valueTranslation>
        <masterLabel>Goiás</masterLabel>
        <translation>โกยาส</translation>
    </valueTranslation>
    <valueTranslation>
        <masterLabel>Gorizia</masterLabel>
        <translation>โกรีเซีย</translation>
    </valueTranslation>
    <valueTranslation>
        <masterLabel>Grosseto</masterLabel>
        <translation>กรอสเซตโต</translation>
    </valueTranslation>
    <valueTranslation>
        <masterLabel>Guanajuato</masterLabel>
        <translation>กวานาคัวโต</translation>
    </valueTranslation>
    <valueTranslation>
        <masterLabel>Guangdong</masterLabel>
        <translation>กวางตุ้ง</translation>
    </valueTranslation>
    <valueTranslation>
        <masterLabel>Guangxi</masterLabel>
        <translation>กวางสี</translation>
    </valueTranslation>
    <valueTranslation>
        <masterLabel>Guerrero</masterLabel>
        <translation>เกร์เรโร</translation>
    </valueTranslation>
    <valueTranslation>
        <masterLabel>Guizhou</masterLabel>
        <translation>กุ้ยโจว</translation>
    </valueTranslation>
    <valueTranslation>
        <masterLabel>Gujarat</masterLabel>
        <translation>คุชราต</translation>
    </valueTranslation>
    <valueTranslation>
        <masterLabel>Hainan</masterLabel>
        <translation>ไหหลำ</translation>
    </valueTranslation>
    <valueTranslation>
        <masterLabel>Haryana</masterLabel>
        <translation>หรยาณา</translation>
    </valueTranslation>
    <valueTranslation>
        <masterLabel>Hawaii</masterLabel>
        <translation>ฮาวาย</translation>
    </valueTranslation>
    <valueTranslation>
        <masterLabel>Hebei</masterLabel>
        <translation>เหอเป่ย์</translation>
    </valueTranslation>
    <valueTranslation>
        <masterLabel>Heilongjiang</masterLabel>
        <translation>เฮย์หลงเจียง</translation>
    </valueTranslation>
    <valueTranslation>
        <masterLabel>Henan</masterLabel>
        <translation>เหอหนาน</translation>
    </valueTranslation>
    <valueTranslation>
        <masterLabel>Hidalgo</masterLabel>
        <translation>อีดัลโก</translation>
    </valueTranslation>
    <valueTranslation>
        <masterLabel>Himachal Pradesh</masterLabel>
        <translation>หิมาจัลประเทศ</translation>
    </valueTranslation>
    <valueTranslation>
        <masterLabel>Hong Kong</masterLabel>
        <translation>ฮ่องกง</translation>
    </valueTranslation>
    <valueTranslation>
        <masterLabel>Hubei</masterLabel>
        <translation>หูเป่ย์</translation>
    </valueTranslation>
    <valueTranslation>
        <masterLabel>Hunan</masterLabel>
        <translation>หูหนาน</translation>
    </valueTranslation>
    <valueTranslation>
        <masterLabel>Idaho</masterLabel>
        <translation>ไอดาโฮ</translation>
    </valueTranslation>
    <valueTranslation>
        <masterLabel>Illinois</masterLabel>
        <translation>อิลลินอยส์</translation>
    </valueTranslation>
    <valueTranslation>
        <masterLabel>Imperia</masterLabel>
        <translation>อิมเปเรีย</translation>
    </valueTranslation>
    <valueTranslation>
        <masterLabel>Indiana</masterLabel>
        <translation>อินเดียน่า</translation>
    </valueTranslation>
    <valueTranslation>
        <masterLabel>Iowa</masterLabel>
        <translation>ไอโอวา</translation>
    </valueTranslation>
    <valueTranslation>
        <masterLabel>Isernia</masterLabel>
        <translation>ไอเซอร์เนีย</translation>
    </valueTranslation>
    <valueTranslation>
        <masterLabel>Jalisco</masterLabel>
        <translation>ฮาลิสโก</translation>
    </valueTranslation>
    <valueTranslation>
        <masterLabel>Jammu and Kashmir</masterLabel>
        <translation>ชัมมูร์และกัศมีร์</translation>
    </valueTranslation>
    <valueTranslation>
        <masterLabel>Jharkhand</masterLabel>
        <translation>ฌาร์ขัณฑ์</translation>
    </valueTranslation>
    <valueTranslation>
        <masterLabel>Jiangsu</masterLabel>
        <translation>เจียงซู</translation>
    </valueTranslation>
    <valueTranslation>
        <masterLabel>Jiangxi</masterLabel>
        <translation>เจียงซี</translation>
    </valueTranslation>
    <valueTranslation>
        <masterLabel>Jilin</masterLabel>
        <translation>จี๋หลิน</translation>
    </valueTranslation>
    <valueTranslation>
        <masterLabel>Kansas</masterLabel>
        <translation>แคนซัส</translation>
    </valueTranslation>
    <valueTranslation>
        <masterLabel>Karnataka</masterLabel>
        <translation>กรณาฏกะ</translation>
    </valueTranslation>
    <valueTranslation>
        <masterLabel>Kentucky</masterLabel>
        <translation>เคนตั๊กกี้</translation>
    </valueTranslation>
    <valueTranslation>
        <masterLabel>Kerala</masterLabel>
        <translation>เกรละ</translation>
    </valueTranslation>
    <valueTranslation>
        <masterLabel>Kerry</masterLabel>
        <translation>เคอรี</translation>
    </valueTranslation>
    <valueTranslation>
        <masterLabel>Kildare</masterLabel>
        <translation>คิลแดร์</translation>
    </valueTranslation>
    <valueTranslation>
        <masterLabel>Kilkenny</masterLabel>
        <translation>คิลเคนนี</translation>
    </valueTranslation>
    <valueTranslation>
        <masterLabel>L&apos;Aquila</masterLabel>
        <translation>ลากวีลา</translation>
    </valueTranslation>
    <valueTranslation>
        <masterLabel>La Spezia</masterLabel>
        <translation>ลาสเปซเซีย</translation>
    </valueTranslation>
    <valueTranslation>
        <masterLabel>Lakshadweep</masterLabel>
        <translation>ลักษทวีป</translation>
    </valueTranslation>
    <valueTranslation>
        <masterLabel>Laois</masterLabel>
        <translation>ลาโออิส</translation>
    </valueTranslation>
    <valueTranslation>
        <masterLabel>Latina</masterLabel>
        <translation>ลาตินา</translation>
    </valueTranslation>
    <valueTranslation>
        <masterLabel>Lecce</masterLabel>
        <translation>เลชเช่</translation>
    </valueTranslation>
    <valueTranslation>
        <masterLabel>Lecco</masterLabel>
        <translation>เลกโก</translation>
    </valueTranslation>
    <valueTranslation>
        <masterLabel>Leitrim</masterLabel>
        <translation>ไลอิทริม</translation>
    </valueTranslation>
    <valueTranslation>
        <masterLabel>Liaoning</masterLabel>
        <translation>เหลียวหนิง</translation>
    </valueTranslation>
    <valueTranslation>
        <masterLabel>Limerick</masterLabel>
        <translation>ลิมริค</translation>
    </valueTranslation>
    <valueTranslation>
        <masterLabel>Livorno</masterLabel>
        <translation>ลิวอร์โน</translation>
    </valueTranslation>
    <valueTranslation>
        <masterLabel>Lodi</masterLabel>
        <translation>โลดิ</translation>
    </valueTranslation>
    <valueTranslation>
        <masterLabel>Longford</masterLabel>
        <translation>ลองฟอร์ด</translation>
    </valueTranslation>
    <valueTranslation>
        <masterLabel>Louisiana</masterLabel>
        <translation>หลุยเซียนา</translation>
    </valueTranslation>
    <valueTranslation>
        <masterLabel>Louth</masterLabel>
        <translation>เลาท์</translation>
    </valueTranslation>
    <valueTranslation>
        <masterLabel>Lucca</masterLabel>
        <translation>ลุคกา</translation>
    </valueTranslation>
    <valueTranslation>
        <masterLabel>Macao</masterLabel>
        <translation>มาเก๊า</translation>
    </valueTranslation>
    <valueTranslation>
        <masterLabel>Macerata</masterLabel>
        <translation>มาเซเรตา</translation>
    </valueTranslation>
    <valueTranslation>
        <masterLabel>Madhya Pradesh</masterLabel>
        <translation>มัธยประเทศ</translation>
    </valueTranslation>
    <valueTranslation>
        <masterLabel>Maharashtra</masterLabel>
        <translation>มหาราษฏระ</translation>
    </valueTranslation>
    <valueTranslation>
        <masterLabel>Maine</masterLabel>
        <translation>เมน</translation>
    </valueTranslation>
    <valueTranslation>
        <masterLabel>Manipur</masterLabel>
        <translation>มณีปุระ</translation>
    </valueTranslation>
    <valueTranslation>
        <masterLabel>Manitoba</masterLabel>
        <translation>มานิโตบา</translation>
    </valueTranslation>
    <valueTranslation>
        <masterLabel>Mantua</masterLabel>
        <translation>มานตัว</translation>
    </valueTranslation>
    <valueTranslation>
        <masterLabel>Maranhão</masterLabel>
        <translation>มารันเยา</translation>
    </valueTranslation>
    <valueTranslation>
        <masterLabel>Maryland</masterLabel>
        <translation>แมรี่แลนด์</translation>
    </valueTranslation>
    <valueTranslation>
        <masterLabel>Massa and Carrara</masterLabel>
        <translation>มาสซ่าและคาร์ราร่า</translation>
    </valueTranslation>
    <valueTranslation>
        <masterLabel>Massachusetts</masterLabel>
        <translation>แมสซาชูเซตต์</translation>
    </valueTranslation>
    <valueTranslation>
        <masterLabel>Matera</masterLabel>
        <translation>มาเทรา</translation>
    </valueTranslation>
    <valueTranslation>
        <masterLabel>Mato Grosso</masterLabel>
        <translation>มาร์ตูโกรสซู</translation>
    </valueTranslation>
    <valueTranslation>
        <masterLabel>Mato Grosso do Sul</masterLabel>
        <translation>มาร์ตูโกรสซูโดซูล</translation>
    </valueTranslation>
    <valueTranslation>
        <masterLabel>Mayo</masterLabel>
        <translation>มาโย</translation>
    </valueTranslation>
    <valueTranslation>
        <masterLabel>Meath</masterLabel>
        <translation>มีธ</translation>
    </valueTranslation>
    <valueTranslation>
        <masterLabel>Medio Campidano</masterLabel>
        <translation>เมดีโอกัมปีดาโน</translation>
    </valueTranslation>
    <valueTranslation>
        <masterLabel>Meghalaya</masterLabel>
        <translation>เมฆาลัย</translation>
    </valueTranslation>
    <valueTranslation>
        <masterLabel>Messina</masterLabel>
        <translation>เมสซินา</translation>
    </valueTranslation>
    <valueTranslation>
        <masterLabel>Mexico State</masterLabel>
        <translation>เม็กซิโก</translation>
    </valueTranslation>
    <valueTranslation>
        <masterLabel>Michigan</masterLabel>
        <translation>มิชิแกน</translation>
    </valueTranslation>
    <valueTranslation>
        <masterLabel>Michoacán</masterLabel>
        <translation>มิโชอากัง</translation>
    </valueTranslation>
    <valueTranslation>
        <masterLabel>Milan</masterLabel>
        <translation>มิลาน</translation>
    </valueTranslation>
    <valueTranslation>
        <masterLabel>Minas Gerais</masterLabel>
        <translation>มีนัสเชไรส์</translation>
    </valueTranslation>
    <valueTranslation>
        <masterLabel>Minnesota</masterLabel>
        <translation>มินเนโซตา</translation>
    </valueTranslation>
    <valueTranslation>
        <masterLabel>Mississippi</masterLabel>
        <translation>มิสซิสซิปปี้</translation>
    </valueTranslation>
    <valueTranslation>
        <masterLabel>Missouri</masterLabel>
        <translation>มิสซูรี</translation>
    </valueTranslation>
    <valueTranslation>
        <masterLabel>Mizoram</masterLabel>
        <translation>มิโซรัม</translation>
    </valueTranslation>
    <valueTranslation>
        <masterLabel>Modena</masterLabel>
        <translation>โมเดนา</translation>
    </valueTranslation>
    <valueTranslation>
        <masterLabel>Monaghan</masterLabel>
        <translation>โมนากาน</translation>
    </valueTranslation>
    <valueTranslation>
        <masterLabel>Montana</masterLabel>
        <translation>มอนตานา</translation>
    </valueTranslation>
    <valueTranslation>
        <masterLabel>Monza and Brianza</masterLabel>
        <translation>มอนซาและบริอันซา</translation>
    </valueTranslation>
    <valueTranslation>
        <masterLabel>Morelos</masterLabel>
        <translation>มอเรโลส</translation>
    </valueTranslation>
    <valueTranslation>
        <masterLabel>Nagaland</masterLabel>
        <translation>นาคาแลนด์</translation>
    </valueTranslation>
    <valueTranslation>
        <masterLabel>Naples</masterLabel>
        <translation>เนเปิลส์</translation>
    </valueTranslation>
    <valueTranslation>
        <masterLabel>Nayarit</masterLabel>
        <translation>นายาริต</translation>
    </valueTranslation>
    <valueTranslation>
        <masterLabel>Nebraska</masterLabel>
        <translation>เนบราสกา</translation>
    </valueTranslation>
    <valueTranslation>
        <masterLabel>Nei Mongol</masterLabel>
        <translation>มองโกเลียใน</translation>
    </valueTranslation>
    <valueTranslation>
        <masterLabel>Nevada</masterLabel>
        <translation>เนวาดา</translation>
    </valueTranslation>
    <valueTranslation>
        <masterLabel>New Brunswick</masterLabel>
        <translation>นิวบรุนสวิค</translation>
    </valueTranslation>
    <valueTranslation>
        <masterLabel>New Hampshire</masterLabel>
        <translation>นิวแฮมเชียร์</translation>
    </valueTranslation>
    <valueTranslation>
        <masterLabel>New Jersey</masterLabel>
        <translation>นิวเจอร์ซีย์</translation>
    </valueTranslation>
    <valueTranslation>
        <masterLabel>New Mexico</masterLabel>
        <translation>นิวเม็กซิโก</translation>
    </valueTranslation>
    <valueTranslation>
        <masterLabel>New South Wales</masterLabel>
        <translation>นิวเซาท์เวลส์</translation>
    </valueTranslation>
    <valueTranslation>
        <masterLabel>New York</masterLabel>
        <translation>นิวยอร์ค</translation>
    </valueTranslation>
    <valueTranslation>
        <masterLabel>Newfoundland and Labrador</masterLabel>
        <translation>นิวฟาวนด์แลนด์แอนด์แลบราดอร์</translation>
    </valueTranslation>
    <valueTranslation>
        <masterLabel>Ningxia</masterLabel>
        <translation>หนิงเซี่ย</translation>
    </valueTranslation>
    <valueTranslation>
        <masterLabel>North Carolina</masterLabel>
        <translation>นอร์ธแคโรไลนา</translation>
    </valueTranslation>
    <valueTranslation>
        <masterLabel>North Dakota</masterLabel>
        <translation>นอร์ธดาโกต้า</translation>
    </valueTranslation>
    <valueTranslation>
        <masterLabel>Northern Territory</masterLabel>
        <translation>นอร์เทิร์นเทร์ริทอรี</translation>
    </valueTranslation>
    <valueTranslation>
        <masterLabel>Northwest Territories</masterLabel>
        <translation>นอร์ทเวสต์เทร์ริทอรีส์</translation>
    </valueTranslation>
    <valueTranslation>
        <masterLabel>Nova Scotia</masterLabel>
        <translation>โนวาสโกเชีย</translation>
    </valueTranslation>
    <valueTranslation>
        <masterLabel>Novara</masterLabel>
        <translation>โนวารา</translation>
    </valueTranslation>
    <valueTranslation>
        <masterLabel>Nuevo León</masterLabel>
        <translation>นวยโวเลออง</translation>
    </valueTranslation>
    <valueTranslation>
        <masterLabel>Nunavut</masterLabel>
        <translation>นูนาวุต</translation>
    </valueTranslation>
    <valueTranslation>
        <masterLabel>Nuoro</masterLabel>
        <translation>นูออโร</translation>
    </valueTranslation>
    <valueTranslation>
        <masterLabel>Oaxaca</masterLabel>
        <translation>วาฮากา</translation>
    </valueTranslation>
    <valueTranslation>
        <masterLabel>Odisha</masterLabel>
        <translation>โอริสสา</translation>
    </valueTranslation>
    <valueTranslation>
        <masterLabel>Offaly</masterLabel>
        <translation>ออฟาลี</translation>
    </valueTranslation>
    <valueTranslation>
        <masterLabel>Ogliastra</masterLabel>
        <translation>โอลยัสตรา</translation>
    </valueTranslation>
    <valueTranslation>
        <masterLabel>Ohio</masterLabel>
        <translation>โอไฮโอ</translation>
    </valueTranslation>
    <valueTranslation>
        <masterLabel>Oklahoma</masterLabel>
        <translation>โอกลาโฮมา</translation>
    </valueTranslation>
    <valueTranslation>
        <masterLabel>Olbia-Tempio</masterLabel>
        <translation>ออลเบีย-เตมปีโอ</translation>
    </valueTranslation>
    <valueTranslation>
        <masterLabel>Ontario</masterLabel>
        <translation>ออนตาริโอ</translation>
    </valueTranslation>
    <valueTranslation>
        <masterLabel>Oregon</masterLabel>
        <translation>โอเรกอน</translation>
    </valueTranslation>
    <valueTranslation>
        <masterLabel>Oristano</masterLabel>
        <translation>โอริสตาโน</translation>
    </valueTranslation>
    <valueTranslation>
        <masterLabel>Padua</masterLabel>
        <translation>แพดัว</translation>
    </valueTranslation>
    <valueTranslation>
        <masterLabel>Palermo</masterLabel>
        <translation>พาเลอโม</translation>
    </valueTranslation>
    <valueTranslation>
        <masterLabel>Paraná</masterLabel>
        <translation>พารานา</translation>
    </valueTranslation>
    <valueTranslation>
        <masterLabel>Paraíba</masterLabel>
        <translation>พาไรบา</translation>
    </valueTranslation>
    <valueTranslation>
        <masterLabel>Parma</masterLabel>
        <translation>พาร์มา</translation>
    </valueTranslation>
    <valueTranslation>
        <masterLabel>Pará</masterLabel>
        <translation>พารา</translation>
    </valueTranslation>
    <valueTranslation>
        <masterLabel>Pavia</masterLabel>
        <translation>พาเวีย</translation>
    </valueTranslation>
    <valueTranslation>
        <masterLabel>Pennsylvania</masterLabel>
        <translation>เพนซิลเวเนีย</translation>
    </valueTranslation>
    <valueTranslation>
        <masterLabel>Pernambuco</masterLabel>
        <translation>เปร์นัมบูกู</translation>
    </valueTranslation>
    <valueTranslation>
        <masterLabel>Perugia</masterLabel>
        <translation>พารูเจีย</translation>
    </valueTranslation>
    <valueTranslation>
        <masterLabel>Pesaro and Urbino</masterLabel>
        <translation>ปีซาโรและอูร์บีโน</translation>
    </valueTranslation>
    <valueTranslation>
        <masterLabel>Pescara</masterLabel>
        <translation>เปสการา</translation>
    </valueTranslation>
    <valueTranslation>
        <masterLabel>Piacenza</masterLabel>
        <translation>เพียเชนซา</translation>
    </valueTranslation>
    <valueTranslation>
        <masterLabel>Piauí</masterLabel>
        <translation>เปียอู</translation>
    </valueTranslation>
    <valueTranslation>
        <masterLabel>Pisa</masterLabel>
        <translation>ปิซ่า</translation>
    </valueTranslation>
    <valueTranslation>
        <masterLabel>Pistoia</masterLabel>
        <translation>ปิสโตยา</translation>
    </valueTranslation>
    <valueTranslation>
        <masterLabel>Pordenone</masterLabel>
        <translation>ปอร์เดโนเน่</translation>
    </valueTranslation>
    <valueTranslation>
        <masterLabel>Potenza</masterLabel>
        <translation>โปเตนซา</translation>
    </valueTranslation>
    <valueTranslation>
        <masterLabel>Prato</masterLabel>
        <translation>ปราโต</translation>
    </valueTranslation>
    <valueTranslation>
        <masterLabel>Prince Edward Island</masterLabel>
        <translation>พรินซ์ เอ็ดเวิร์ด ไอร์แลนด์</translation>
    </valueTranslation>
    <valueTranslation>
        <masterLabel>Puducherry</masterLabel>
        <translation>ปุทุจเจจี</translation>
    </valueTranslation>
    <valueTranslation>
        <masterLabel>Puebla</masterLabel>
        <translation>ปวยบลา</translation>
    </valueTranslation>
    <valueTranslation>
        <masterLabel>Punjab</masterLabel>
        <translation>ปัญจาบ</translation>
    </valueTranslation>
    <valueTranslation>
        <masterLabel>Qinghai</masterLabel>
        <translation>ซิงไฮ</translation>
    </valueTranslation>
    <valueTranslation>
        <masterLabel>Quebec</masterLabel>
        <translation>ควิเบก</translation>
    </valueTranslation>
    <valueTranslation>
        <masterLabel>Queensland</masterLabel>
        <translation>ควีนส์แลนด์</translation>
    </valueTranslation>
    <valueTranslation>
        <masterLabel>Querétaro</masterLabel>
        <translation>เกเรตาโร</translation>
    </valueTranslation>
    <valueTranslation>
        <masterLabel>Quintana Roo</masterLabel>
        <translation>กินตานาโร</translation>
    </valueTranslation>
    <valueTranslation>
        <masterLabel>Ragusa</masterLabel>
        <translation>รากูซา</translation>
    </valueTranslation>
    <valueTranslation>
        <masterLabel>Rajasthan</masterLabel>
        <translation>ราชสถาน</translation>
    </valueTranslation>
    <valueTranslation>
        <masterLabel>Ravenna</masterLabel>
        <translation>ราเวนนา</translation>
    </valueTranslation>
    <valueTranslation>
        <masterLabel>Reggio Calabria</masterLabel>
        <translation>เรจโจกาลาเบรีย</translation>
    </valueTranslation>
    <valueTranslation>
        <masterLabel>Reggio Emilia</masterLabel>
        <translation>เรจโจเอมิเลีย</translation>
    </valueTranslation>
    <valueTranslation>
        <masterLabel>Rhode Island</masterLabel>
        <translation>โรดไอร์แลนด์</translation>
    </valueTranslation>
    <valueTranslation>
        <masterLabel>Rieti</masterLabel>
        <translation>ริเอติ</translation>
    </valueTranslation>
    <valueTranslation>
        <masterLabel>Rimini</masterLabel>
        <translation>ริมินิ</translation>
    </valueTranslation>
    <valueTranslation>
        <masterLabel>Rio Grande do Norte</masterLabel>
        <translation>รีโอกรันดีโดนอร์เต</translation>
    </valueTranslation>
    <valueTranslation>
        <masterLabel>Rio Grande do Sul</masterLabel>
        <translation>รีโอกรันดีโดซูล</translation>
    </valueTranslation>
    <valueTranslation>
        <masterLabel>Rio de Janeiro</masterLabel>
        <translation>รีโอเดจาเนโร</translation>
    </valueTranslation>
    <valueTranslation>
        <masterLabel>Rome</masterLabel>
        <translation>โรม</translation>
    </valueTranslation>
    <valueTranslation>
        <masterLabel>Rondônia</masterLabel>
        <translation>โรโดนยา</translation>
    </valueTranslation>
    <valueTranslation>
        <masterLabel>Roraima</masterLabel>
        <translation>รอไรมา</translation>
    </valueTranslation>
    <valueTranslation>
        <masterLabel>Roscommon</masterLabel>
        <translation>รอสคอมมอน</translation>
    </valueTranslation>
    <valueTranslation>
        <masterLabel>Rovigo</masterLabel>
        <translation>โรวีโก</translation>
    </valueTranslation>
    <valueTranslation>
        <masterLabel>Salerno</masterLabel>
        <translation>ซาเลอร์โน</translation>
    </valueTranslation>
    <valueTranslation>
        <masterLabel>San Luis Potosí</masterLabel>
        <translation>ซันลุยส์โปโตซี</translation>
    </valueTranslation>
    <valueTranslation>
        <masterLabel>Santa Catarina</masterLabel>
        <translation>ซันตากาตารีนา</translation>
    </valueTranslation>
    <valueTranslation>
        <masterLabel>Saskatchewan</masterLabel>
        <translation>ซัสแคตเชวัน</translation>
    </valueTranslation>
    <valueTranslation>
        <masterLabel>Sassari</masterLabel>
        <translation>ซัสซารี</translation>
    </valueTranslation>
    <valueTranslation>
        <masterLabel>Savona</masterLabel>
        <translation>ซาวอนา</translation>
    </valueTranslation>
    <valueTranslation>
        <masterLabel>Sergipe</masterLabel>
        <translation>เซร์ซิเป</translation>
    </valueTranslation>
    <valueTranslation>
        <masterLabel>Shaanxi</masterLabel>
        <translation>ฉ่านซี</translation>
    </valueTranslation>
    <valueTranslation>
        <masterLabel>Shandong</masterLabel>
        <translation>ชานตง</translation>
    </valueTranslation>
    <valueTranslation>
        <masterLabel>Shanghai</masterLabel>
        <translation>เซี่ยงไฮ้</translation>
    </valueTranslation>
    <valueTranslation>
        <masterLabel>Shanxi</masterLabel>
        <translation>ชานซี</translation>
    </valueTranslation>
    <valueTranslation>
        <masterLabel>Sichuan</masterLabel>
        <translation>เสฉวน</translation>
    </valueTranslation>
    <valueTranslation>
        <masterLabel>Siena</masterLabel>
        <translation>ซิเอนา</translation>
    </valueTranslation>
    <valueTranslation>
        <masterLabel>Sikkim</masterLabel>
        <translation>สิกขิม</translation>
    </valueTranslation>
    <valueTranslation>
        <masterLabel>Sinaloa</masterLabel>
        <translation>ซีนาโลอา</translation>
    </valueTranslation>
    <valueTranslation>
        <masterLabel>Sligo</masterLabel>
        <translation>สลิโก</translation>
    </valueTranslation>
    <valueTranslation>
        <masterLabel>Sondrio</masterLabel>
        <translation>โซนดริโอ</translation>
    </valueTranslation>
    <valueTranslation>
        <masterLabel>Sonora</masterLabel>
        <translation>โซโนรา</translation>
    </valueTranslation>
    <valueTranslation>
        <masterLabel>South Australia</masterLabel>
        <translation>เซาท์ออสเตรเลีย</translation>
    </valueTranslation>
    <valueTranslation>
        <masterLabel>South Carolina</masterLabel>
        <translation>เซาธ์แคโรไลนา</translation>
    </valueTranslation>
    <valueTranslation>
        <masterLabel>South Dakota</masterLabel>
        <translation>เซาธ์ดาโกต้า</translation>
    </valueTranslation>
    <valueTranslation>
        <masterLabel>Syracuse</masterLabel>
        <translation>ซีราคิวส์</translation>
    </valueTranslation>
    <valueTranslation>
        <masterLabel>São Paulo</masterLabel>
        <translation>เซาเปาโล</translation>
    </valueTranslation>
    <valueTranslation>
        <masterLabel>Tabasco</masterLabel>
        <translation>ตาบัสโก</translation>
    </valueTranslation>
    <valueTranslation>
        <masterLabel>Tamaulipas</masterLabel>
        <translation>ตาเมาลีปัส</translation>
    </valueTranslation>
    <valueTranslation>
        <masterLabel>Tamil Nadu</masterLabel>
        <translation>ทมิฬนาฑู</translation>
    </valueTranslation>
    <valueTranslation>
        <masterLabel>Taranto</masterLabel>
        <translation>ตารันโต</translation>
    </valueTranslation>
    <valueTranslation>
        <masterLabel>Tasmania</masterLabel>
        <translation>ทัสมาเนีย</translation>
    </valueTranslation>
    <valueTranslation>
        <masterLabel>Tennessee</masterLabel>
        <translation>เทนเนสซี</translation>
    </valueTranslation>
    <valueTranslation>
        <masterLabel>Teramo</masterLabel>
        <translation>เตราโม</translation>
    </valueTranslation>
    <valueTranslation>
        <masterLabel>Terni</masterLabel>
        <translation>เตอร์นิ</translation>
    </valueTranslation>
    <valueTranslation>
        <masterLabel>Texas</masterLabel>
        <translation>เท็กซัส</translation>
    </valueTranslation>
    <valueTranslation>
        <masterLabel>Tianjin</masterLabel>
        <translation>เทียนจิน</translation>
    </valueTranslation>
    <valueTranslation>
        <masterLabel>Tipperary</masterLabel>
        <translation>ทิเพรารี</translation>
    </valueTranslation>
    <valueTranslation>
        <masterLabel>Tlaxcala</masterLabel>
        <translation>ตลัซกาลา</translation>
    </valueTranslation>
    <valueTranslation>
        <masterLabel>Tocantins</masterLabel>
        <translation>โตกันตินส์</translation>
    </valueTranslation>
    <valueTranslation>
        <masterLabel>Trapani</masterLabel>
        <translation>ตราปานิ</translation>
    </valueTranslation>
    <valueTranslation>
        <masterLabel>Trento</masterLabel>
        <translation>เตรนโต</translation>
    </valueTranslation>
    <valueTranslation>
        <masterLabel>Treviso</masterLabel>
        <translation>เตรวิโซ</translation>
    </valueTranslation>
    <valueTranslation>
        <masterLabel>Trieste</masterLabel>
        <translation>ตรีเอสเต</translation>
    </valueTranslation>
    <valueTranslation>
        <masterLabel>Tripura</masterLabel>
        <translation>ตริปุระ</translation>
    </valueTranslation>
    <valueTranslation>
        <masterLabel>Turin</masterLabel>
        <translation>ตูริน</translation>
    </valueTranslation>
    <valueTranslation>
        <masterLabel>Udine</masterLabel>
        <translation>อูดิเน</translation>
    </valueTranslation>
    <valueTranslation>
        <masterLabel>Utah</masterLabel>
        <translation>ยูท่าห์</translation>
    </valueTranslation>
    <valueTranslation>
        <masterLabel>Uttar Pradesh</masterLabel>
        <translation>อุตตรประเทศ</translation>
    </valueTranslation>
    <valueTranslation>
        <masterLabel>Uttarakhand</masterLabel>
        <translation>อุตตราขัณฑ์</translation>
    </valueTranslation>
    <valueTranslation>
        <masterLabel>Varese</masterLabel>
        <translation>วาเรเซ</translation>
    </valueTranslation>
    <valueTranslation>
        <masterLabel>Venice</masterLabel>
        <translation>เวนิส</translation>
    </valueTranslation>
    <valueTranslation>
        <masterLabel>Veracruz</masterLabel>
        <translation>เวรากรูซ</translation>
    </valueTranslation>
    <valueTranslation>
        <masterLabel>Verbano-Cusio-Ossola</masterLabel>
        <translation>เวอบาโน-คูซิโอ-ออสโซลา</translation>
    </valueTranslation>
    <valueTranslation>
        <masterLabel>Vercelli</masterLabel>
        <translation>เวอเชลลิ</translation>
    </valueTranslation>
    <valueTranslation>
        <masterLabel>Vermont</masterLabel>
        <translation>เวอร์มองต์</translation>
    </valueTranslation>
    <valueTranslation>
        <masterLabel>Verona</masterLabel>
        <translation>เวโรนา</translation>
    </valueTranslation>
    <valueTranslation>
        <masterLabel>Vibo Valentia</masterLabel>
        <translation>วีโบ วาเลเตีย</translation>
    </valueTranslation>
    <valueTranslation>
        <masterLabel>Vicenza</masterLabel>
        <translation>วิเชนซา</translation>
    </valueTranslation>
    <valueTranslation>
        <masterLabel>Victoria</masterLabel>
        <translation>วิกตอเรีย</translation>
    </valueTranslation>
    <valueTranslation>
        <masterLabel>Virginia</masterLabel>
        <translation>เวอร์จิเนีย</translation>
    </valueTranslation>
    <valueTranslation>
        <masterLabel>Viterbo</masterLabel>
        <translation>วิแตร์โบ</translation>
    </valueTranslation>
    <valueTranslation>
        <masterLabel>Washington</masterLabel>
        <translation>วอชิงตัน</translation>
    </valueTranslation>
    <valueTranslation>
        <masterLabel>Waterford</masterLabel>
        <translation>วอเตอร์ฟอร์ด</translation>
    </valueTranslation>
    <valueTranslation>
        <masterLabel>West Bengal</masterLabel>
        <translation>เบงกอลตะวันตก</translation>
    </valueTranslation>
    <valueTranslation>
        <masterLabel>West Virginia</masterLabel>
        <translation>เวสต์เวอร์จิเนีย</translation>
    </valueTranslation>
    <valueTranslation>
        <masterLabel>Western Australia</masterLabel>
        <translation>เวสเทิร์นออสเตรเลีย</translation>
    </valueTranslation>
    <valueTranslation>
        <masterLabel>Westmeath</masterLabel>
        <translation>เวสท์มีธ</translation>
    </valueTranslation>
    <valueTranslation>
        <masterLabel>Wexford</masterLabel>
        <translation>เว็กซ์ฟอร์</translation>
    </valueTranslation>
    <valueTranslation>
        <masterLabel>Wicklow</masterLabel>
        <translation>วิกลอ</translation>
    </valueTranslation>
    <valueTranslation>
        <masterLabel>Wisconsin</masterLabel>
        <translation>วิสคอนซิน</translation>
    </valueTranslation>
    <valueTranslation>
        <masterLabel>Wyoming</masterLabel>
        <translation>ไวโอมิง</translation>
    </valueTranslation>
    <valueTranslation>
        <masterLabel>Xinjiang</masterLabel>
        <translation>ซินเจียง</translation>
    </valueTranslation>
    <valueTranslation>
        <masterLabel>Xizang</masterLabel>
        <translation>ทิเบต</translation>
    </valueTranslation>
    <valueTranslation>
        <masterLabel>Yucatán</masterLabel>
        <translation>ยูกาตัง</translation>
    </valueTranslation>
    <valueTranslation>
        <masterLabel>Yukon Territories</masterLabel>
        <translation>ยูคอนเทร์ริทอรีส์</translation>
    </valueTranslation>
    <valueTranslation>
        <masterLabel>Yunnan</masterLabel>
        <translation>ยูนนาน</translation>
    </valueTranslation>
    <valueTranslation>
        <masterLabel>Zacatecas</masterLabel>
        <translation>ซากาเตกัส</translation>
    </valueTranslation>
    <valueTranslation>
        <masterLabel>Zhejiang</masterLabel>
        <translation>เจ้อเจียง</translation>
    </valueTranslation>
</StandardValueSetTranslation>
