<?xml version="1.0" encoding="UTF-8"?>
<StandardValueSetTranslation xmlns="http://soap.sforce.com/2006/04/metadata">
    <valueTranslation>
        <masterLabel>Afghanistan</masterLabel>
        <translation>Afghanistan</translation>
    </valueTranslation>
    <valueTranslation>
        <masterLabel>Aland Islands</masterLabel>
        <translation>Åland</translation>
    </valueTranslation>
    <valueTranslation>
        <masterLabel>Albania</masterLabel>
        <translation>Albania</translation>
    </valueTranslation>
    <valueTranslation>
        <masterLabel>Algeria</masterLabel>
        <translation>Algerie</translation>
    </valueTranslation>
    <valueTranslation>
        <masterLabel>Andorra</masterLabel>
        <translation>Andorra</translation>
    </valueTranslation>
    <valueTranslation>
        <masterLabel>Angola</masterLabel>
        <translation>Angola</translation>
    </valueTranslation>
    <valueTranslation>
        <masterLabel>Anguilla</masterLabel>
        <translation>Anguilla</translation>
    </valueTranslation>
    <valueTranslation>
        <masterLabel>Antarctica</masterLabel>
        <translation>Antarktis</translation>
    </valueTranslation>
    <valueTranslation>
        <masterLabel>Antigua and Barbuda</masterLabel>
        <translation>Antigua og Barbuda</translation>
    </valueTranslation>
    <valueTranslation>
        <masterLabel>Argentina</masterLabel>
        <translation>Argentina</translation>
    </valueTranslation>
    <valueTranslation>
        <masterLabel>Armenia</masterLabel>
        <translation>Armenia</translation>
    </valueTranslation>
    <valueTranslation>
        <masterLabel>Aruba</masterLabel>
        <translation>Aruba</translation>
    </valueTranslation>
    <valueTranslation>
        <masterLabel>Australia</masterLabel>
        <translation>Australia</translation>
    </valueTranslation>
    <valueTranslation>
        <masterLabel>Austria</masterLabel>
        <translation>Østerrike</translation>
    </valueTranslation>
    <valueTranslation>
        <masterLabel>Azerbaijan</masterLabel>
        <translation>Aserbajdsjan</translation>
    </valueTranslation>
    <valueTranslation>
        <masterLabel>Bahamas</masterLabel>
        <translation>Bahamas</translation>
    </valueTranslation>
    <valueTranslation>
        <masterLabel>Bahrain</masterLabel>
        <translation>Bahrain</translation>
    </valueTranslation>
    <valueTranslation>
        <masterLabel>Bangladesh</masterLabel>
        <translation>Bangladesh</translation>
    </valueTranslation>
    <valueTranslation>
        <masterLabel>Barbados</masterLabel>
        <translation>Barbados</translation>
    </valueTranslation>
    <valueTranslation>
        <masterLabel>Belarus</masterLabel>
        <translation>Hviterussland</translation>
    </valueTranslation>
    <valueTranslation>
        <masterLabel>Belgium</masterLabel>
        <translation>Belgia</translation>
    </valueTranslation>
    <valueTranslation>
        <masterLabel>Belize</masterLabel>
        <translation>Belize</translation>
    </valueTranslation>
    <valueTranslation>
        <masterLabel>Benin</masterLabel>
        <translation>Benin</translation>
    </valueTranslation>
    <valueTranslation>
        <masterLabel>Bermuda</masterLabel>
        <translation>Bermuda</translation>
    </valueTranslation>
    <valueTranslation>
        <masterLabel>Bhutan</masterLabel>
        <translation>Bhutan</translation>
    </valueTranslation>
    <valueTranslation>
        <masterLabel>Bolivia, Plurinational State of</masterLabel>
        <translation>Bolivia, Den flernasjonale staten</translation>
    </valueTranslation>
    <valueTranslation>
        <masterLabel>Bonaire, Sint Eustatius and Saba</masterLabel>
        <translation>Bonaire, Sint Eustatius og Saba</translation>
    </valueTranslation>
    <valueTranslation>
        <masterLabel>Bosnia and Herzegovina</masterLabel>
        <translation>Bosnia-Hercegovina</translation>
    </valueTranslation>
    <valueTranslation>
        <masterLabel>Botswana</masterLabel>
        <translation>Botswana</translation>
    </valueTranslation>
    <valueTranslation>
        <masterLabel>Bouvet Island</masterLabel>
        <translation>Bouvetøya</translation>
    </valueTranslation>
    <valueTranslation>
        <masterLabel>Brazil</masterLabel>
        <translation>Brasil</translation>
    </valueTranslation>
    <valueTranslation>
        <masterLabel>British Indian Ocean Territory</masterLabel>
        <translation>Det britiske territoriet i Indiahavet</translation>
    </valueTranslation>
    <valueTranslation>
        <masterLabel>Brunei Darussalam</masterLabel>
        <translation>Brunei Darussalam</translation>
    </valueTranslation>
    <valueTranslation>
        <masterLabel>Bulgaria</masterLabel>
        <translation>Bulgaria</translation>
    </valueTranslation>
    <valueTranslation>
        <masterLabel>Burkina Faso</masterLabel>
        <translation>Burkina Faso</translation>
    </valueTranslation>
    <valueTranslation>
        <masterLabel>Burundi</masterLabel>
        <translation>Burundi</translation>
    </valueTranslation>
    <valueTranslation>
        <masterLabel>Cambodia</masterLabel>
        <translation>Kambodsja</translation>
    </valueTranslation>
    <valueTranslation>
        <masterLabel>Cameroon</masterLabel>
        <translation>Kamerun</translation>
    </valueTranslation>
    <valueTranslation>
        <masterLabel>Canada</masterLabel>
        <translation>Canada</translation>
    </valueTranslation>
    <valueTranslation>
        <masterLabel>Cape Verde</masterLabel>
        <translation>Kapp Verde</translation>
    </valueTranslation>
    <valueTranslation>
        <masterLabel>Cayman Islands</masterLabel>
        <translation>Caymanøyene</translation>
    </valueTranslation>
    <valueTranslation>
        <masterLabel>Central African Republic</masterLabel>
        <translation>Den sentralafrikanske republikk</translation>
    </valueTranslation>
    <valueTranslation>
        <masterLabel>Chad</masterLabel>
        <translation>Tsjad</translation>
    </valueTranslation>
    <valueTranslation>
        <masterLabel>Chile</masterLabel>
        <translation>Chile</translation>
    </valueTranslation>
    <valueTranslation>
        <masterLabel>China</masterLabel>
        <translation>Kina</translation>
    </valueTranslation>
    <valueTranslation>
        <masterLabel>Chinese Taipei</masterLabel>
        <translation>Taiwan</translation>
    </valueTranslation>
    <valueTranslation>
        <masterLabel>Christmas Island</masterLabel>
        <translation>Christmas-øya</translation>
    </valueTranslation>
    <valueTranslation>
        <masterLabel>Cocos (Keeling) Islands</masterLabel>
        <translation>Kokosøyene (Keeling)</translation>
    </valueTranslation>
    <valueTranslation>
        <masterLabel>Colombia</masterLabel>
        <translation>Colombia</translation>
    </valueTranslation>
    <valueTranslation>
        <masterLabel>Comoros</masterLabel>
        <translation>Komorene</translation>
    </valueTranslation>
    <valueTranslation>
        <masterLabel>Congo</masterLabel>
        <translation>Kongo</translation>
    </valueTranslation>
    <valueTranslation>
        <masterLabel>Congo, the Democratic Republic of the</masterLabel>
        <translation>Kongo, Den demokratiske republikken</translation>
    </valueTranslation>
    <valueTranslation>
        <masterLabel>Cook Islands</masterLabel>
        <translation>Cookøyene</translation>
    </valueTranslation>
    <valueTranslation>
        <masterLabel>Costa Rica</masterLabel>
        <translation>Costa Rica</translation>
    </valueTranslation>
    <valueTranslation>
        <masterLabel>Cote d&apos;Ivoire</masterLabel>
        <translation>Cote d&apos;Ivoire</translation>
    </valueTranslation>
    <valueTranslation>
        <masterLabel>Croatia</masterLabel>
        <translation>Kroatia</translation>
    </valueTranslation>
    <valueTranslation>
        <masterLabel>Cuba</masterLabel>
        <translation>Cuba</translation>
    </valueTranslation>
    <valueTranslation>
        <masterLabel>Curaçao</masterLabel>
        <translation>Curaçao</translation>
    </valueTranslation>
    <valueTranslation>
        <masterLabel>Cyprus</masterLabel>
        <translation>Kypros</translation>
    </valueTranslation>
    <valueTranslation>
        <masterLabel>Czech Republic</masterLabel>
        <translation>Tsjekkia</translation>
    </valueTranslation>
    <valueTranslation>
        <masterLabel>Denmark</masterLabel>
        <translation>Danmark</translation>
    </valueTranslation>
    <valueTranslation>
        <masterLabel>Djibouti</masterLabel>
        <translation>Djibouti</translation>
    </valueTranslation>
    <valueTranslation>
        <masterLabel>Dominica</masterLabel>
        <translation>Dominica</translation>
    </valueTranslation>
    <valueTranslation>
        <masterLabel>Dominican Republic</masterLabel>
        <translation>Den dominikanske republikk</translation>
    </valueTranslation>
    <valueTranslation>
        <masterLabel>Ecuador</masterLabel>
        <translation>Ecuador</translation>
    </valueTranslation>
    <valueTranslation>
        <masterLabel>Egypt</masterLabel>
        <translation>Egypt</translation>
    </valueTranslation>
    <valueTranslation>
        <masterLabel>El Salvador</masterLabel>
        <translation>El Salvador</translation>
    </valueTranslation>
    <valueTranslation>
        <masterLabel>Equatorial Guinea</masterLabel>
        <translation>Ekvatorial-Guinea</translation>
    </valueTranslation>
    <valueTranslation>
        <masterLabel>Eritrea</masterLabel>
        <translation>Eritrea</translation>
    </valueTranslation>
    <valueTranslation>
        <masterLabel>Estonia</masterLabel>
        <translation>Estland</translation>
    </valueTranslation>
    <valueTranslation>
        <masterLabel>Ethiopia</masterLabel>
        <translation>Etiopia</translation>
    </valueTranslation>
    <valueTranslation>
        <masterLabel>Falkland Islands (Malvinas)</masterLabel>
        <translation>Falklandsøyene (Islas Malvinas)</translation>
    </valueTranslation>
    <valueTranslation>
        <masterLabel>Faroe Islands</masterLabel>
        <translation>Færøyene</translation>
    </valueTranslation>
    <valueTranslation>
        <masterLabel>Fiji</masterLabel>
        <translation>Fiji</translation>
    </valueTranslation>
    <valueTranslation>
        <masterLabel>Finland</masterLabel>
        <translation>Finland</translation>
    </valueTranslation>
    <valueTranslation>
        <masterLabel>France</masterLabel>
        <translation>Frankrike</translation>
    </valueTranslation>
    <valueTranslation>
        <masterLabel>French Guiana</masterLabel>
        <translation>Fransk Guyana</translation>
    </valueTranslation>
    <valueTranslation>
        <masterLabel>French Polynesia</masterLabel>
        <translation>Fransk Polynesia</translation>
    </valueTranslation>
    <valueTranslation>
        <masterLabel>French Southern Territories</masterLabel>
        <translation>Franske territorier i sør</translation>
    </valueTranslation>
    <valueTranslation>
        <masterLabel>Gabon</masterLabel>
        <translation>Gabon</translation>
    </valueTranslation>
    <valueTranslation>
        <masterLabel>Gambia</masterLabel>
        <translation>Gambia</translation>
    </valueTranslation>
    <valueTranslation>
        <masterLabel>Georgia</masterLabel>
        <translation>Georgia</translation>
    </valueTranslation>
    <valueTranslation>
        <masterLabel>Germany</masterLabel>
        <translation>Tyskland</translation>
    </valueTranslation>
    <valueTranslation>
        <masterLabel>Ghana</masterLabel>
        <translation>Ghana</translation>
    </valueTranslation>
    <valueTranslation>
        <masterLabel>Gibraltar</masterLabel>
        <translation>Gibraltar</translation>
    </valueTranslation>
    <valueTranslation>
        <masterLabel>Greece</masterLabel>
        <translation>Hellas</translation>
    </valueTranslation>
    <valueTranslation>
        <masterLabel>Greenland</masterLabel>
        <translation>Grønland</translation>
    </valueTranslation>
    <valueTranslation>
        <masterLabel>Grenada</masterLabel>
        <translation>Grenada</translation>
    </valueTranslation>
    <valueTranslation>
        <masterLabel>Guadeloupe</masterLabel>
        <translation>Guadeloupe</translation>
    </valueTranslation>
    <valueTranslation>
        <masterLabel>Guatemala</masterLabel>
        <translation>Guatemala</translation>
    </valueTranslation>
    <valueTranslation>
        <masterLabel>Guernsey</masterLabel>
        <translation>Guernsey</translation>
    </valueTranslation>
    <valueTranslation>
        <masterLabel>Guinea</masterLabel>
        <translation>Guinea</translation>
    </valueTranslation>
    <valueTranslation>
        <masterLabel>Guinea-Bissau</masterLabel>
        <translation>Guinea-Bissau</translation>
    </valueTranslation>
    <valueTranslation>
        <masterLabel>Guyana</masterLabel>
        <translation>Guyana</translation>
    </valueTranslation>
    <valueTranslation>
        <masterLabel>Haiti</masterLabel>
        <translation>Haiti</translation>
    </valueTranslation>
    <valueTranslation>
        <masterLabel>Heard Island and McDonald Islands</masterLabel>
        <translation>Heard- og McDonaldøyene</translation>
    </valueTranslation>
    <valueTranslation>
        <masterLabel>Holy See (Vatican City State)</masterLabel>
        <translation>Vatikanstaten</translation>
    </valueTranslation>
    <valueTranslation>
        <masterLabel>Honduras</masterLabel>
        <translation>Honduras</translation>
    </valueTranslation>
    <valueTranslation>
        <masterLabel>Hungary</masterLabel>
        <translation>Ungarn</translation>
    </valueTranslation>
    <valueTranslation>
        <masterLabel>Iceland</masterLabel>
        <translation>Island</translation>
    </valueTranslation>
    <valueTranslation>
        <masterLabel>India</masterLabel>
        <translation>India</translation>
    </valueTranslation>
    <valueTranslation>
        <masterLabel>Indonesia</masterLabel>
        <translation>Indonesia</translation>
    </valueTranslation>
    <valueTranslation>
        <masterLabel>Iran, Islamic Republic of</masterLabel>
        <translation>Iran, Den islamske republikken</translation>
    </valueTranslation>
    <valueTranslation>
        <masterLabel>Iraq</masterLabel>
        <translation>Irak</translation>
    </valueTranslation>
    <valueTranslation>
        <masterLabel>Ireland</masterLabel>
        <translation>Irland</translation>
    </valueTranslation>
    <valueTranslation>
        <masterLabel>Isle of Man</masterLabel>
        <translation>Man</translation>
    </valueTranslation>
    <valueTranslation>
        <masterLabel>Israel</masterLabel>
        <translation>Israel</translation>
    </valueTranslation>
    <valueTranslation>
        <masterLabel>Italy</masterLabel>
        <translation>Italia</translation>
    </valueTranslation>
    <valueTranslation>
        <masterLabel>Jamaica</masterLabel>
        <translation>Jamaica</translation>
    </valueTranslation>
    <valueTranslation>
        <masterLabel>Japan</masterLabel>
        <translation>Japan</translation>
    </valueTranslation>
    <valueTranslation>
        <masterLabel>Jersey</masterLabel>
        <translation>Jersey</translation>
    </valueTranslation>
    <valueTranslation>
        <masterLabel>Jordan</masterLabel>
        <translation>Jordan</translation>
    </valueTranslation>
    <valueTranslation>
        <masterLabel>Kazakhstan</masterLabel>
        <translation>Kasakhstan</translation>
    </valueTranslation>
    <valueTranslation>
        <masterLabel>Kenya</masterLabel>
        <translation>Kenya</translation>
    </valueTranslation>
    <valueTranslation>
        <masterLabel>Kiribati</masterLabel>
        <translation>Kiribati</translation>
    </valueTranslation>
    <valueTranslation>
        <masterLabel>Korea, Democratic People&apos;s Republic of</masterLabel>
        <translation>Korea, Den demokratiske folkerepublikken</translation>
    </valueTranslation>
    <valueTranslation>
        <masterLabel>Korea, Republic of</masterLabel>
        <translation>Korea, Republikken</translation>
    </valueTranslation>
    <valueTranslation>
        <masterLabel>Kuwait</masterLabel>
        <translation>Kuwait</translation>
    </valueTranslation>
    <valueTranslation>
        <masterLabel>Kyrgyzstan</masterLabel>
        <translation>Kirgisistan</translation>
    </valueTranslation>
    <valueTranslation>
        <masterLabel>Lao People&apos;s Democratic Republic</masterLabel>
        <translation>Laos, Den demokratiske folkerepublikken</translation>
    </valueTranslation>
    <valueTranslation>
        <masterLabel>Latvia</masterLabel>
        <translation>Latvia</translation>
    </valueTranslation>
    <valueTranslation>
        <masterLabel>Lebanon</masterLabel>
        <translation>Libanon</translation>
    </valueTranslation>
    <valueTranslation>
        <masterLabel>Lesotho</masterLabel>
        <translation>Lesotho</translation>
    </valueTranslation>
    <valueTranslation>
        <masterLabel>Liberia</masterLabel>
        <translation>Liberia</translation>
    </valueTranslation>
    <valueTranslation>
        <masterLabel>Libyan Arab Jamahiriya</masterLabel>
        <translation>Libya</translation>
    </valueTranslation>
    <valueTranslation>
        <masterLabel>Liechtenstein</masterLabel>
        <translation>Liechtenstein</translation>
    </valueTranslation>
    <valueTranslation>
        <masterLabel>Lithuania</masterLabel>
        <translation>Litauen</translation>
    </valueTranslation>
    <valueTranslation>
        <masterLabel>Luxembourg</masterLabel>
        <translation>Luxembourg</translation>
    </valueTranslation>
    <valueTranslation>
        <masterLabel>Macao</masterLabel>
        <translation>Macao</translation>
    </valueTranslation>
    <valueTranslation>
        <masterLabel>Macedonia, the former Yugoslav Republic of</masterLabel>
        <translation>Nord-Makedonia</translation>
    </valueTranslation>
    <valueTranslation>
        <masterLabel>Madagascar</masterLabel>
        <translation>Madagaskar</translation>
    </valueTranslation>
    <valueTranslation>
        <masterLabel>Malawi</masterLabel>
        <translation>Malawi</translation>
    </valueTranslation>
    <valueTranslation>
        <masterLabel>Malaysia</masterLabel>
        <translation>Malaysia</translation>
    </valueTranslation>
    <valueTranslation>
        <masterLabel>Maldives</masterLabel>
        <translation>Maldivene</translation>
    </valueTranslation>
    <valueTranslation>
        <masterLabel>Mali</masterLabel>
        <translation>Mali</translation>
    </valueTranslation>
    <valueTranslation>
        <masterLabel>Malta</masterLabel>
        <translation>Malta</translation>
    </valueTranslation>
    <valueTranslation>
        <masterLabel>Martinique</masterLabel>
        <translation>Martinique</translation>
    </valueTranslation>
    <valueTranslation>
        <masterLabel>Mauritania</masterLabel>
        <translation>Mauritania</translation>
    </valueTranslation>
    <valueTranslation>
        <masterLabel>Mauritius</masterLabel>
        <translation>Mauritius</translation>
    </valueTranslation>
    <valueTranslation>
        <masterLabel>Mayotte</masterLabel>
        <translation>Mayotte</translation>
    </valueTranslation>
    <valueTranslation>
        <masterLabel>Mexico</masterLabel>
        <translation>Mexico</translation>
    </valueTranslation>
    <valueTranslation>
        <masterLabel>Moldova, Republic of</masterLabel>
        <translation>Moldova, Republikken</translation>
    </valueTranslation>
    <valueTranslation>
        <masterLabel>Monaco</masterLabel>
        <translation>Monaco</translation>
    </valueTranslation>
    <valueTranslation>
        <masterLabel>Mongolia</masterLabel>
        <translation>Mongolia</translation>
    </valueTranslation>
    <valueTranslation>
        <masterLabel>Montenegro</masterLabel>
        <translation>Montenegro</translation>
    </valueTranslation>
    <valueTranslation>
        <masterLabel>Montserrat</masterLabel>
        <translation>Montserrat</translation>
    </valueTranslation>
    <valueTranslation>
        <masterLabel>Morocco</masterLabel>
        <translation>Marokko</translation>
    </valueTranslation>
    <valueTranslation>
        <masterLabel>Mozambique</masterLabel>
        <translation>Mosambik</translation>
    </valueTranslation>
    <valueTranslation>
        <masterLabel>Myanmar</masterLabel>
        <translation>Myanmar</translation>
    </valueTranslation>
    <valueTranslation>
        <masterLabel>Namibia</masterLabel>
        <translation>Namibia</translation>
    </valueTranslation>
    <valueTranslation>
        <masterLabel>Nauru</masterLabel>
        <translation>Nauru</translation>
    </valueTranslation>
    <valueTranslation>
        <masterLabel>Nepal</masterLabel>
        <translation>Nepal</translation>
    </valueTranslation>
    <valueTranslation>
        <masterLabel>Netherlands</masterLabel>
        <translation>Nederland</translation>
    </valueTranslation>
    <valueTranslation>
        <masterLabel>New Caledonia</masterLabel>
        <translation>Ny-Caledonia</translation>
    </valueTranslation>
    <valueTranslation>
        <masterLabel>New Zealand</masterLabel>
        <translation>New Zealand</translation>
    </valueTranslation>
    <valueTranslation>
        <masterLabel>Nicaragua</masterLabel>
        <translation>Nicaragua</translation>
    </valueTranslation>
    <valueTranslation>
        <masterLabel>Niger</masterLabel>
        <translation>Niger</translation>
    </valueTranslation>
    <valueTranslation>
        <masterLabel>Nigeria</masterLabel>
        <translation>Nigeria</translation>
    </valueTranslation>
    <valueTranslation>
        <masterLabel>Niue</masterLabel>
        <translation>Niue</translation>
    </valueTranslation>
    <valueTranslation>
        <masterLabel>Norfolk Island</masterLabel>
        <translation>Norfolkøya</translation>
    </valueTranslation>
    <valueTranslation>
        <masterLabel>Norway</masterLabel>
        <translation>Norge</translation>
    </valueTranslation>
    <valueTranslation>
        <masterLabel>Oman</masterLabel>
        <translation>Oman</translation>
    </valueTranslation>
    <valueTranslation>
        <masterLabel>Pakistan</masterLabel>
        <translation>Pakistan</translation>
    </valueTranslation>
    <valueTranslation>
        <masterLabel>Palestinian Territory, Occupied</masterLabel>
        <translation>Palestina</translation>
    </valueTranslation>
    <valueTranslation>
        <masterLabel>Panama</masterLabel>
        <translation>Panama</translation>
    </valueTranslation>
    <valueTranslation>
        <masterLabel>Papua New Guinea</masterLabel>
        <translation>Papua Ny-Guinea</translation>
    </valueTranslation>
    <valueTranslation>
        <masterLabel>Paraguay</masterLabel>
        <translation>Paraguay</translation>
    </valueTranslation>
    <valueTranslation>
        <masterLabel>Peru</masterLabel>
        <translation>Peru</translation>
    </valueTranslation>
    <valueTranslation>
        <masterLabel>Philippines</masterLabel>
        <translation>Filippinene</translation>
    </valueTranslation>
    <valueTranslation>
        <masterLabel>Pitcairn</masterLabel>
        <translation>Pitcairn</translation>
    </valueTranslation>
    <valueTranslation>
        <masterLabel>Poland</masterLabel>
        <translation>Polen</translation>
    </valueTranslation>
    <valueTranslation>
        <masterLabel>Portugal</masterLabel>
        <translation>Portugal</translation>
    </valueTranslation>
    <valueTranslation>
        <masterLabel>Qatar</masterLabel>
        <translation>Qatar</translation>
    </valueTranslation>
    <valueTranslation>
        <masterLabel>Reunion</masterLabel>
        <translation>Réunion</translation>
    </valueTranslation>
    <valueTranslation>
        <masterLabel>Romania</masterLabel>
        <translation>Romania</translation>
    </valueTranslation>
    <valueTranslation>
        <masterLabel>Russian Federation</masterLabel>
        <translation>Den russiske føderasjon</translation>
    </valueTranslation>
    <valueTranslation>
        <masterLabel>Rwanda</masterLabel>
        <translation>Rwanda</translation>
    </valueTranslation>
    <valueTranslation>
        <masterLabel>Saint Barthélemy</masterLabel>
        <translation>Saint Barthélemy</translation>
    </valueTranslation>
    <valueTranslation>
        <masterLabel>Saint Helena, Ascension and Tristan da Cunha</masterLabel>
        <translation>St. Helena, Ascension og Tristan da Cunha</translation>
    </valueTranslation>
    <valueTranslation>
        <masterLabel>Saint Kitts and Nevis</masterLabel>
        <translation>Saint Kitts og Nevis</translation>
    </valueTranslation>
    <valueTranslation>
        <masterLabel>Saint Lucia</masterLabel>
        <translation>Saint Lucia</translation>
    </valueTranslation>
    <valueTranslation>
        <masterLabel>Saint Martin (French part)</masterLabel>
        <translation>Saint Martin (fransk del)</translation>
    </valueTranslation>
    <valueTranslation>
        <masterLabel>Saint Pierre and Miquelon</masterLabel>
        <translation>Saint Pierre og Miquelon</translation>
    </valueTranslation>
    <valueTranslation>
        <masterLabel>Saint Vincent and the Grenadines</masterLabel>
        <translation>St. Vincent og Grenadinene</translation>
    </valueTranslation>
    <valueTranslation>
        <masterLabel>Samoa</masterLabel>
        <translation>Samoa</translation>
    </valueTranslation>
    <valueTranslation>
        <masterLabel>San Marino</masterLabel>
        <translation>San Marino</translation>
    </valueTranslation>
    <valueTranslation>
        <masterLabel>Sao Tome and Principe</masterLabel>
        <translation>São Tomé og Príncipe</translation>
    </valueTranslation>
    <valueTranslation>
        <masterLabel>Saudi Arabia</masterLabel>
        <translation>Saudi-Arabia</translation>
    </valueTranslation>
    <valueTranslation>
        <masterLabel>Senegal</masterLabel>
        <translation>Senegal</translation>
    </valueTranslation>
    <valueTranslation>
        <masterLabel>Serbia</masterLabel>
        <translation>Serbia</translation>
    </valueTranslation>
    <valueTranslation>
        <masterLabel>Seychelles</masterLabel>
        <translation>Seychellene</translation>
    </valueTranslation>
    <valueTranslation>
        <masterLabel>Sierra Leone</masterLabel>
        <translation>Sierra Leone</translation>
    </valueTranslation>
    <valueTranslation>
        <masterLabel>Singapore</masterLabel>
        <translation>Singapore</translation>
    </valueTranslation>
    <valueTranslation>
        <masterLabel>Sint Maarten (Dutch part)</masterLabel>
        <translation>Sint-Maarten (nederlandsk del)</translation>
    </valueTranslation>
    <valueTranslation>
        <masterLabel>Slovakia</masterLabel>
        <translation>Slovakia</translation>
    </valueTranslation>
    <valueTranslation>
        <masterLabel>Slovenia</masterLabel>
        <translation>Slovenia</translation>
    </valueTranslation>
    <valueTranslation>
        <masterLabel>Solomon Islands</masterLabel>
        <translation>Salomonøyene</translation>
    </valueTranslation>
    <valueTranslation>
        <masterLabel>Somalia</masterLabel>
        <translation>Somalia</translation>
    </valueTranslation>
    <valueTranslation>
        <masterLabel>South Africa</masterLabel>
        <translation>Sør-Afrika</translation>
    </valueTranslation>
    <valueTranslation>
        <masterLabel>South Georgia and the South Sandwich Islands</masterLabel>
        <translation>Sør-Georgia og Sør-Sandwichøyene</translation>
    </valueTranslation>
    <valueTranslation>
        <masterLabel>South Sudan</masterLabel>
        <translation>Sør-Sudan</translation>
    </valueTranslation>
    <valueTranslation>
        <masterLabel>Spain</masterLabel>
        <translation>Spania</translation>
    </valueTranslation>
    <valueTranslation>
        <masterLabel>Sri Lanka</masterLabel>
        <translation>Sri Lanka</translation>
    </valueTranslation>
    <valueTranslation>
        <masterLabel>Sudan</masterLabel>
        <translation>Sudan</translation>
    </valueTranslation>
    <valueTranslation>
        <masterLabel>Suriname</masterLabel>
        <translation>Surinam</translation>
    </valueTranslation>
    <valueTranslation>
        <masterLabel>Svalbard and Jan Mayen</masterLabel>
        <translation>Svalbard og Jan Mayen</translation>
    </valueTranslation>
    <valueTranslation>
        <masterLabel>Swaziland</masterLabel>
        <translation>Eswatini</translation>
    </valueTranslation>
    <valueTranslation>
        <masterLabel>Sweden</masterLabel>
        <translation>Sverige</translation>
    </valueTranslation>
    <valueTranslation>
        <masterLabel>Switzerland</masterLabel>
        <translation>Sveits</translation>
    </valueTranslation>
    <valueTranslation>
        <masterLabel>Syrian Arab Republic</masterLabel>
        <translation>Syria, Den arabiske republikken</translation>
    </valueTranslation>
    <valueTranslation>
        <masterLabel>Tajikistan</masterLabel>
        <translation>Tadsjikistan</translation>
    </valueTranslation>
    <valueTranslation>
        <masterLabel>Tanzania, United Republic of</masterLabel>
        <translation>Tanzania, Forbundsrepublikken</translation>
    </valueTranslation>
    <valueTranslation>
        <masterLabel>Thailand</masterLabel>
        <translation>Thailand</translation>
    </valueTranslation>
    <valueTranslation>
        <masterLabel>Timor-Leste</masterLabel>
        <translation>Øst-Timor</translation>
    </valueTranslation>
    <valueTranslation>
        <masterLabel>Togo</masterLabel>
        <translation>Togo</translation>
    </valueTranslation>
    <valueTranslation>
        <masterLabel>Tokelau</masterLabel>
        <translation>Tokelau</translation>
    </valueTranslation>
    <valueTranslation>
        <masterLabel>Tonga</masterLabel>
        <translation>Tonga</translation>
    </valueTranslation>
    <valueTranslation>
        <masterLabel>Trinidad and Tobago</masterLabel>
        <translation>Trinidad og Tobago</translation>
    </valueTranslation>
    <valueTranslation>
        <masterLabel>Tunisia</masterLabel>
        <translation>Tunisia</translation>
    </valueTranslation>
    <valueTranslation>
        <masterLabel>Turkey</masterLabel>
        <translation>Tyrkia</translation>
    </valueTranslation>
    <valueTranslation>
        <masterLabel>Turkmenistan</masterLabel>
        <translation>Turkmenistan</translation>
    </valueTranslation>
    <valueTranslation>
        <masterLabel>Turks and Caicos Islands</masterLabel>
        <translation>Turks- og Caicosøyene</translation>
    </valueTranslation>
    <valueTranslation>
        <masterLabel>Tuvalu</masterLabel>
        <translation>Tuvalu</translation>
    </valueTranslation>
    <valueTranslation>
        <masterLabel>Uganda</masterLabel>
        <translation>Uganda</translation>
    </valueTranslation>
    <valueTranslation>
        <masterLabel>Ukraine</masterLabel>
        <translation>Ukraina</translation>
    </valueTranslation>
    <valueTranslation>
        <masterLabel>United Arab Emirates</masterLabel>
        <translation>Forente arabiske emirater</translation>
    </valueTranslation>
    <valueTranslation>
        <masterLabel>United Kingdom</masterLabel>
        <translation>Storbritannia</translation>
    </valueTranslation>
    <valueTranslation>
        <masterLabel>United States</masterLabel>
        <translation>USA</translation>
    </valueTranslation>
    <valueTranslation>
        <masterLabel>Uruguay</masterLabel>
        <translation>Uruguay</translation>
    </valueTranslation>
    <valueTranslation>
        <masterLabel>Uzbekistan</masterLabel>
        <translation>Usbekistan</translation>
    </valueTranslation>
    <valueTranslation>
        <masterLabel>Vanuatu</masterLabel>
        <translation>Vanuatu</translation>
    </valueTranslation>
    <valueTranslation>
        <masterLabel>Venezuela, Bolivarian Republic of</masterLabel>
        <translation>Venezuela, Republikken</translation>
    </valueTranslation>
    <valueTranslation>
        <masterLabel>Viet Nam</masterLabel>
        <translation>Vietnam</translation>
    </valueTranslation>
    <valueTranslation>
        <masterLabel>Virgin Islands, British</masterLabel>
        <translation>Jomfruøyene, De britiske</translation>
    </valueTranslation>
    <valueTranslation>
        <masterLabel>Wallis and Futuna</masterLabel>
        <translation>Wallis og Futuna</translation>
    </valueTranslation>
    <valueTranslation>
        <masterLabel>Western Sahara</masterLabel>
        <translation>Vest-Sahara</translation>
    </valueTranslation>
    <valueTranslation>
        <masterLabel>Yemen</masterLabel>
        <translation>Jemen</translation>
    </valueTranslation>
    <valueTranslation>
        <masterLabel>Zambia</masterLabel>
        <translation>Zambia</translation>
    </valueTranslation>
    <valueTranslation>
        <masterLabel>Zimbabwe</masterLabel>
        <translation>Zimbabwe</translation>
    </valueTranslation>
</StandardValueSetTranslation>
