<?xml version="1.0" encoding="UTF-8"?>
<StandardValueSetTranslation xmlns="http://soap.sforce.com/2006/04/metadata">
    <valueTranslation>
        <masterLabel>Acre</masterLabel>
        <translation>阿克里州</translation>
    </valueTranslation>
    <valueTranslation>
        <masterLabel>Agrigento</masterLabel>
        <translation>阿格里真托</translation>
    </valueTranslation>
    <valueTranslation>
        <masterLabel>Aguascalientes</masterLabel>
        <translation>阿瓜斯卡连特斯州</translation>
    </valueTranslation>
    <valueTranslation>
        <masterLabel>Alabama</masterLabel>
        <translation>亚拉巴马州</translation>
    </valueTranslation>
    <valueTranslation>
        <masterLabel>Alagoas</masterLabel>
        <translation>阿拉戈阿斯州</translation>
    </valueTranslation>
    <valueTranslation>
        <masterLabel>Alaska</masterLabel>
        <translation>阿拉斯加州</translation>
    </valueTranslation>
    <valueTranslation>
        <masterLabel>Alberta</masterLabel>
        <translation>艾伯塔</translation>
    </valueTranslation>
    <valueTranslation>
        <masterLabel>Alessandria</masterLabel>
        <translation>亚历山德里亚</translation>
    </valueTranslation>
    <valueTranslation>
        <masterLabel>Amapá</masterLabel>
        <translation>阿马帕州</translation>
    </valueTranslation>
    <valueTranslation>
        <masterLabel>Amazonas</masterLabel>
        <translation>亚马逊州</translation>
    </valueTranslation>
    <valueTranslation>
        <masterLabel>Ancona</masterLabel>
        <translation>安科纳</translation>
    </valueTranslation>
    <valueTranslation>
        <masterLabel>Andaman and Nicobar Islands</masterLabel>
        <translation>安达曼和尼科巴群岛</translation>
    </valueTranslation>
    <valueTranslation>
        <masterLabel>Andhra Pradesh</masterLabel>
        <translation>安得拉邦</translation>
    </valueTranslation>
    <valueTranslation>
        <masterLabel>Anhui</masterLabel>
        <translation>安徽省</translation>
    </valueTranslation>
    <valueTranslation>
        <masterLabel>Aosta</masterLabel>
        <translation>奥斯塔</translation>
    </valueTranslation>
    <valueTranslation>
        <masterLabel>Arezzo</masterLabel>
        <translation>阿雷佐</translation>
    </valueTranslation>
    <valueTranslation>
        <masterLabel>Arizona</masterLabel>
        <translation>亚利桑那州</translation>
    </valueTranslation>
    <valueTranslation>
        <masterLabel>Arkansas</masterLabel>
        <translation>阿肯色州</translation>
    </valueTranslation>
    <valueTranslation>
        <masterLabel>Arunachal Pradesh</masterLabel>
        <translation>阿鲁那恰尔邦</translation>
    </valueTranslation>
    <valueTranslation>
        <masterLabel>Ascoli Piceno</masterLabel>
        <translation>阿斯科利皮切诺省</translation>
    </valueTranslation>
    <valueTranslation>
        <masterLabel>Assam</masterLabel>
        <translation>阿萨姆邦</translation>
    </valueTranslation>
    <valueTranslation>
        <masterLabel>Asti</masterLabel>
        <translation>阿斯蒂</translation>
    </valueTranslation>
    <valueTranslation>
        <masterLabel>Australian Capital Territory</masterLabel>
        <translation>澳大利亚首都特区</translation>
    </valueTranslation>
    <valueTranslation>
        <masterLabel>Avellino</masterLabel>
        <translation>阿韦利诺</translation>
    </valueTranslation>
    <valueTranslation>
        <masterLabel>Bahia</masterLabel>
        <translation>巴西亚州</translation>
    </valueTranslation>
    <valueTranslation>
        <masterLabel>Baja California</masterLabel>
        <translation>下加利福尼亚州</translation>
    </valueTranslation>
    <valueTranslation>
        <masterLabel>Baja California Sur</masterLabel>
        <translation>南下加利福尼亚州</translation>
    </valueTranslation>
    <valueTranslation>
        <masterLabel>Bari</masterLabel>
        <translation>巴里</translation>
    </valueTranslation>
    <valueTranslation>
        <masterLabel>Barletta-Andria-Trani</masterLabel>
        <translation>巴尔莱塔安德里亚特兰尼省</translation>
    </valueTranslation>
    <valueTranslation>
        <masterLabel>Beijing</masterLabel>
        <translation>北京市</translation>
    </valueTranslation>
    <valueTranslation>
        <masterLabel>Belluno</masterLabel>
        <translation>贝卢诺省</translation>
    </valueTranslation>
    <valueTranslation>
        <masterLabel>Benevento</masterLabel>
        <translation>贝内文托省</translation>
    </valueTranslation>
    <valueTranslation>
        <masterLabel>Bergamo</masterLabel>
        <translation>贝加莫</translation>
    </valueTranslation>
    <valueTranslation>
        <masterLabel>Biella</masterLabel>
        <translation>比耶拉</translation>
    </valueTranslation>
    <valueTranslation>
        <masterLabel>Bihar</masterLabel>
        <translation>比哈尔邦</translation>
    </valueTranslation>
    <valueTranslation>
        <masterLabel>Bologna</masterLabel>
        <translation>博洛尼亚</translation>
    </valueTranslation>
    <valueTranslation>
        <masterLabel>Bolzano</masterLabel>
        <translation>博尔扎诺</translation>
    </valueTranslation>
    <valueTranslation>
        <masterLabel>Brescia</masterLabel>
        <translation>布雷西亚</translation>
    </valueTranslation>
    <valueTranslation>
        <masterLabel>Brindisi</masterLabel>
        <translation>布林迪西</translation>
    </valueTranslation>
    <valueTranslation>
        <masterLabel>British Columbia</masterLabel>
        <translation>不列颠哥伦比亚</translation>
    </valueTranslation>
    <valueTranslation>
        <masterLabel>Cagliari</masterLabel>
        <translation>卡利亚里</translation>
    </valueTranslation>
    <valueTranslation>
        <masterLabel>California</masterLabel>
        <translation>加利福尼亚州</translation>
    </valueTranslation>
    <valueTranslation>
        <masterLabel>Caltanissetta</masterLabel>
        <translation>卡尔塔尼塞塔</translation>
    </valueTranslation>
    <valueTranslation>
        <masterLabel>Campeche</masterLabel>
        <translation>坎佩切州</translation>
    </valueTranslation>
    <valueTranslation>
        <masterLabel>Campobasso</masterLabel>
        <translation>坎波巴索</translation>
    </valueTranslation>
    <valueTranslation>
        <masterLabel>Carbonia-Iglesias</masterLabel>
        <translation>卡博尼亚伊格莱西亚斯省</translation>
    </valueTranslation>
    <valueTranslation>
        <masterLabel>Carlow</masterLabel>
        <translation>卡罗郡</translation>
    </valueTranslation>
    <valueTranslation>
        <masterLabel>Caserta</masterLabel>
        <translation>卡塞塔</translation>
    </valueTranslation>
    <valueTranslation>
        <masterLabel>Catania</masterLabel>
        <translation>卡塔尼亚</translation>
    </valueTranslation>
    <valueTranslation>
        <masterLabel>Catanzaro</masterLabel>
        <translation>卡坦扎罗</translation>
    </valueTranslation>
    <valueTranslation>
        <masterLabel>Cavan</masterLabel>
        <translation>卡文郡</translation>
    </valueTranslation>
    <valueTranslation>
        <masterLabel>Ceará</masterLabel>
        <translation>塞阿拉州</translation>
    </valueTranslation>
    <valueTranslation>
        <masterLabel>Chandigarh</masterLabel>
        <translation>昌迪加尔</translation>
    </valueTranslation>
    <valueTranslation>
        <masterLabel>Chhattisgarh</masterLabel>
        <translation>恰蒂斯加尔邦</translation>
    </valueTranslation>
    <valueTranslation>
        <masterLabel>Chiapas</masterLabel>
        <translation>恰帕斯州</translation>
    </valueTranslation>
    <valueTranslation>
        <masterLabel>Chieti</masterLabel>
        <translation>基耶蒂省</translation>
    </valueTranslation>
    <valueTranslation>
        <masterLabel>Chihuahua</masterLabel>
        <translation>奇瓦瓦州</translation>
    </valueTranslation>
    <valueTranslation>
        <masterLabel>Chinese Taipei</masterLabel>
        <translation>台湾</translation>
    </valueTranslation>
    <valueTranslation>
        <masterLabel>Chongqing</masterLabel>
        <translation>重庆市</translation>
    </valueTranslation>
    <valueTranslation>
        <masterLabel>Clare</masterLabel>
        <translation>克莱尔郡</translation>
    </valueTranslation>
    <valueTranslation>
        <masterLabel>Coahuila</masterLabel>
        <translation>科阿韦拉州</translation>
    </valueTranslation>
    <valueTranslation>
        <masterLabel>Colima</masterLabel>
        <translation>科利马州</translation>
    </valueTranslation>
    <valueTranslation>
        <masterLabel>Colorado</masterLabel>
        <translation>科罗拉多州</translation>
    </valueTranslation>
    <valueTranslation>
        <masterLabel>Como</masterLabel>
        <translation>科摩</translation>
    </valueTranslation>
    <valueTranslation>
        <masterLabel>Connecticut</masterLabel>
        <translation>康涅狄格州</translation>
    </valueTranslation>
    <valueTranslation>
        <masterLabel>Cork</masterLabel>
        <translation>科克郡</translation>
    </valueTranslation>
    <valueTranslation>
        <masterLabel>Cosenza</masterLabel>
        <translation>科森扎</translation>
    </valueTranslation>
    <valueTranslation>
        <masterLabel>Cremona</masterLabel>
        <translation>克雷莫纳</translation>
    </valueTranslation>
    <valueTranslation>
        <masterLabel>Crotone</masterLabel>
        <translation>克罗托内</translation>
    </valueTranslation>
    <valueTranslation>
        <masterLabel>Cuneo</masterLabel>
        <translation>库尼奥</translation>
    </valueTranslation>
    <valueTranslation>
        <masterLabel>Dadra and Nagar Haveli</masterLabel>
        <translation>达德拉和纳加尔哈维利</translation>
    </valueTranslation>
    <valueTranslation>
        <masterLabel>Daman and Diu</masterLabel>
        <translation>达曼和第乌</translation>
    </valueTranslation>
    <valueTranslation>
        <masterLabel>Delaware</masterLabel>
        <translation>特拉华州</translation>
    </valueTranslation>
    <valueTranslation>
        <masterLabel>Delhi</masterLabel>
        <translation>德里</translation>
    </valueTranslation>
    <valueTranslation>
        <masterLabel>District of Columbia</masterLabel>
        <translation>哥伦比亚特区</translation>
    </valueTranslation>
    <valueTranslation>
        <masterLabel>Distrito Federal</masterLabel>
        <translation>联邦区</translation>
    </valueTranslation>
    <valueTranslation>
        <masterLabel>Donegal</masterLabel>
        <translation>当尼戈尔郡</translation>
    </valueTranslation>
    <valueTranslation>
        <masterLabel>Dublin</masterLabel>
        <translation>都柏林郡</translation>
    </valueTranslation>
    <valueTranslation>
        <masterLabel>Durango</masterLabel>
        <translation>杜兰戈州</translation>
    </valueTranslation>
    <valueTranslation>
        <masterLabel>Enna</masterLabel>
        <translation>恩纳</translation>
    </valueTranslation>
    <valueTranslation>
        <masterLabel>Espírito Santo</masterLabel>
        <translation>圣埃斯皮里图州</translation>
    </valueTranslation>
    <valueTranslation>
        <masterLabel>Federal District</masterLabel>
        <translation>联邦特区</translation>
    </valueTranslation>
    <valueTranslation>
        <masterLabel>Fermo</masterLabel>
        <translation>费尔莫</translation>
    </valueTranslation>
    <valueTranslation>
        <masterLabel>Ferrara</masterLabel>
        <translation>菲拉拉</translation>
    </valueTranslation>
    <valueTranslation>
        <masterLabel>Florence</masterLabel>
        <translation>佛罗伦萨</translation>
    </valueTranslation>
    <valueTranslation>
        <masterLabel>Florida</masterLabel>
        <translation>佛罗里达州</translation>
    </valueTranslation>
    <valueTranslation>
        <masterLabel>Foggia</masterLabel>
        <translation>福贾</translation>
    </valueTranslation>
    <valueTranslation>
        <masterLabel>Forlì-Cesena</masterLabel>
        <translation>费利切塞纳省</translation>
    </valueTranslation>
    <valueTranslation>
        <masterLabel>Frosinone</masterLabel>
        <translation>弗罗西诺内</translation>
    </valueTranslation>
    <valueTranslation>
        <masterLabel>Fujian</masterLabel>
        <translation>福建省</translation>
    </valueTranslation>
    <valueTranslation>
        <masterLabel>Galway</masterLabel>
        <translation>高维郡</translation>
    </valueTranslation>
    <valueTranslation>
        <masterLabel>Gansu</masterLabel>
        <translation>甘肃省</translation>
    </valueTranslation>
    <valueTranslation>
        <masterLabel>Genoa</masterLabel>
        <translation>热那亚</translation>
    </valueTranslation>
    <valueTranslation>
        <masterLabel>Georgia</masterLabel>
        <translation>乔治亚州</translation>
    </valueTranslation>
    <valueTranslation>
        <masterLabel>Goa</masterLabel>
        <translation>果阿邦</translation>
    </valueTranslation>
    <valueTranslation>
        <masterLabel>Goiás</masterLabel>
        <translation>戈亚斯州</translation>
    </valueTranslation>
    <valueTranslation>
        <masterLabel>Gorizia</masterLabel>
        <translation>戈里齐亚</translation>
    </valueTranslation>
    <valueTranslation>
        <masterLabel>Grosseto</masterLabel>
        <translation>格罗塞托</translation>
    </valueTranslation>
    <valueTranslation>
        <masterLabel>Guanajuato</masterLabel>
        <translation>瓜纳华托州</translation>
    </valueTranslation>
    <valueTranslation>
        <masterLabel>Guangdong</masterLabel>
        <translation>广东省</translation>
    </valueTranslation>
    <valueTranslation>
        <masterLabel>Guangxi</masterLabel>
        <translation>广西省</translation>
    </valueTranslation>
    <valueTranslation>
        <masterLabel>Guerrero</masterLabel>
        <translation>格雷罗州</translation>
    </valueTranslation>
    <valueTranslation>
        <masterLabel>Guizhou</masterLabel>
        <translation>贵州省</translation>
    </valueTranslation>
    <valueTranslation>
        <masterLabel>Gujarat</masterLabel>
        <translation>古吉拉特邦</translation>
    </valueTranslation>
    <valueTranslation>
        <masterLabel>Hainan</masterLabel>
        <translation>海南省</translation>
    </valueTranslation>
    <valueTranslation>
        <masterLabel>Haryana</masterLabel>
        <translation>哈里亚纳邦</translation>
    </valueTranslation>
    <valueTranslation>
        <masterLabel>Hawaii</masterLabel>
        <translation>夏威夷州</translation>
    </valueTranslation>
    <valueTranslation>
        <masterLabel>Hebei</masterLabel>
        <translation>河北省</translation>
    </valueTranslation>
    <valueTranslation>
        <masterLabel>Heilongjiang</masterLabel>
        <translation>黑龙江省</translation>
    </valueTranslation>
    <valueTranslation>
        <masterLabel>Henan</masterLabel>
        <translation>河南省</translation>
    </valueTranslation>
    <valueTranslation>
        <masterLabel>Hidalgo</masterLabel>
        <translation>伊达尔戈州</translation>
    </valueTranslation>
    <valueTranslation>
        <masterLabel>Himachal Pradesh</masterLabel>
        <translation>喜马偕尔邦</translation>
    </valueTranslation>
    <valueTranslation>
        <masterLabel>Hong Kong</masterLabel>
        <translation>中国香港</translation>
    </valueTranslation>
    <valueTranslation>
        <masterLabel>Hubei</masterLabel>
        <translation>湖北省</translation>
    </valueTranslation>
    <valueTranslation>
        <masterLabel>Hunan</masterLabel>
        <translation>湖南省</translation>
    </valueTranslation>
    <valueTranslation>
        <masterLabel>Idaho</masterLabel>
        <translation>爱达荷州</translation>
    </valueTranslation>
    <valueTranslation>
        <masterLabel>Illinois</masterLabel>
        <translation>伊利诺伊州</translation>
    </valueTranslation>
    <valueTranslation>
        <masterLabel>Imperia</masterLabel>
        <translation>因佩里亚</translation>
    </valueTranslation>
    <valueTranslation>
        <masterLabel>Indiana</masterLabel>
        <translation>印第安纳州</translation>
    </valueTranslation>
    <valueTranslation>
        <masterLabel>Iowa</masterLabel>
        <translation>艾奥瓦州</translation>
    </valueTranslation>
    <valueTranslation>
        <masterLabel>Isernia</masterLabel>
        <translation>伊塞尔尼亚省</translation>
    </valueTranslation>
    <valueTranslation>
        <masterLabel>Jalisco</masterLabel>
        <translation>哈利斯科州</translation>
    </valueTranslation>
    <valueTranslation>
        <masterLabel>Jammu and Kashmir</masterLabel>
        <translation>查谟和克什米尔邦</translation>
    </valueTranslation>
    <valueTranslation>
        <masterLabel>Jharkhand</masterLabel>
        <translation>贾坎德邦</translation>
    </valueTranslation>
    <valueTranslation>
        <masterLabel>Jiangsu</masterLabel>
        <translation>江苏省</translation>
    </valueTranslation>
    <valueTranslation>
        <masterLabel>Jiangxi</masterLabel>
        <translation>江西省</translation>
    </valueTranslation>
    <valueTranslation>
        <masterLabel>Jilin</masterLabel>
        <translation>吉林省</translation>
    </valueTranslation>
    <valueTranslation>
        <masterLabel>Kansas</masterLabel>
        <translation>堪萨斯州</translation>
    </valueTranslation>
    <valueTranslation>
        <masterLabel>Karnataka</masterLabel>
        <translation>卡纳塔克邦</translation>
    </valueTranslation>
    <valueTranslation>
        <masterLabel>Kentucky</masterLabel>
        <translation>肯塔基州</translation>
    </valueTranslation>
    <valueTranslation>
        <masterLabel>Kerala</masterLabel>
        <translation>喀拉拉邦</translation>
    </valueTranslation>
    <valueTranslation>
        <masterLabel>Kerry</masterLabel>
        <translation>凯瑞郡</translation>
    </valueTranslation>
    <valueTranslation>
        <masterLabel>Kildare</masterLabel>
        <translation>基尔代尔郡</translation>
    </valueTranslation>
    <valueTranslation>
        <masterLabel>Kilkenny</masterLabel>
        <translation>基尔肯尼郡</translation>
    </valueTranslation>
    <valueTranslation>
        <masterLabel>L&apos;Aquila</masterLabel>
        <translation>拉奎拉</translation>
    </valueTranslation>
    <valueTranslation>
        <masterLabel>La Spezia</masterLabel>
        <translation>拉斯佩齐亚</translation>
    </valueTranslation>
    <valueTranslation>
        <masterLabel>Lakshadweep</masterLabel>
        <translation>拉克沙群岛</translation>
    </valueTranslation>
    <valueTranslation>
        <masterLabel>Laois</masterLabel>
        <translation>利施郡</translation>
    </valueTranslation>
    <valueTranslation>
        <masterLabel>Latina</masterLabel>
        <translation>拉蒂纳</translation>
    </valueTranslation>
    <valueTranslation>
        <masterLabel>Lecce</masterLabel>
        <translation>莱切</translation>
    </valueTranslation>
    <valueTranslation>
        <masterLabel>Lecco</masterLabel>
        <translation>莱科</translation>
    </valueTranslation>
    <valueTranslation>
        <masterLabel>Leitrim</masterLabel>
        <translation>利特里姆郡</translation>
    </valueTranslation>
    <valueTranslation>
        <masterLabel>Liaoning</masterLabel>
        <translation>辽宁省</translation>
    </valueTranslation>
    <valueTranslation>
        <masterLabel>Limerick</masterLabel>
        <translation>利默里克郡</translation>
    </valueTranslation>
    <valueTranslation>
        <masterLabel>Livorno</masterLabel>
        <translation>里窝那</translation>
    </valueTranslation>
    <valueTranslation>
        <masterLabel>Lodi</masterLabel>
        <translation>洛迪</translation>
    </valueTranslation>
    <valueTranslation>
        <masterLabel>Longford</masterLabel>
        <translation>朗福德郡</translation>
    </valueTranslation>
    <valueTranslation>
        <masterLabel>Louisiana</masterLabel>
        <translation>路易斯安那州</translation>
    </valueTranslation>
    <valueTranslation>
        <masterLabel>Louth</masterLabel>
        <translation>劳斯郡</translation>
    </valueTranslation>
    <valueTranslation>
        <masterLabel>Lucca</masterLabel>
        <translation>卢卡</translation>
    </valueTranslation>
    <valueTranslation>
        <masterLabel>Macao</masterLabel>
        <translation>澳门</translation>
    </valueTranslation>
    <valueTranslation>
        <masterLabel>Macerata</masterLabel>
        <translation>马切拉塔省</translation>
    </valueTranslation>
    <valueTranslation>
        <masterLabel>Madhya Pradesh</masterLabel>
        <translation>中央邦</translation>
    </valueTranslation>
    <valueTranslation>
        <masterLabel>Maharashtra</masterLabel>
        <translation>马哈拉施特拉邦</translation>
    </valueTranslation>
    <valueTranslation>
        <masterLabel>Maine</masterLabel>
        <translation>缅因州</translation>
    </valueTranslation>
    <valueTranslation>
        <masterLabel>Manipur</masterLabel>
        <translation>曼尼普尔邦</translation>
    </valueTranslation>
    <valueTranslation>
        <masterLabel>Manitoba</masterLabel>
        <translation>马尼托巴</translation>
    </valueTranslation>
    <valueTranslation>
        <masterLabel>Mantua</masterLabel>
        <translation>曼图亚</translation>
    </valueTranslation>
    <valueTranslation>
        <masterLabel>Maranhão</masterLabel>
        <translation>马拉尼昂州</translation>
    </valueTranslation>
    <valueTranslation>
        <masterLabel>Maryland</masterLabel>
        <translation>马里兰州</translation>
    </valueTranslation>
    <valueTranslation>
        <masterLabel>Massa and Carrara</masterLabel>
        <translation>马萨卡拉拉省</translation>
    </valueTranslation>
    <valueTranslation>
        <masterLabel>Massachusetts</masterLabel>
        <translation>马萨诸塞州</translation>
    </valueTranslation>
    <valueTranslation>
        <masterLabel>Matera</masterLabel>
        <translation>马泰拉</translation>
    </valueTranslation>
    <valueTranslation>
        <masterLabel>Mato Grosso</masterLabel>
        <translation>马托格罗索州</translation>
    </valueTranslation>
    <valueTranslation>
        <masterLabel>Mato Grosso do Sul</masterLabel>
        <translation>南马托格罗索州</translation>
    </valueTranslation>
    <valueTranslation>
        <masterLabel>Mayo</masterLabel>
        <translation>梅欧郡</translation>
    </valueTranslation>
    <valueTranslation>
        <masterLabel>Meath</masterLabel>
        <translation>米斯郡</translation>
    </valueTranslation>
    <valueTranslation>
        <masterLabel>Medio Campidano</masterLabel>
        <translation>坎皮达诺</translation>
    </valueTranslation>
    <valueTranslation>
        <masterLabel>Meghalaya</masterLabel>
        <translation>梅加拉亚邦</translation>
    </valueTranslation>
    <valueTranslation>
        <masterLabel>Messina</masterLabel>
        <translation>墨西拿</translation>
    </valueTranslation>
    <valueTranslation>
        <masterLabel>Mexico State</masterLabel>
        <translation>墨西哥州</translation>
    </valueTranslation>
    <valueTranslation>
        <masterLabel>Michigan</masterLabel>
        <translation>密歇根州</translation>
    </valueTranslation>
    <valueTranslation>
        <masterLabel>Michoacán</masterLabel>
        <translation>米却肯州</translation>
    </valueTranslation>
    <valueTranslation>
        <masterLabel>Milan</masterLabel>
        <translation>米兰</translation>
    </valueTranslation>
    <valueTranslation>
        <masterLabel>Minas Gerais</masterLabel>
        <translation>米纳斯吉拉斯州</translation>
    </valueTranslation>
    <valueTranslation>
        <masterLabel>Minnesota</masterLabel>
        <translation>明尼苏达州</translation>
    </valueTranslation>
    <valueTranslation>
        <masterLabel>Mississippi</masterLabel>
        <translation>密西西比州</translation>
    </valueTranslation>
    <valueTranslation>
        <masterLabel>Missouri</masterLabel>
        <translation>密苏里州</translation>
    </valueTranslation>
    <valueTranslation>
        <masterLabel>Mizoram</masterLabel>
        <translation>米佐拉姆邦</translation>
    </valueTranslation>
    <valueTranslation>
        <masterLabel>Modena</masterLabel>
        <translation>摩德纳</translation>
    </valueTranslation>
    <valueTranslation>
        <masterLabel>Monaghan</masterLabel>
        <translation>莫纳亨郡</translation>
    </valueTranslation>
    <valueTranslation>
        <masterLabel>Montana</masterLabel>
        <translation>蒙大拿州</translation>
    </valueTranslation>
    <valueTranslation>
        <masterLabel>Monza and Brianza</masterLabel>
        <translation>蒙萨和布里安萨省</translation>
    </valueTranslation>
    <valueTranslation>
        <masterLabel>Morelos</masterLabel>
        <translation>莫雷洛斯州</translation>
    </valueTranslation>
    <valueTranslation>
        <masterLabel>Nagaland</masterLabel>
        <translation>那加兰邦</translation>
    </valueTranslation>
    <valueTranslation>
        <masterLabel>Naples</masterLabel>
        <translation>那不勒斯</translation>
    </valueTranslation>
    <valueTranslation>
        <masterLabel>Nayarit</masterLabel>
        <translation>纳亚里特州</translation>
    </valueTranslation>
    <valueTranslation>
        <masterLabel>Nebraska</masterLabel>
        <translation>内布拉斯加州</translation>
    </valueTranslation>
    <valueTranslation>
        <masterLabel>Nei Mongol</masterLabel>
        <translation>内蒙古</translation>
    </valueTranslation>
    <valueTranslation>
        <masterLabel>Nevada</masterLabel>
        <translation>内华达州</translation>
    </valueTranslation>
    <valueTranslation>
        <masterLabel>New Brunswick</masterLabel>
        <translation>新不伦瑞克</translation>
    </valueTranslation>
    <valueTranslation>
        <masterLabel>New Hampshire</masterLabel>
        <translation>新罕布什尔州</translation>
    </valueTranslation>
    <valueTranslation>
        <masterLabel>New Jersey</masterLabel>
        <translation>新泽西州</translation>
    </valueTranslation>
    <valueTranslation>
        <masterLabel>New Mexico</masterLabel>
        <translation>新墨西哥州</translation>
    </valueTranslation>
    <valueTranslation>
        <masterLabel>New South Wales</masterLabel>
        <translation>新南威尔士州</translation>
    </valueTranslation>
    <valueTranslation>
        <masterLabel>New York</masterLabel>
        <translation>纽约州</translation>
    </valueTranslation>
    <valueTranslation>
        <masterLabel>Newfoundland and Labrador</masterLabel>
        <translation>纽芬兰和拉布拉多</translation>
    </valueTranslation>
    <valueTranslation>
        <masterLabel>Ningxia</masterLabel>
        <translation>宁夏省</translation>
    </valueTranslation>
    <valueTranslation>
        <masterLabel>North Carolina</masterLabel>
        <translation>北卡罗来纳州</translation>
    </valueTranslation>
    <valueTranslation>
        <masterLabel>North Dakota</masterLabel>
        <translation>北达科他州</translation>
    </valueTranslation>
    <valueTranslation>
        <masterLabel>Northern Territory</masterLabel>
        <translation>北领地</translation>
    </valueTranslation>
    <valueTranslation>
        <masterLabel>Northwest Territories</masterLabel>
        <translation>西北地区</translation>
    </valueTranslation>
    <valueTranslation>
        <masterLabel>Nova Scotia</masterLabel>
        <translation>新斯科舍</translation>
    </valueTranslation>
    <valueTranslation>
        <masterLabel>Novara</masterLabel>
        <translation>诺瓦拉</translation>
    </valueTranslation>
    <valueTranslation>
        <masterLabel>Nuevo León</masterLabel>
        <translation>新莱昂州</translation>
    </valueTranslation>
    <valueTranslation>
        <masterLabel>Nunavut</masterLabel>
        <translation>努勒维特</translation>
    </valueTranslation>
    <valueTranslation>
        <masterLabel>Nuoro</masterLabel>
        <translation>努奥罗省</translation>
    </valueTranslation>
    <valueTranslation>
        <masterLabel>Oaxaca</masterLabel>
        <translation>瓦哈卡州</translation>
    </valueTranslation>
    <valueTranslation>
        <masterLabel>Odisha</masterLabel>
        <translation>奥里萨邦</translation>
    </valueTranslation>
    <valueTranslation>
        <masterLabel>Offaly</masterLabel>
        <translation>奥法利郡</translation>
    </valueTranslation>
    <valueTranslation>
        <masterLabel>Ogliastra</masterLabel>
        <translation>奥里亚斯特拉省</translation>
    </valueTranslation>
    <valueTranslation>
        <masterLabel>Ohio</masterLabel>
        <translation>俄亥俄州</translation>
    </valueTranslation>
    <valueTranslation>
        <masterLabel>Oklahoma</masterLabel>
        <translation>俄克拉何马州</translation>
    </valueTranslation>
    <valueTranslation>
        <masterLabel>Olbia-Tempio</masterLabel>
        <translation>奥尔比亚坦皮奥省</translation>
    </valueTranslation>
    <valueTranslation>
        <masterLabel>Ontario</masterLabel>
        <translation>安大略</translation>
    </valueTranslation>
    <valueTranslation>
        <masterLabel>Oregon</masterLabel>
        <translation>俄勒冈州</translation>
    </valueTranslation>
    <valueTranslation>
        <masterLabel>Oristano</masterLabel>
        <translation>奥里斯塔诺</translation>
    </valueTranslation>
    <valueTranslation>
        <masterLabel>Padua</masterLabel>
        <translation>帕多瓦</translation>
    </valueTranslation>
    <valueTranslation>
        <masterLabel>Palermo</masterLabel>
        <translation>巴勒莫</translation>
    </valueTranslation>
    <valueTranslation>
        <masterLabel>Paraná</masterLabel>
        <translation>巴拉那州</translation>
    </valueTranslation>
    <valueTranslation>
        <masterLabel>Paraíba</masterLabel>
        <translation>帕拉伊巴州</translation>
    </valueTranslation>
    <valueTranslation>
        <masterLabel>Parma</masterLabel>
        <translation>帕尔马</translation>
    </valueTranslation>
    <valueTranslation>
        <masterLabel>Pará</masterLabel>
        <translation>帕拉州</translation>
    </valueTranslation>
    <valueTranslation>
        <masterLabel>Pavia</masterLabel>
        <translation>帕维亚</translation>
    </valueTranslation>
    <valueTranslation>
        <masterLabel>Pennsylvania</masterLabel>
        <translation>宾夕法尼亚州</translation>
    </valueTranslation>
    <valueTranslation>
        <masterLabel>Pernambuco</masterLabel>
        <translation>伯南布哥州</translation>
    </valueTranslation>
    <valueTranslation>
        <masterLabel>Perugia</masterLabel>
        <translation>佩鲁贾</translation>
    </valueTranslation>
    <valueTranslation>
        <masterLabel>Pesaro and Urbino</masterLabel>
        <translation>佩萨罗和乌尔比诺省</translation>
    </valueTranslation>
    <valueTranslation>
        <masterLabel>Pescara</masterLabel>
        <translation>佩斯卡拉</translation>
    </valueTranslation>
    <valueTranslation>
        <masterLabel>Piacenza</masterLabel>
        <translation>皮亚琴察</translation>
    </valueTranslation>
    <valueTranslation>
        <masterLabel>Piauí</masterLabel>
        <translation>皮奥伊州</translation>
    </valueTranslation>
    <valueTranslation>
        <masterLabel>Pisa</masterLabel>
        <translation>比萨</translation>
    </valueTranslation>
    <valueTranslation>
        <masterLabel>Pistoia</masterLabel>
        <translation>皮斯托亚</translation>
    </valueTranslation>
    <valueTranslation>
        <masterLabel>Pordenone</masterLabel>
        <translation>波丹诺内</translation>
    </valueTranslation>
    <valueTranslation>
        <masterLabel>Potenza</masterLabel>
        <translation>波坦察</translation>
    </valueTranslation>
    <valueTranslation>
        <masterLabel>Prato</masterLabel>
        <translation>普拉托</translation>
    </valueTranslation>
    <valueTranslation>
        <masterLabel>Prince Edward Island</masterLabel>
        <translation>爱德华王子岛</translation>
    </valueTranslation>
    <valueTranslation>
        <masterLabel>Puducherry</masterLabel>
        <translation>本地治里</translation>
    </valueTranslation>
    <valueTranslation>
        <masterLabel>Puebla</masterLabel>
        <translation>普埃布拉州</translation>
    </valueTranslation>
    <valueTranslation>
        <masterLabel>Punjab</masterLabel>
        <translation>旁遮普邦</translation>
    </valueTranslation>
    <valueTranslation>
        <masterLabel>Qinghai</masterLabel>
        <translation>青海省</translation>
    </valueTranslation>
    <valueTranslation>
        <masterLabel>Quebec</masterLabel>
        <translation>魁北克</translation>
    </valueTranslation>
    <valueTranslation>
        <masterLabel>Queensland</masterLabel>
        <translation>昆士兰州</translation>
    </valueTranslation>
    <valueTranslation>
        <masterLabel>Querétaro</masterLabel>
        <translation>克雷塔罗州</translation>
    </valueTranslation>
    <valueTranslation>
        <masterLabel>Quintana Roo</masterLabel>
        <translation>金塔纳罗奥州</translation>
    </valueTranslation>
    <valueTranslation>
        <masterLabel>Ragusa</masterLabel>
        <translation>拉古萨</translation>
    </valueTranslation>
    <valueTranslation>
        <masterLabel>Rajasthan</masterLabel>
        <translation>拉贾斯坦邦</translation>
    </valueTranslation>
    <valueTranslation>
        <masterLabel>Ravenna</masterLabel>
        <translation>拉文那</translation>
    </valueTranslation>
    <valueTranslation>
        <masterLabel>Reggio Calabria</masterLabel>
        <translation>雷焦卡拉布里亚</translation>
    </valueTranslation>
    <valueTranslation>
        <masterLabel>Reggio Emilia</masterLabel>
        <translation>雷焦艾米利亚</translation>
    </valueTranslation>
    <valueTranslation>
        <masterLabel>Rhode Island</masterLabel>
        <translation>罗得岛</translation>
    </valueTranslation>
    <valueTranslation>
        <masterLabel>Rieti</masterLabel>
        <translation>列蒂</translation>
    </valueTranslation>
    <valueTranslation>
        <masterLabel>Rimini</masterLabel>
        <translation>里米尼</translation>
    </valueTranslation>
    <valueTranslation>
        <masterLabel>Rio Grande do Norte</masterLabel>
        <translation>北里奥格兰德州</translation>
    </valueTranslation>
    <valueTranslation>
        <masterLabel>Rio Grande do Sul</masterLabel>
        <translation>南里奥格兰德州</translation>
    </valueTranslation>
    <valueTranslation>
        <masterLabel>Rio de Janeiro</masterLabel>
        <translation>里约热内卢州</translation>
    </valueTranslation>
    <valueTranslation>
        <masterLabel>Rome</masterLabel>
        <translation>罗马</translation>
    </valueTranslation>
    <valueTranslation>
        <masterLabel>Rondônia</masterLabel>
        <translation>朗多尼亚州</translation>
    </valueTranslation>
    <valueTranslation>
        <masterLabel>Roraima</masterLabel>
        <translation>罗赖马州</translation>
    </valueTranslation>
    <valueTranslation>
        <masterLabel>Roscommon</masterLabel>
        <translation>罗斯康门郡</translation>
    </valueTranslation>
    <valueTranslation>
        <masterLabel>Rovigo</masterLabel>
        <translation>罗维戈</translation>
    </valueTranslation>
    <valueTranslation>
        <masterLabel>Salerno</masterLabel>
        <translation>萨勒诺</translation>
    </valueTranslation>
    <valueTranslation>
        <masterLabel>San Luis Potosí</masterLabel>
        <translation>圣路易斯波托西州</translation>
    </valueTranslation>
    <valueTranslation>
        <masterLabel>Santa Catarina</masterLabel>
        <translation>圣卡塔琳娜州</translation>
    </valueTranslation>
    <valueTranslation>
        <masterLabel>Saskatchewan</masterLabel>
        <translation>萨斯喀彻温</translation>
    </valueTranslation>
    <valueTranslation>
        <masterLabel>Sassari</masterLabel>
        <translation>萨萨里</translation>
    </valueTranslation>
    <valueTranslation>
        <masterLabel>Savona</masterLabel>
        <translation>萨沃纳</translation>
    </valueTranslation>
    <valueTranslation>
        <masterLabel>Sergipe</masterLabel>
        <translation>塞尔希培州</translation>
    </valueTranslation>
    <valueTranslation>
        <masterLabel>Shaanxi</masterLabel>
        <translation>陕西省</translation>
    </valueTranslation>
    <valueTranslation>
        <masterLabel>Shandong</masterLabel>
        <translation>山东省</translation>
    </valueTranslation>
    <valueTranslation>
        <masterLabel>Shanghai</masterLabel>
        <translation>上海市</translation>
    </valueTranslation>
    <valueTranslation>
        <masterLabel>Shanxi</masterLabel>
        <translation>山西省</translation>
    </valueTranslation>
    <valueTranslation>
        <masterLabel>Sichuan</masterLabel>
        <translation>四川省</translation>
    </valueTranslation>
    <valueTranslation>
        <masterLabel>Siena</masterLabel>
        <translation>锡耶纳</translation>
    </valueTranslation>
    <valueTranslation>
        <masterLabel>Sikkim</masterLabel>
        <translation>锡金邦</translation>
    </valueTranslation>
    <valueTranslation>
        <masterLabel>Sinaloa</masterLabel>
        <translation>锡那罗亚州</translation>
    </valueTranslation>
    <valueTranslation>
        <masterLabel>Sligo</masterLabel>
        <translation>斯莱戈郡</translation>
    </valueTranslation>
    <valueTranslation>
        <masterLabel>Sondrio</masterLabel>
        <translation>松德里奥</translation>
    </valueTranslation>
    <valueTranslation>
        <masterLabel>Sonora</masterLabel>
        <translation>索诺拉州</translation>
    </valueTranslation>
    <valueTranslation>
        <masterLabel>South Australia</masterLabel>
        <translation>澳大利亚南部</translation>
    </valueTranslation>
    <valueTranslation>
        <masterLabel>South Carolina</masterLabel>
        <translation>南卡罗来纳州</translation>
    </valueTranslation>
    <valueTranslation>
        <masterLabel>South Dakota</masterLabel>
        <translation>南达科他州</translation>
    </valueTranslation>
    <valueTranslation>
        <masterLabel>Syracuse</masterLabel>
        <translation>锡拉库扎</translation>
    </valueTranslation>
    <valueTranslation>
        <masterLabel>São Paulo</masterLabel>
        <translation>圣保罗州</translation>
    </valueTranslation>
    <valueTranslation>
        <masterLabel>Tabasco</masterLabel>
        <translation>塔瓦斯科州</translation>
    </valueTranslation>
    <valueTranslation>
        <masterLabel>Tamaulipas</masterLabel>
        <translation>塔毛利帕斯州</translation>
    </valueTranslation>
    <valueTranslation>
        <masterLabel>Tamil Nadu</masterLabel>
        <translation>泰米尔纳德邦</translation>
    </valueTranslation>
    <valueTranslation>
        <masterLabel>Taranto</masterLabel>
        <translation>塔兰托</translation>
    </valueTranslation>
    <valueTranslation>
        <masterLabel>Tasmania</masterLabel>
        <translation>塔斯马尼亚州</translation>
    </valueTranslation>
    <valueTranslation>
        <masterLabel>Tennessee</masterLabel>
        <translation>田纳西州</translation>
    </valueTranslation>
    <valueTranslation>
        <masterLabel>Teramo</masterLabel>
        <translation>泰拉莫</translation>
    </valueTranslation>
    <valueTranslation>
        <masterLabel>Terni</masterLabel>
        <translation>特尔尼</translation>
    </valueTranslation>
    <valueTranslation>
        <masterLabel>Texas</masterLabel>
        <translation>得克萨斯州</translation>
    </valueTranslation>
    <valueTranslation>
        <masterLabel>Tianjin</masterLabel>
        <translation>天津市</translation>
    </valueTranslation>
    <valueTranslation>
        <masterLabel>Tipperary</masterLabel>
        <translation>蒂珀雷里郡</translation>
    </valueTranslation>
    <valueTranslation>
        <masterLabel>Tlaxcala</masterLabel>
        <translation>特拉斯卡拉州</translation>
    </valueTranslation>
    <valueTranslation>
        <masterLabel>Tocantins</masterLabel>
        <translation>托坎廷斯州</translation>
    </valueTranslation>
    <valueTranslation>
        <masterLabel>Trapani</masterLabel>
        <translation>特拉帕尼</translation>
    </valueTranslation>
    <valueTranslation>
        <masterLabel>Trento</masterLabel>
        <translation>特伦托</translation>
    </valueTranslation>
    <valueTranslation>
        <masterLabel>Treviso</masterLabel>
        <translation>特雷维索</translation>
    </valueTranslation>
    <valueTranslation>
        <masterLabel>Trieste</masterLabel>
        <translation>的里雅斯特</translation>
    </valueTranslation>
    <valueTranslation>
        <masterLabel>Tripura</masterLabel>
        <translation>特里普拉邦</translation>
    </valueTranslation>
    <valueTranslation>
        <masterLabel>Turin</masterLabel>
        <translation>都灵</translation>
    </valueTranslation>
    <valueTranslation>
        <masterLabel>Udine</masterLabel>
        <translation>乌迪内</translation>
    </valueTranslation>
    <valueTranslation>
        <masterLabel>Utah</masterLabel>
        <translation>犹他州</translation>
    </valueTranslation>
    <valueTranslation>
        <masterLabel>Uttar Pradesh</masterLabel>
        <translation>北方邦</translation>
    </valueTranslation>
    <valueTranslation>
        <masterLabel>Uttarakhand</masterLabel>
        <translation>北阿坎德邦</translation>
    </valueTranslation>
    <valueTranslation>
        <masterLabel>Varese</masterLabel>
        <translation>瓦雷泽</translation>
    </valueTranslation>
    <valueTranslation>
        <masterLabel>Venice</masterLabel>
        <translation>威尼斯</translation>
    </valueTranslation>
    <valueTranslation>
        <masterLabel>Veracruz</masterLabel>
        <translation>韦拉克鲁斯州</translation>
    </valueTranslation>
    <valueTranslation>
        <masterLabel>Verbano-Cusio-Ossola</masterLabel>
        <translation>韦尔巴诺庫西亚奥索拉省</translation>
    </valueTranslation>
    <valueTranslation>
        <masterLabel>Vercelli</masterLabel>
        <translation>维切里</translation>
    </valueTranslation>
    <valueTranslation>
        <masterLabel>Vermont</masterLabel>
        <translation>佛蒙特州</translation>
    </valueTranslation>
    <valueTranslation>
        <masterLabel>Verona</masterLabel>
        <translation>维罗纳</translation>
    </valueTranslation>
    <valueTranslation>
        <masterLabel>Vibo Valentia</masterLabel>
        <translation>伦蒂亚</translation>
    </valueTranslation>
    <valueTranslation>
        <masterLabel>Vicenza</masterLabel>
        <translation>维琴察</translation>
    </valueTranslation>
    <valueTranslation>
        <masterLabel>Victoria</masterLabel>
        <translation>维多利亚</translation>
    </valueTranslation>
    <valueTranslation>
        <masterLabel>Virginia</masterLabel>
        <translation>弗吉尼亚州</translation>
    </valueTranslation>
    <valueTranslation>
        <masterLabel>Viterbo</masterLabel>
        <translation>维泰博</translation>
    </valueTranslation>
    <valueTranslation>
        <masterLabel>Washington</masterLabel>
        <translation>华盛顿州</translation>
    </valueTranslation>
    <valueTranslation>
        <masterLabel>Waterford</masterLabel>
        <translation>沃特福德郡</translation>
    </valueTranslation>
    <valueTranslation>
        <masterLabel>West Bengal</masterLabel>
        <translation>西孟加拉邦</translation>
    </valueTranslation>
    <valueTranslation>
        <masterLabel>West Virginia</masterLabel>
        <translation>西弗吉尼亚州</translation>
    </valueTranslation>
    <valueTranslation>
        <masterLabel>Western Australia</masterLabel>
        <translation>澳大利亚西部</translation>
    </valueTranslation>
    <valueTranslation>
        <masterLabel>Westmeath</masterLabel>
        <translation>西米斯郡</translation>
    </valueTranslation>
    <valueTranslation>
        <masterLabel>Wexford</masterLabel>
        <translation>韦克斯福德郡</translation>
    </valueTranslation>
    <valueTranslation>
        <masterLabel>Wicklow</masterLabel>
        <translation>威克娄郡</translation>
    </valueTranslation>
    <valueTranslation>
        <masterLabel>Wisconsin</masterLabel>
        <translation>威斯康星州</translation>
    </valueTranslation>
    <valueTranslation>
        <masterLabel>Wyoming</masterLabel>
        <translation>怀俄明州</translation>
    </valueTranslation>
    <valueTranslation>
        <masterLabel>Xinjiang</masterLabel>
        <translation>新疆省</translation>
    </valueTranslation>
    <valueTranslation>
        <masterLabel>Xizang</masterLabel>
        <translation>西藏省</translation>
    </valueTranslation>
    <valueTranslation>
        <masterLabel>Yucatán</masterLabel>
        <translation>尤卡坦州</translation>
    </valueTranslation>
    <valueTranslation>
        <masterLabel>Yukon Territories</masterLabel>
        <translation>育空领地</translation>
    </valueTranslation>
    <valueTranslation>
        <masterLabel>Yunnan</masterLabel>
        <translation>云南省</translation>
    </valueTranslation>
    <valueTranslation>
        <masterLabel>Zacatecas</masterLabel>
        <translation>萨卡特卡斯州</translation>
    </valueTranslation>
    <valueTranslation>
        <masterLabel>Zhejiang</masterLabel>
        <translation>浙江省</translation>
    </valueTranslation>
</StandardValueSetTranslation>
