<?xml version="1.0" encoding="UTF-8"?>
<StandardValueSetTranslation xmlns="http://soap.sforce.com/2006/04/metadata">
    <valueTranslation>
        <masterLabel>Afghanistan</masterLabel>
        <translation>Afghanistan</translation>
    </valueTranslation>
    <valueTranslation>
        <masterLabel>Aland Islands</masterLabel>
        <translation>Aland-Inseln</translation>
    </valueTranslation>
    <valueTranslation>
        <masterLabel>Albania</masterLabel>
        <translation>Albanien</translation>
    </valueTranslation>
    <valueTranslation>
        <masterLabel>Algeria</masterLabel>
        <translation>Algerien</translation>
    </valueTranslation>
    <valueTranslation>
        <masterLabel>Andorra</masterLabel>
        <translation>Andorra</translation>
    </valueTranslation>
    <valueTranslation>
        <masterLabel>Angola</masterLabel>
        <translation>Angola</translation>
    </valueTranslation>
    <valueTranslation>
        <masterLabel>Anguilla</masterLabel>
        <translation>Anguilla</translation>
    </valueTranslation>
    <valueTranslation>
        <masterLabel>Antarctica</masterLabel>
        <translation>Antarktis</translation>
    </valueTranslation>
    <valueTranslation>
        <masterLabel>Antigua and Barbuda</masterLabel>
        <translation>Antigua und Barbuda</translation>
    </valueTranslation>
    <valueTranslation>
        <masterLabel>Argentina</masterLabel>
        <translation>Argentinien</translation>
    </valueTranslation>
    <valueTranslation>
        <masterLabel>Armenia</masterLabel>
        <translation>Armenien</translation>
    </valueTranslation>
    <valueTranslation>
        <masterLabel>Aruba</masterLabel>
        <translation>Aruba</translation>
    </valueTranslation>
    <valueTranslation>
        <masterLabel>Australia</masterLabel>
        <translation>Australien</translation>
    </valueTranslation>
    <valueTranslation>
        <masterLabel>Austria</masterLabel>
        <translation>Österreich</translation>
    </valueTranslation>
    <valueTranslation>
        <masterLabel>Azerbaijan</masterLabel>
        <translation>Aserbaidschan</translation>
    </valueTranslation>
    <valueTranslation>
        <masterLabel>Bahamas</masterLabel>
        <translation>Bahamas</translation>
    </valueTranslation>
    <valueTranslation>
        <masterLabel>Bahrain</masterLabel>
        <translation>Bahrain</translation>
    </valueTranslation>
    <valueTranslation>
        <masterLabel>Bangladesh</masterLabel>
        <translation>Bangladesch</translation>
    </valueTranslation>
    <valueTranslation>
        <masterLabel>Barbados</masterLabel>
        <translation>Barbados</translation>
    </valueTranslation>
    <valueTranslation>
        <masterLabel>Belarus</masterLabel>
        <translation>Weißrussland (Belarus)</translation>
    </valueTranslation>
    <valueTranslation>
        <masterLabel>Belgium</masterLabel>
        <translation>Belgien</translation>
    </valueTranslation>
    <valueTranslation>
        <masterLabel>Belize</masterLabel>
        <translation>Belize</translation>
    </valueTranslation>
    <valueTranslation>
        <masterLabel>Benin</masterLabel>
        <translation>Benin</translation>
    </valueTranslation>
    <valueTranslation>
        <masterLabel>Bermuda</masterLabel>
        <translation>Bermuda</translation>
    </valueTranslation>
    <valueTranslation>
        <masterLabel>Bhutan</masterLabel>
        <translation>Bhutan</translation>
    </valueTranslation>
    <valueTranslation>
        <masterLabel>Bolivia, Plurinational State of</masterLabel>
        <translation>Bolivien, Plurinationaler Staat</translation>
    </valueTranslation>
    <valueTranslation>
        <masterLabel>Bonaire, Sint Eustatius and Saba</masterLabel>
        <translation>Bonaire, Sint Eustatius und Saba</translation>
    </valueTranslation>
    <valueTranslation>
        <masterLabel>Bosnia and Herzegovina</masterLabel>
        <translation>Bosnien und Herzegowina</translation>
    </valueTranslation>
    <valueTranslation>
        <masterLabel>Botswana</masterLabel>
        <translation>Botsuana</translation>
    </valueTranslation>
    <valueTranslation>
        <masterLabel>Bouvet Island</masterLabel>
        <translation>Bouvetinsel</translation>
    </valueTranslation>
    <valueTranslation>
        <masterLabel>Brazil</masterLabel>
        <translation>Brasilien</translation>
    </valueTranslation>
    <valueTranslation>
        <masterLabel>British Indian Ocean Territory</masterLabel>
        <translation>Britisches Territorium im Indischen Ozean</translation>
    </valueTranslation>
    <valueTranslation>
        <masterLabel>Brunei Darussalam</masterLabel>
        <translation>Brunei Darussalam</translation>
    </valueTranslation>
    <valueTranslation>
        <masterLabel>Bulgaria</masterLabel>
        <translation>Bulgarien</translation>
    </valueTranslation>
    <valueTranslation>
        <masterLabel>Burkina Faso</masterLabel>
        <translation>Burkina Faso</translation>
    </valueTranslation>
    <valueTranslation>
        <masterLabel>Burundi</masterLabel>
        <translation>Burundi</translation>
    </valueTranslation>
    <valueTranslation>
        <masterLabel>Cambodia</masterLabel>
        <translation>Kambodscha</translation>
    </valueTranslation>
    <valueTranslation>
        <masterLabel>Cameroon</masterLabel>
        <translation>Kamerun</translation>
    </valueTranslation>
    <valueTranslation>
        <masterLabel>Canada</masterLabel>
        <translation>Kanada</translation>
    </valueTranslation>
    <valueTranslation>
        <masterLabel>Cape Verde</masterLabel>
        <translation>Kap Verde</translation>
    </valueTranslation>
    <valueTranslation>
        <masterLabel>Cayman Islands</masterLabel>
        <translation>Kaimaninseln</translation>
    </valueTranslation>
    <valueTranslation>
        <masterLabel>Central African Republic</masterLabel>
        <translation>Zentralafrikanische Republik</translation>
    </valueTranslation>
    <valueTranslation>
        <masterLabel>Chad</masterLabel>
        <translation>Tschad</translation>
    </valueTranslation>
    <valueTranslation>
        <masterLabel>Chile</masterLabel>
        <translation>Chile</translation>
    </valueTranslation>
    <valueTranslation>
        <masterLabel>China</masterLabel>
        <translation>China</translation>
    </valueTranslation>
    <valueTranslation>
        <masterLabel>Chinese Taipei</masterLabel>
        <translation>Taiwan</translation>
    </valueTranslation>
    <valueTranslation>
        <masterLabel>Christmas Island</masterLabel>
        <translation>Weihnachtsinsel</translation>
    </valueTranslation>
    <valueTranslation>
        <masterLabel>Cocos (Keeling) Islands</masterLabel>
        <translation>Kokosinseln (Keelinginseln)</translation>
    </valueTranslation>
    <valueTranslation>
        <masterLabel>Colombia</masterLabel>
        <translation>Kolumbien</translation>
    </valueTranslation>
    <valueTranslation>
        <masterLabel>Comoros</masterLabel>
        <translation>Komoren</translation>
    </valueTranslation>
    <valueTranslation>
        <masterLabel>Congo</masterLabel>
        <translation>Kongo</translation>
    </valueTranslation>
    <valueTranslation>
        <masterLabel>Congo, the Democratic Republic of the</masterLabel>
        <translation>Kongo, Demokratische Republik</translation>
    </valueTranslation>
    <valueTranslation>
        <masterLabel>Cook Islands</masterLabel>
        <translation>Cookinseln</translation>
    </valueTranslation>
    <valueTranslation>
        <masterLabel>Costa Rica</masterLabel>
        <translation>Costa Rica</translation>
    </valueTranslation>
    <valueTranslation>
        <masterLabel>Cote d&apos;Ivoire</masterLabel>
        <translation>Elfenbeinküste</translation>
    </valueTranslation>
    <valueTranslation>
        <masterLabel>Croatia</masterLabel>
        <translation>Kroatien</translation>
    </valueTranslation>
    <valueTranslation>
        <masterLabel>Cuba</masterLabel>
        <translation>Kuba</translation>
    </valueTranslation>
    <valueTranslation>
        <masterLabel>Curaçao</masterLabel>
        <translation>Curaçao</translation>
    </valueTranslation>
    <valueTranslation>
        <masterLabel>Cyprus</masterLabel>
        <translation>Zypern</translation>
    </valueTranslation>
    <valueTranslation>
        <masterLabel>Czech Republic</masterLabel>
        <translation>Tschechien</translation>
    </valueTranslation>
    <valueTranslation>
        <masterLabel>Denmark</masterLabel>
        <translation>Dänemark</translation>
    </valueTranslation>
    <valueTranslation>
        <masterLabel>Djibouti</masterLabel>
        <translation>Dschibuti</translation>
    </valueTranslation>
    <valueTranslation>
        <masterLabel>Dominica</masterLabel>
        <translation>Dominica</translation>
    </valueTranslation>
    <valueTranslation>
        <masterLabel>Dominican Republic</masterLabel>
        <translation>Dominikanische Republik</translation>
    </valueTranslation>
    <valueTranslation>
        <masterLabel>Ecuador</masterLabel>
        <translation>Ecuador</translation>
    </valueTranslation>
    <valueTranslation>
        <masterLabel>Egypt</masterLabel>
        <translation>Ägypten</translation>
    </valueTranslation>
    <valueTranslation>
        <masterLabel>El Salvador</masterLabel>
        <translation>El Salvador</translation>
    </valueTranslation>
    <valueTranslation>
        <masterLabel>Equatorial Guinea</masterLabel>
        <translation>Äquatorialguinea</translation>
    </valueTranslation>
    <valueTranslation>
        <masterLabel>Eritrea</masterLabel>
        <translation>Eritrea</translation>
    </valueTranslation>
    <valueTranslation>
        <masterLabel>Estonia</masterLabel>
        <translation>Estland</translation>
    </valueTranslation>
    <valueTranslation>
        <masterLabel>Ethiopia</masterLabel>
        <translation>Äthiopien</translation>
    </valueTranslation>
    <valueTranslation>
        <masterLabel>Falkland Islands (Malvinas)</masterLabel>
        <translation>Falklandinseln (Malwinen)</translation>
    </valueTranslation>
    <valueTranslation>
        <masterLabel>Faroe Islands</masterLabel>
        <translation>Färöer Inseln</translation>
    </valueTranslation>
    <valueTranslation>
        <masterLabel>Fiji</masterLabel>
        <translation>Fidschi</translation>
    </valueTranslation>
    <valueTranslation>
        <masterLabel>Finland</masterLabel>
        <translation>Finnland</translation>
    </valueTranslation>
    <valueTranslation>
        <masterLabel>France</masterLabel>
        <translation>Frankreich</translation>
    </valueTranslation>
    <valueTranslation>
        <masterLabel>French Guiana</masterLabel>
        <translation>Französisch-Guayana</translation>
    </valueTranslation>
    <valueTranslation>
        <masterLabel>French Polynesia</masterLabel>
        <translation>Französisch-Polynesien</translation>
    </valueTranslation>
    <valueTranslation>
        <masterLabel>French Southern Territories</masterLabel>
        <translation>Französische Südliche Territorien</translation>
    </valueTranslation>
    <valueTranslation>
        <masterLabel>Gabon</masterLabel>
        <translation>Gabun</translation>
    </valueTranslation>
    <valueTranslation>
        <masterLabel>Gambia</masterLabel>
        <translation>Gambia</translation>
    </valueTranslation>
    <valueTranslation>
        <masterLabel>Georgia</masterLabel>
        <translation>Georgien</translation>
    </valueTranslation>
    <valueTranslation>
        <masterLabel>Germany</masterLabel>
        <translation>Deutschland</translation>
    </valueTranslation>
    <valueTranslation>
        <masterLabel>Ghana</masterLabel>
        <translation>Ghana</translation>
    </valueTranslation>
    <valueTranslation>
        <masterLabel>Gibraltar</masterLabel>
        <translation>Gibraltar</translation>
    </valueTranslation>
    <valueTranslation>
        <masterLabel>Greece</masterLabel>
        <translation>Griechenland</translation>
    </valueTranslation>
    <valueTranslation>
        <masterLabel>Greenland</masterLabel>
        <translation>Grönland</translation>
    </valueTranslation>
    <valueTranslation>
        <masterLabel>Grenada</masterLabel>
        <translation>Grenada</translation>
    </valueTranslation>
    <valueTranslation>
        <masterLabel>Guadeloupe</masterLabel>
        <translation>Guadeloupe</translation>
    </valueTranslation>
    <valueTranslation>
        <masterLabel>Guatemala</masterLabel>
        <translation>Guatemala</translation>
    </valueTranslation>
    <valueTranslation>
        <masterLabel>Guernsey</masterLabel>
        <translation>Guernsey</translation>
    </valueTranslation>
    <valueTranslation>
        <masterLabel>Guinea</masterLabel>
        <translation>Guinea</translation>
    </valueTranslation>
    <valueTranslation>
        <masterLabel>Guinea-Bissau</masterLabel>
        <translation>Guinea-Bissau</translation>
    </valueTranslation>
    <valueTranslation>
        <masterLabel>Guyana</masterLabel>
        <translation>Guyana</translation>
    </valueTranslation>
    <valueTranslation>
        <masterLabel>Haiti</masterLabel>
        <translation>Haiti</translation>
    </valueTranslation>
    <valueTranslation>
        <masterLabel>Heard Island and McDonald Islands</masterLabel>
        <translation>Heard-Insel und McDonald-Inseln</translation>
    </valueTranslation>
    <valueTranslation>
        <masterLabel>Holy See (Vatican City State)</masterLabel>
        <translation>Heiliger Stuhl (Vatikanstadt)</translation>
    </valueTranslation>
    <valueTranslation>
        <masterLabel>Honduras</masterLabel>
        <translation>Honduras</translation>
    </valueTranslation>
    <valueTranslation>
        <masterLabel>Hungary</masterLabel>
        <translation>Ungarn</translation>
    </valueTranslation>
    <valueTranslation>
        <masterLabel>Iceland</masterLabel>
        <translation>Island</translation>
    </valueTranslation>
    <valueTranslation>
        <masterLabel>India</masterLabel>
        <translation>Indien</translation>
    </valueTranslation>
    <valueTranslation>
        <masterLabel>Indonesia</masterLabel>
        <translation>Indonesien</translation>
    </valueTranslation>
    <valueTranslation>
        <masterLabel>Iran, Islamic Republic of</masterLabel>
        <translation>Iran, Islamische Republik</translation>
    </valueTranslation>
    <valueTranslation>
        <masterLabel>Iraq</masterLabel>
        <translation>Irak</translation>
    </valueTranslation>
    <valueTranslation>
        <masterLabel>Ireland</masterLabel>
        <translation>Irland</translation>
    </valueTranslation>
    <valueTranslation>
        <masterLabel>Isle of Man</masterLabel>
        <translation>Insel Man</translation>
    </valueTranslation>
    <valueTranslation>
        <masterLabel>Israel</masterLabel>
        <translation>Israel</translation>
    </valueTranslation>
    <valueTranslation>
        <masterLabel>Italy</masterLabel>
        <translation>Italien</translation>
    </valueTranslation>
    <valueTranslation>
        <masterLabel>Jamaica</masterLabel>
        <translation>Jamaika</translation>
    </valueTranslation>
    <valueTranslation>
        <masterLabel>Japan</masterLabel>
        <translation>Japan</translation>
    </valueTranslation>
    <valueTranslation>
        <masterLabel>Jersey</masterLabel>
        <translation>Jersey</translation>
    </valueTranslation>
    <valueTranslation>
        <masterLabel>Jordan</masterLabel>
        <translation>Jordanien</translation>
    </valueTranslation>
    <valueTranslation>
        <masterLabel>Kazakhstan</masterLabel>
        <translation>Kasachstan</translation>
    </valueTranslation>
    <valueTranslation>
        <masterLabel>Kenya</masterLabel>
        <translation>Kenia</translation>
    </valueTranslation>
    <valueTranslation>
        <masterLabel>Kiribati</masterLabel>
        <translation>Kiribati</translation>
    </valueTranslation>
    <valueTranslation>
        <masterLabel>Korea, Democratic People&apos;s Republic of</masterLabel>
        <translation>Korea, Demokratische Volksrepublik</translation>
    </valueTranslation>
    <valueTranslation>
        <masterLabel>Korea, Republic of</masterLabel>
        <translation>Korea, Republik</translation>
    </valueTranslation>
    <valueTranslation>
        <masterLabel>Kuwait</masterLabel>
        <translation>Kuwait</translation>
    </valueTranslation>
    <valueTranslation>
        <masterLabel>Kyrgyzstan</masterLabel>
        <translation>Kirgisistan</translation>
    </valueTranslation>
    <valueTranslation>
        <masterLabel>Lao People&apos;s Democratic Republic</masterLabel>
        <translation>Laos, Demokratische Volksrepublik</translation>
    </valueTranslation>
    <valueTranslation>
        <masterLabel>Latvia</masterLabel>
        <translation>Lettland</translation>
    </valueTranslation>
    <valueTranslation>
        <masterLabel>Lebanon</masterLabel>
        <translation>Libanon</translation>
    </valueTranslation>
    <valueTranslation>
        <masterLabel>Lesotho</masterLabel>
        <translation>Lesotho</translation>
    </valueTranslation>
    <valueTranslation>
        <masterLabel>Liberia</masterLabel>
        <translation>Liberia</translation>
    </valueTranslation>
    <valueTranslation>
        <masterLabel>Libyan Arab Jamahiriya</masterLabel>
        <translation>Libyen</translation>
    </valueTranslation>
    <valueTranslation>
        <masterLabel>Liechtenstein</masterLabel>
        <translation>Liechtenstein</translation>
    </valueTranslation>
    <valueTranslation>
        <masterLabel>Lithuania</masterLabel>
        <translation>Litauen</translation>
    </valueTranslation>
    <valueTranslation>
        <masterLabel>Luxembourg</masterLabel>
        <translation>Luxemburg</translation>
    </valueTranslation>
    <valueTranslation>
        <masterLabel>Macao</masterLabel>
        <translation>Macao</translation>
    </valueTranslation>
    <valueTranslation>
        <masterLabel>Macedonia, the former Yugoslav Republic of</masterLabel>
        <translation>Nordmazedonien</translation>
    </valueTranslation>
    <valueTranslation>
        <masterLabel>Madagascar</masterLabel>
        <translation>Madagaskar</translation>
    </valueTranslation>
    <valueTranslation>
        <masterLabel>Malawi</masterLabel>
        <translation>Malawi</translation>
    </valueTranslation>
    <valueTranslation>
        <masterLabel>Malaysia</masterLabel>
        <translation>Malaysia</translation>
    </valueTranslation>
    <valueTranslation>
        <masterLabel>Maldives</masterLabel>
        <translation>Malediven</translation>
    </valueTranslation>
    <valueTranslation>
        <masterLabel>Mali</masterLabel>
        <translation>Mali</translation>
    </valueTranslation>
    <valueTranslation>
        <masterLabel>Malta</masterLabel>
        <translation>Malta</translation>
    </valueTranslation>
    <valueTranslation>
        <masterLabel>Martinique</masterLabel>
        <translation>Martinique</translation>
    </valueTranslation>
    <valueTranslation>
        <masterLabel>Mauritania</masterLabel>
        <translation>Mauretanien</translation>
    </valueTranslation>
    <valueTranslation>
        <masterLabel>Mauritius</masterLabel>
        <translation>Mauritius</translation>
    </valueTranslation>
    <valueTranslation>
        <masterLabel>Mayotte</masterLabel>
        <translation>Mayotte</translation>
    </valueTranslation>
    <valueTranslation>
        <masterLabel>Mexico</masterLabel>
        <translation>Mexiko</translation>
    </valueTranslation>
    <valueTranslation>
        <masterLabel>Moldova, Republic of</masterLabel>
        <translation>Moldau, Republik</translation>
    </valueTranslation>
    <valueTranslation>
        <masterLabel>Monaco</masterLabel>
        <translation>Monaco</translation>
    </valueTranslation>
    <valueTranslation>
        <masterLabel>Mongolia</masterLabel>
        <translation>Mongolei</translation>
    </valueTranslation>
    <valueTranslation>
        <masterLabel>Montenegro</masterLabel>
        <translation>Montenegro</translation>
    </valueTranslation>
    <valueTranslation>
        <masterLabel>Montserrat</masterLabel>
        <translation>Montserrat</translation>
    </valueTranslation>
    <valueTranslation>
        <masterLabel>Morocco</masterLabel>
        <translation>Marokko</translation>
    </valueTranslation>
    <valueTranslation>
        <masterLabel>Mozambique</masterLabel>
        <translation>Mosambik</translation>
    </valueTranslation>
    <valueTranslation>
        <masterLabel>Myanmar</masterLabel>
        <translation>Myanmar</translation>
    </valueTranslation>
    <valueTranslation>
        <masterLabel>Namibia</masterLabel>
        <translation>Namibia</translation>
    </valueTranslation>
    <valueTranslation>
        <masterLabel>Nauru</masterLabel>
        <translation>Nauru</translation>
    </valueTranslation>
    <valueTranslation>
        <masterLabel>Nepal</masterLabel>
        <translation>Nepal</translation>
    </valueTranslation>
    <valueTranslation>
        <masterLabel>Netherlands</masterLabel>
        <translation>Niederlande</translation>
    </valueTranslation>
    <valueTranslation>
        <masterLabel>New Caledonia</masterLabel>
        <translation>Neukaledonien</translation>
    </valueTranslation>
    <valueTranslation>
        <masterLabel>New Zealand</masterLabel>
        <translation>Neuseeland</translation>
    </valueTranslation>
    <valueTranslation>
        <masterLabel>Nicaragua</masterLabel>
        <translation>Nicaragua</translation>
    </valueTranslation>
    <valueTranslation>
        <masterLabel>Niger</masterLabel>
        <translation>Niger</translation>
    </valueTranslation>
    <valueTranslation>
        <masterLabel>Nigeria</masterLabel>
        <translation>Nigeria</translation>
    </valueTranslation>
    <valueTranslation>
        <masterLabel>Niue</masterLabel>
        <translation>Niue</translation>
    </valueTranslation>
    <valueTranslation>
        <masterLabel>Norfolk Island</masterLabel>
        <translation>Norfolk-Insel</translation>
    </valueTranslation>
    <valueTranslation>
        <masterLabel>Norway</masterLabel>
        <translation>Norwegen</translation>
    </valueTranslation>
    <valueTranslation>
        <masterLabel>Oman</masterLabel>
        <translation>Oman</translation>
    </valueTranslation>
    <valueTranslation>
        <masterLabel>Pakistan</masterLabel>
        <translation>Pakistan</translation>
    </valueTranslation>
    <valueTranslation>
        <masterLabel>Palestinian Territory, Occupied</masterLabel>
        <translation>Palästina</translation>
    </valueTranslation>
    <valueTranslation>
        <masterLabel>Panama</masterLabel>
        <translation>Panama</translation>
    </valueTranslation>
    <valueTranslation>
        <masterLabel>Papua New Guinea</masterLabel>
        <translation>Papua-Neuguinea</translation>
    </valueTranslation>
    <valueTranslation>
        <masterLabel>Paraguay</masterLabel>
        <translation>Paraguay</translation>
    </valueTranslation>
    <valueTranslation>
        <masterLabel>Peru</masterLabel>
        <translation>Peru</translation>
    </valueTranslation>
    <valueTranslation>
        <masterLabel>Philippines</masterLabel>
        <translation>Philippinen</translation>
    </valueTranslation>
    <valueTranslation>
        <masterLabel>Pitcairn</masterLabel>
        <translation>Pitcairninseln</translation>
    </valueTranslation>
    <valueTranslation>
        <masterLabel>Poland</masterLabel>
        <translation>Polen</translation>
    </valueTranslation>
    <valueTranslation>
        <masterLabel>Portugal</masterLabel>
        <translation>Portugal</translation>
    </valueTranslation>
    <valueTranslation>
        <masterLabel>Qatar</masterLabel>
        <translation>Katar</translation>
    </valueTranslation>
    <valueTranslation>
        <masterLabel>Reunion</masterLabel>
        <translation>Réunion</translation>
    </valueTranslation>
    <valueTranslation>
        <masterLabel>Romania</masterLabel>
        <translation>Rumänien</translation>
    </valueTranslation>
    <valueTranslation>
        <masterLabel>Russian Federation</masterLabel>
        <translation>Russische Föderation</translation>
    </valueTranslation>
    <valueTranslation>
        <masterLabel>Rwanda</masterLabel>
        <translation>Ruanda</translation>
    </valueTranslation>
    <valueTranslation>
        <masterLabel>Saint Barthélemy</masterLabel>
        <translation>Saint-Barthélemy</translation>
    </valueTranslation>
    <valueTranslation>
        <masterLabel>Saint Helena, Ascension and Tristan da Cunha</masterLabel>
        <translation>S. Helena, Ascension und Tristan da Cunha</translation>
    </valueTranslation>
    <valueTranslation>
        <masterLabel>Saint Kitts and Nevis</masterLabel>
        <translation>St. Kitts und Nevis</translation>
    </valueTranslation>
    <valueTranslation>
        <masterLabel>Saint Lucia</masterLabel>
        <translation>St. Lucia</translation>
    </valueTranslation>
    <valueTranslation>
        <masterLabel>Saint Martin (French part)</masterLabel>
        <translation>Saint Martin (französischer Teil)</translation>
    </valueTranslation>
    <valueTranslation>
        <masterLabel>Saint Pierre and Miquelon</masterLabel>
        <translation>St. Pierre und Miquelon</translation>
    </valueTranslation>
    <valueTranslation>
        <masterLabel>Saint Vincent and the Grenadines</masterLabel>
        <translation>St. Vincent und die Grenadinen</translation>
    </valueTranslation>
    <valueTranslation>
        <masterLabel>Samoa</masterLabel>
        <translation>Samoa</translation>
    </valueTranslation>
    <valueTranslation>
        <masterLabel>San Marino</masterLabel>
        <translation>San Marino</translation>
    </valueTranslation>
    <valueTranslation>
        <masterLabel>Sao Tome and Principe</masterLabel>
        <translation>São Tomé und Príncipe</translation>
    </valueTranslation>
    <valueTranslation>
        <masterLabel>Saudi Arabia</masterLabel>
        <translation>Saudi-Arabien</translation>
    </valueTranslation>
    <valueTranslation>
        <masterLabel>Senegal</masterLabel>
        <translation>Senegal</translation>
    </valueTranslation>
    <valueTranslation>
        <masterLabel>Serbia</masterLabel>
        <translation>Serbien</translation>
    </valueTranslation>
    <valueTranslation>
        <masterLabel>Seychelles</masterLabel>
        <translation>Seychellen</translation>
    </valueTranslation>
    <valueTranslation>
        <masterLabel>Sierra Leone</masterLabel>
        <translation>Sierra Leone</translation>
    </valueTranslation>
    <valueTranslation>
        <masterLabel>Singapore</masterLabel>
        <translation>Singapur</translation>
    </valueTranslation>
    <valueTranslation>
        <masterLabel>Sint Maarten (Dutch part)</masterLabel>
        <translation>Sint Maarten (niederländischer Teil)</translation>
    </valueTranslation>
    <valueTranslation>
        <masterLabel>Slovakia</masterLabel>
        <translation>Slowakei</translation>
    </valueTranslation>
    <valueTranslation>
        <masterLabel>Slovenia</masterLabel>
        <translation>Slowenien</translation>
    </valueTranslation>
    <valueTranslation>
        <masterLabel>Solomon Islands</masterLabel>
        <translation>Salomonen</translation>
    </valueTranslation>
    <valueTranslation>
        <masterLabel>Somalia</masterLabel>
        <translation>Somalia</translation>
    </valueTranslation>
    <valueTranslation>
        <masterLabel>South Africa</masterLabel>
        <translation>Südafrika</translation>
    </valueTranslation>
    <valueTranslation>
        <masterLabel>South Georgia and the South Sandwich Islands</masterLabel>
        <translation>Südgeorgien die Südlichen Sandwichinseln</translation>
    </valueTranslation>
    <valueTranslation>
        <masterLabel>South Sudan</masterLabel>
        <translation>Südsudan</translation>
    </valueTranslation>
    <valueTranslation>
        <masterLabel>Spain</masterLabel>
        <translation>Spanien</translation>
    </valueTranslation>
    <valueTranslation>
        <masterLabel>Sri Lanka</masterLabel>
        <translation>Sri Lanka</translation>
    </valueTranslation>
    <valueTranslation>
        <masterLabel>Sudan</masterLabel>
        <translation>Sudan</translation>
    </valueTranslation>
    <valueTranslation>
        <masterLabel>Suriname</masterLabel>
        <translation>Suriname</translation>
    </valueTranslation>
    <valueTranslation>
        <masterLabel>Svalbard and Jan Mayen</masterLabel>
        <translation>Svalbard und Jan Mayen</translation>
    </valueTranslation>
    <valueTranslation>
        <masterLabel>Swaziland</masterLabel>
        <translation>Eswatini</translation>
    </valueTranslation>
    <valueTranslation>
        <masterLabel>Sweden</masterLabel>
        <translation>Schweden</translation>
    </valueTranslation>
    <valueTranslation>
        <masterLabel>Switzerland</masterLabel>
        <translation>Schweiz</translation>
    </valueTranslation>
    <valueTranslation>
        <masterLabel>Syrian Arab Republic</masterLabel>
        <translation>Syrien, Arabische Republik</translation>
    </valueTranslation>
    <valueTranslation>
        <masterLabel>Tajikistan</masterLabel>
        <translation>Tadschikistan</translation>
    </valueTranslation>
    <valueTranslation>
        <masterLabel>Tanzania, United Republic of</masterLabel>
        <translation>Tansania, Vereinigte Republik</translation>
    </valueTranslation>
    <valueTranslation>
        <masterLabel>Thailand</masterLabel>
        <translation>Thailand</translation>
    </valueTranslation>
    <valueTranslation>
        <masterLabel>Timor-Leste</masterLabel>
        <translation>Timor-Leste</translation>
    </valueTranslation>
    <valueTranslation>
        <masterLabel>Togo</masterLabel>
        <translation>Togo</translation>
    </valueTranslation>
    <valueTranslation>
        <masterLabel>Tokelau</masterLabel>
        <translation>Tokelau</translation>
    </valueTranslation>
    <valueTranslation>
        <masterLabel>Tonga</masterLabel>
        <translation>Tonga</translation>
    </valueTranslation>
    <valueTranslation>
        <masterLabel>Trinidad and Tobago</masterLabel>
        <translation>Trinidad und Tobago</translation>
    </valueTranslation>
    <valueTranslation>
        <masterLabel>Tunisia</masterLabel>
        <translation>Tunesien</translation>
    </valueTranslation>
    <valueTranslation>
        <masterLabel>Turkey</masterLabel>
        <translation>Türkei</translation>
    </valueTranslation>
    <valueTranslation>
        <masterLabel>Turkmenistan</masterLabel>
        <translation>Turkmenistan</translation>
    </valueTranslation>
    <valueTranslation>
        <masterLabel>Turks and Caicos Islands</masterLabel>
        <translation>Turks- und Caicosinseln</translation>
    </valueTranslation>
    <valueTranslation>
        <masterLabel>Tuvalu</masterLabel>
        <translation>Tuvalu</translation>
    </valueTranslation>
    <valueTranslation>
        <masterLabel>Uganda</masterLabel>
        <translation>Uganda</translation>
    </valueTranslation>
    <valueTranslation>
        <masterLabel>Ukraine</masterLabel>
        <translation>Ukraine</translation>
    </valueTranslation>
    <valueTranslation>
        <masterLabel>United Arab Emirates</masterLabel>
        <translation>Vereinigte Arabische Emirate</translation>
    </valueTranslation>
    <valueTranslation>
        <masterLabel>United Kingdom</masterLabel>
        <translation>Großbritannien</translation>
    </valueTranslation>
    <valueTranslation>
        <masterLabel>United States</masterLabel>
        <translation>USA</translation>
    </valueTranslation>
    <valueTranslation>
        <masterLabel>Uruguay</masterLabel>
        <translation>Uruguay</translation>
    </valueTranslation>
    <valueTranslation>
        <masterLabel>Uzbekistan</masterLabel>
        <translation>Usbekistan</translation>
    </valueTranslation>
    <valueTranslation>
        <masterLabel>Vanuatu</masterLabel>
        <translation>Vanuatu</translation>
    </valueTranslation>
    <valueTranslation>
        <masterLabel>Venezuela, Bolivarian Republic of</masterLabel>
        <translation>Venezuela, Bolivarische Republik</translation>
    </valueTranslation>
    <valueTranslation>
        <masterLabel>Viet Nam</masterLabel>
        <translation>Vietnam</translation>
    </valueTranslation>
    <valueTranslation>
        <masterLabel>Virgin Islands, British</masterLabel>
        <translation>Jungferninseln, Britisch</translation>
    </valueTranslation>
    <valueTranslation>
        <masterLabel>Wallis and Futuna</masterLabel>
        <translation>Wallis und Futuna</translation>
    </valueTranslation>
    <valueTranslation>
        <masterLabel>Western Sahara</masterLabel>
        <translation>Westsahara</translation>
    </valueTranslation>
    <valueTranslation>
        <masterLabel>Yemen</masterLabel>
        <translation>Jemen</translation>
    </valueTranslation>
    <valueTranslation>
        <masterLabel>Zambia</masterLabel>
        <translation>Sambia</translation>
    </valueTranslation>
    <valueTranslation>
        <masterLabel>Zimbabwe</masterLabel>
        <translation>Simbabwe</translation>
    </valueTranslation>
</StandardValueSetTranslation>
