<?xml version="1.0" encoding="UTF-8"?>
<StandardValueSetTranslation xmlns="http://soap.sforce.com/2006/04/metadata">
    <valueTranslation>
        <masterLabel>Acre</masterLabel>
        <translation>アクレ</translation>
    </valueTranslation>
    <valueTranslation>
        <masterLabel>Agrigento</masterLabel>
        <translation>アグリジェント</translation>
    </valueTranslation>
    <valueTranslation>
        <masterLabel>Aguascalientes</masterLabel>
        <translation>アグアスカリエンテス</translation>
    </valueTranslation>
    <valueTranslation>
        <masterLabel>Alabama</masterLabel>
        <translation>アラバマ</translation>
    </valueTranslation>
    <valueTranslation>
        <masterLabel>Alagoas</masterLabel>
        <translation>アラゴアス</translation>
    </valueTranslation>
    <valueTranslation>
        <masterLabel>Alaska</masterLabel>
        <translation>アラスカ</translation>
    </valueTranslation>
    <valueTranslation>
        <masterLabel>Alberta</masterLabel>
        <translation>アルバータ</translation>
    </valueTranslation>
    <valueTranslation>
        <masterLabel>Alessandria</masterLabel>
        <translation>アレッサンドリア</translation>
    </valueTranslation>
    <valueTranslation>
        <masterLabel>Amapá</masterLabel>
        <translation>アマパ</translation>
    </valueTranslation>
    <valueTranslation>
        <masterLabel>Amazonas</masterLabel>
        <translation>アマゾナス</translation>
    </valueTranslation>
    <valueTranslation>
        <masterLabel>Ancona</masterLabel>
        <translation>アンコーナ</translation>
    </valueTranslation>
    <valueTranslation>
        <masterLabel>Andaman and Nicobar Islands</masterLabel>
        <translation>アンダマンニコバル諸島</translation>
    </valueTranslation>
    <valueTranslation>
        <masterLabel>Andhra Pradesh</masterLabel>
        <translation>アンドラプラデシュ</translation>
    </valueTranslation>
    <valueTranslation>
        <masterLabel>Anhui</masterLabel>
        <translation>安徽</translation>
    </valueTranslation>
    <valueTranslation>
        <masterLabel>Aosta</masterLabel>
        <translation>アオスタ</translation>
    </valueTranslation>
    <valueTranslation>
        <masterLabel>Arezzo</masterLabel>
        <translation>アレッツォ</translation>
    </valueTranslation>
    <valueTranslation>
        <masterLabel>Arizona</masterLabel>
        <translation>アリゾナ</translation>
    </valueTranslation>
    <valueTranslation>
        <masterLabel>Arkansas</masterLabel>
        <translation>アーカンソー</translation>
    </valueTranslation>
    <valueTranslation>
        <masterLabel>Arunachal Pradesh</masterLabel>
        <translation>アルナチャルプラデシュ</translation>
    </valueTranslation>
    <valueTranslation>
        <masterLabel>Ascoli Piceno</masterLabel>
        <translation>アスコリピチェーノ</translation>
    </valueTranslation>
    <valueTranslation>
        <masterLabel>Assam</masterLabel>
        <translation>アッサム</translation>
    </valueTranslation>
    <valueTranslation>
        <masterLabel>Asti</masterLabel>
        <translation>アスティ</translation>
    </valueTranslation>
    <valueTranslation>
        <masterLabel>Australian Capital Territory</masterLabel>
        <translation>オーストラリア首都特別地域</translation>
    </valueTranslation>
    <valueTranslation>
        <masterLabel>Avellino</masterLabel>
        <translation>アベリーノ</translation>
    </valueTranslation>
    <valueTranslation>
        <masterLabel>Bahia</masterLabel>
        <translation>バイア</translation>
    </valueTranslation>
    <valueTranslation>
        <masterLabel>Baja California</masterLabel>
        <translation>バハカリフォルニア</translation>
    </valueTranslation>
    <valueTranslation>
        <masterLabel>Baja California Sur</masterLabel>
        <translation>バハカリフォルニアスル</translation>
    </valueTranslation>
    <valueTranslation>
        <masterLabel>Bari</masterLabel>
        <translation>バーリ</translation>
    </valueTranslation>
    <valueTranslation>
        <masterLabel>Barletta-Andria-Trani</masterLabel>
        <translation>バルレッタ-アンドリア-トラーニ</translation>
    </valueTranslation>
    <valueTranslation>
        <masterLabel>Beijing</masterLabel>
        <translation>北京</translation>
    </valueTranslation>
    <valueTranslation>
        <masterLabel>Belluno</masterLabel>
        <translation>ベッルーノ</translation>
    </valueTranslation>
    <valueTranslation>
        <masterLabel>Benevento</masterLabel>
        <translation>ベネベント</translation>
    </valueTranslation>
    <valueTranslation>
        <masterLabel>Bergamo</masterLabel>
        <translation>ベルガモ</translation>
    </valueTranslation>
    <valueTranslation>
        <masterLabel>Biella</masterLabel>
        <translation>ビエッラ</translation>
    </valueTranslation>
    <valueTranslation>
        <masterLabel>Bihar</masterLabel>
        <translation>ビハール</translation>
    </valueTranslation>
    <valueTranslation>
        <masterLabel>Bologna</masterLabel>
        <translation>ボローニャ</translation>
    </valueTranslation>
    <valueTranslation>
        <masterLabel>Bolzano</masterLabel>
        <translation>ボルツァーノ</translation>
    </valueTranslation>
    <valueTranslation>
        <masterLabel>Brescia</masterLabel>
        <translation>ブレシア</translation>
    </valueTranslation>
    <valueTranslation>
        <masterLabel>Brindisi</masterLabel>
        <translation>ブリンディジ</translation>
    </valueTranslation>
    <valueTranslation>
        <masterLabel>British Columbia</masterLabel>
        <translation>ブリティッシュコロンビア</translation>
    </valueTranslation>
    <valueTranslation>
        <masterLabel>Cagliari</masterLabel>
        <translation>カリアリ</translation>
    </valueTranslation>
    <valueTranslation>
        <masterLabel>California</masterLabel>
        <translation>カリフォルニア</translation>
    </valueTranslation>
    <valueTranslation>
        <masterLabel>Caltanissetta</masterLabel>
        <translation>カルタニセッタ</translation>
    </valueTranslation>
    <valueTranslation>
        <masterLabel>Campeche</masterLabel>
        <translation>カンペチェ</translation>
    </valueTranslation>
    <valueTranslation>
        <masterLabel>Campobasso</masterLabel>
        <translation>カンポバッソ</translation>
    </valueTranslation>
    <valueTranslation>
        <masterLabel>Carbonia-Iglesias</masterLabel>
        <translation>カーボニア-イグレシアス</translation>
    </valueTranslation>
    <valueTranslation>
        <masterLabel>Carlow</masterLabel>
        <translation>カーロー</translation>
    </valueTranslation>
    <valueTranslation>
        <masterLabel>Caserta</masterLabel>
        <translation>カセルタ</translation>
    </valueTranslation>
    <valueTranslation>
        <masterLabel>Catania</masterLabel>
        <translation>カタニア</translation>
    </valueTranslation>
    <valueTranslation>
        <masterLabel>Catanzaro</masterLabel>
        <translation>カタンザロ</translation>
    </valueTranslation>
    <valueTranslation>
        <masterLabel>Cavan</masterLabel>
        <translation>キャバン</translation>
    </valueTranslation>
    <valueTranslation>
        <masterLabel>Ceará</masterLabel>
        <translation>セアラ</translation>
    </valueTranslation>
    <valueTranslation>
        <masterLabel>Chandigarh</masterLabel>
        <translation>チャンディガル</translation>
    </valueTranslation>
    <valueTranslation>
        <masterLabel>Chhattisgarh</masterLabel>
        <translation>チャッティースガル</translation>
    </valueTranslation>
    <valueTranslation>
        <masterLabel>Chiapas</masterLabel>
        <translation>チアパス</translation>
    </valueTranslation>
    <valueTranslation>
        <masterLabel>Chieti</masterLabel>
        <translation>キエーティ</translation>
    </valueTranslation>
    <valueTranslation>
        <masterLabel>Chihuahua</masterLabel>
        <translation>チワワ</translation>
    </valueTranslation>
    <valueTranslation>
        <masterLabel>Chinese Taipei</masterLabel>
        <translation>台湾</translation>
    </valueTranslation>
    <valueTranslation>
        <masterLabel>Chongqing</masterLabel>
        <translation>崇慶</translation>
    </valueTranslation>
    <valueTranslation>
        <masterLabel>Clare</masterLabel>
        <translation>クレア</translation>
    </valueTranslation>
    <valueTranslation>
        <masterLabel>Coahuila</masterLabel>
        <translation>コアウィラ</translation>
    </valueTranslation>
    <valueTranslation>
        <masterLabel>Colima</masterLabel>
        <translation>コリマ</translation>
    </valueTranslation>
    <valueTranslation>
        <masterLabel>Colorado</masterLabel>
        <translation>コロラド</translation>
    </valueTranslation>
    <valueTranslation>
        <masterLabel>Como</masterLabel>
        <translation>コモ</translation>
    </valueTranslation>
    <valueTranslation>
        <masterLabel>Connecticut</masterLabel>
        <translation>コネティカット</translation>
    </valueTranslation>
    <valueTranslation>
        <masterLabel>Cork</masterLabel>
        <translation>コーク</translation>
    </valueTranslation>
    <valueTranslation>
        <masterLabel>Cosenza</masterLabel>
        <translation>コゼンツァ</translation>
    </valueTranslation>
    <valueTranslation>
        <masterLabel>Cremona</masterLabel>
        <translation>クレモナ</translation>
    </valueTranslation>
    <valueTranslation>
        <masterLabel>Crotone</masterLabel>
        <translation>クロトネ</translation>
    </valueTranslation>
    <valueTranslation>
        <masterLabel>Cuneo</masterLabel>
        <translation>クネオ</translation>
    </valueTranslation>
    <valueTranslation>
        <masterLabel>Dadra and Nagar Haveli</masterLabel>
        <translation>ダドラアンドナガルハベリ</translation>
    </valueTranslation>
    <valueTranslation>
        <masterLabel>Daman and Diu</masterLabel>
        <translation>ダマンアンドディウ</translation>
    </valueTranslation>
    <valueTranslation>
        <masterLabel>Delaware</masterLabel>
        <translation>デラウェア</translation>
    </valueTranslation>
    <valueTranslation>
        <masterLabel>Delhi</masterLabel>
        <translation>デリー</translation>
    </valueTranslation>
    <valueTranslation>
        <masterLabel>District of Columbia</masterLabel>
        <translation>コロンビア特別区</translation>
    </valueTranslation>
    <valueTranslation>
        <masterLabel>Distrito Federal</masterLabel>
        <translation>連邦直轄区</translation>
    </valueTranslation>
    <valueTranslation>
        <masterLabel>Donegal</masterLabel>
        <translation>ドニゴール</translation>
    </valueTranslation>
    <valueTranslation>
        <masterLabel>Dublin</masterLabel>
        <translation>ダブリン</translation>
    </valueTranslation>
    <valueTranslation>
        <masterLabel>Durango</masterLabel>
        <translation>ドゥランゴ</translation>
    </valueTranslation>
    <valueTranslation>
        <masterLabel>Enna</masterLabel>
        <translation>エンナ</translation>
    </valueTranslation>
    <valueTranslation>
        <masterLabel>Espírito Santo</masterLabel>
        <translation>エスピリトサント</translation>
    </valueTranslation>
    <valueTranslation>
        <masterLabel>Federal District</masterLabel>
        <translation>連邦区</translation>
    </valueTranslation>
    <valueTranslation>
        <masterLabel>Fermo</masterLabel>
        <translation>ファーモ</translation>
    </valueTranslation>
    <valueTranslation>
        <masterLabel>Ferrara</masterLabel>
        <translation>フェラーラ</translation>
    </valueTranslation>
    <valueTranslation>
        <masterLabel>Florence</masterLabel>
        <translation>フィレンツェ</translation>
    </valueTranslation>
    <valueTranslation>
        <masterLabel>Florida</masterLabel>
        <translation>フロリダ</translation>
    </valueTranslation>
    <valueTranslation>
        <masterLabel>Foggia</masterLabel>
        <translation>フォッジア</translation>
    </valueTranslation>
    <valueTranslation>
        <masterLabel>Forlì-Cesena</masterLabel>
        <translation>フォルリ-チェゼーナ</translation>
    </valueTranslation>
    <valueTranslation>
        <masterLabel>Frosinone</masterLabel>
        <translation>フロシノーネ</translation>
    </valueTranslation>
    <valueTranslation>
        <masterLabel>Fujian</masterLabel>
        <translation>苻堅</translation>
    </valueTranslation>
    <valueTranslation>
        <masterLabel>Galway</masterLabel>
        <translation>ゴールウェー</translation>
    </valueTranslation>
    <valueTranslation>
        <masterLabel>Gansu</masterLabel>
        <translation>甘粛</translation>
    </valueTranslation>
    <valueTranslation>
        <masterLabel>Genoa</masterLabel>
        <translation>ジェノア</translation>
    </valueTranslation>
    <valueTranslation>
        <masterLabel>Georgia</masterLabel>
        <translation>ジョージア</translation>
    </valueTranslation>
    <valueTranslation>
        <masterLabel>Goa</masterLabel>
        <translation>ゴア</translation>
    </valueTranslation>
    <valueTranslation>
        <masterLabel>Goiás</masterLabel>
        <translation>ゴイアス</translation>
    </valueTranslation>
    <valueTranslation>
        <masterLabel>Gorizia</masterLabel>
        <translation>ゴリツィア</translation>
    </valueTranslation>
    <valueTranslation>
        <masterLabel>Grosseto</masterLabel>
        <translation>グロッセート</translation>
    </valueTranslation>
    <valueTranslation>
        <masterLabel>Guanajuato</masterLabel>
        <translation>グアナフアト</translation>
    </valueTranslation>
    <valueTranslation>
        <masterLabel>Guangdong</masterLabel>
        <translation>広東</translation>
    </valueTranslation>
    <valueTranslation>
        <masterLabel>Guangxi</masterLabel>
        <translation>広西</translation>
    </valueTranslation>
    <valueTranslation>
        <masterLabel>Guerrero</masterLabel>
        <translation>ゲレロ</translation>
    </valueTranslation>
    <valueTranslation>
        <masterLabel>Guizhou</masterLabel>
        <translation>貴州</translation>
    </valueTranslation>
    <valueTranslation>
        <masterLabel>Gujarat</masterLabel>
        <translation>グジャラート</translation>
    </valueTranslation>
    <valueTranslation>
        <masterLabel>Hainan</masterLabel>
        <translation>海南</translation>
    </valueTranslation>
    <valueTranslation>
        <masterLabel>Haryana</masterLabel>
        <translation>ハリアナ</translation>
    </valueTranslation>
    <valueTranslation>
        <masterLabel>Hawaii</masterLabel>
        <translation>ハワイ</translation>
    </valueTranslation>
    <valueTranslation>
        <masterLabel>Hebei</masterLabel>
        <translation>河北</translation>
    </valueTranslation>
    <valueTranslation>
        <masterLabel>Heilongjiang</masterLabel>
        <translation>黒竜江</translation>
    </valueTranslation>
    <valueTranslation>
        <masterLabel>Henan</masterLabel>
        <translation>河南</translation>
    </valueTranslation>
    <valueTranslation>
        <masterLabel>Hidalgo</masterLabel>
        <translation>ヒダルゴ</translation>
    </valueTranslation>
    <valueTranslation>
        <masterLabel>Himachal Pradesh</masterLabel>
        <translation>ヒマチャルプラデシュ</translation>
    </valueTranslation>
    <valueTranslation>
        <masterLabel>Hong Kong</masterLabel>
        <translation>香港</translation>
    </valueTranslation>
    <valueTranslation>
        <masterLabel>Hubei</masterLabel>
        <translation>湖北</translation>
    </valueTranslation>
    <valueTranslation>
        <masterLabel>Hunan</masterLabel>
        <translation>湖南</translation>
    </valueTranslation>
    <valueTranslation>
        <masterLabel>Idaho</masterLabel>
        <translation>アイダホ</translation>
    </valueTranslation>
    <valueTranslation>
        <masterLabel>Illinois</masterLabel>
        <translation>イリノイ</translation>
    </valueTranslation>
    <valueTranslation>
        <masterLabel>Imperia</masterLabel>
        <translation>インペリア</translation>
    </valueTranslation>
    <valueTranslation>
        <masterLabel>Indiana</masterLabel>
        <translation>インディアナ</translation>
    </valueTranslation>
    <valueTranslation>
        <masterLabel>Iowa</masterLabel>
        <translation>アイオワ</translation>
    </valueTranslation>
    <valueTranslation>
        <masterLabel>Isernia</masterLabel>
        <translation>イゼルニア</translation>
    </valueTranslation>
    <valueTranslation>
        <masterLabel>Jalisco</masterLabel>
        <translation>ハリスコ</translation>
    </valueTranslation>
    <valueTranslation>
        <masterLabel>Jammu and Kashmir</masterLabel>
        <translation>ジャムカシミール</translation>
    </valueTranslation>
    <valueTranslation>
        <masterLabel>Jharkhand</masterLabel>
        <translation>ジャールカンド</translation>
    </valueTranslation>
    <valueTranslation>
        <masterLabel>Jiangsu</masterLabel>
        <translation>江蘇省</translation>
    </valueTranslation>
    <valueTranslation>
        <masterLabel>Jiangxi</masterLabel>
        <translation>江西</translation>
    </valueTranslation>
    <valueTranslation>
        <masterLabel>Jilin</masterLabel>
        <translation>吉林省</translation>
    </valueTranslation>
    <valueTranslation>
        <masterLabel>Kansas</masterLabel>
        <translation>カンザス</translation>
    </valueTranslation>
    <valueTranslation>
        <masterLabel>Karnataka</masterLabel>
        <translation>カルナータカ</translation>
    </valueTranslation>
    <valueTranslation>
        <masterLabel>Kentucky</masterLabel>
        <translation>ケンタッキー</translation>
    </valueTranslation>
    <valueTranslation>
        <masterLabel>Kerala</masterLabel>
        <translation>ケララ</translation>
    </valueTranslation>
    <valueTranslation>
        <masterLabel>Kerry</masterLabel>
        <translation>ケリー</translation>
    </valueTranslation>
    <valueTranslation>
        <masterLabel>Kildare</masterLabel>
        <translation>キルデア</translation>
    </valueTranslation>
    <valueTranslation>
        <masterLabel>Kilkenny</masterLabel>
        <translation>キルケニー</translation>
    </valueTranslation>
    <valueTranslation>
        <masterLabel>L&apos;Aquila</masterLabel>
        <translation>ラクイラ</translation>
    </valueTranslation>
    <valueTranslation>
        <masterLabel>La Spezia</masterLabel>
        <translation>ラスペツィア</translation>
    </valueTranslation>
    <valueTranslation>
        <masterLabel>Lakshadweep</masterLabel>
        <translation>ラクシャドウィープ</translation>
    </valueTranslation>
    <valueTranslation>
        <masterLabel>Laois</masterLabel>
        <translation>レイシュ</translation>
    </valueTranslation>
    <valueTranslation>
        <masterLabel>Latina</masterLabel>
        <translation>ラティナ</translation>
    </valueTranslation>
    <valueTranslation>
        <masterLabel>Lecce</masterLabel>
        <translation>レッチェ</translation>
    </valueTranslation>
    <valueTranslation>
        <masterLabel>Lecco</masterLabel>
        <translation>レッコ</translation>
    </valueTranslation>
    <valueTranslation>
        <masterLabel>Leitrim</masterLabel>
        <translation>リートリム</translation>
    </valueTranslation>
    <valueTranslation>
        <masterLabel>Liaoning</masterLabel>
        <translation>遼寧</translation>
    </valueTranslation>
    <valueTranslation>
        <masterLabel>Limerick</masterLabel>
        <translation>リメリック</translation>
    </valueTranslation>
    <valueTranslation>
        <masterLabel>Livorno</masterLabel>
        <translation>リボルノ</translation>
    </valueTranslation>
    <valueTranslation>
        <masterLabel>Lodi</masterLabel>
        <translation>ロディ</translation>
    </valueTranslation>
    <valueTranslation>
        <masterLabel>Longford</masterLabel>
        <translation>ロングフォード</translation>
    </valueTranslation>
    <valueTranslation>
        <masterLabel>Louisiana</masterLabel>
        <translation>ルイジアナ</translation>
    </valueTranslation>
    <valueTranslation>
        <masterLabel>Louth</masterLabel>
        <translation>ラウス</translation>
    </valueTranslation>
    <valueTranslation>
        <masterLabel>Lucca</masterLabel>
        <translation>ルッカ</translation>
    </valueTranslation>
    <valueTranslation>
        <masterLabel>Macao</masterLabel>
        <translation>マカオ</translation>
    </valueTranslation>
    <valueTranslation>
        <masterLabel>Macerata</masterLabel>
        <translation>マチェラータ</translation>
    </valueTranslation>
    <valueTranslation>
        <masterLabel>Madhya Pradesh</masterLabel>
        <translation>マディヤプラデーシュ</translation>
    </valueTranslation>
    <valueTranslation>
        <masterLabel>Maharashtra</masterLabel>
        <translation>マハラシュトラ</translation>
    </valueTranslation>
    <valueTranslation>
        <masterLabel>Maine</masterLabel>
        <translation>メイン</translation>
    </valueTranslation>
    <valueTranslation>
        <masterLabel>Manipur</masterLabel>
        <translation>マニプル</translation>
    </valueTranslation>
    <valueTranslation>
        <masterLabel>Manitoba</masterLabel>
        <translation>マニトバ</translation>
    </valueTranslation>
    <valueTranslation>
        <masterLabel>Mantua</masterLabel>
        <translation>マントバ</translation>
    </valueTranslation>
    <valueTranslation>
        <masterLabel>Maranhão</masterLabel>
        <translation>マラニャン</translation>
    </valueTranslation>
    <valueTranslation>
        <masterLabel>Maryland</masterLabel>
        <translation>メリーランド</translation>
    </valueTranslation>
    <valueTranslation>
        <masterLabel>Massa and Carrara</masterLabel>
        <translation>マッサおよびカララ</translation>
    </valueTranslation>
    <valueTranslation>
        <masterLabel>Massachusetts</masterLabel>
        <translation>マサチューセッツ</translation>
    </valueTranslation>
    <valueTranslation>
        <masterLabel>Matera</masterLabel>
        <translation>マテラ</translation>
    </valueTranslation>
    <valueTranslation>
        <masterLabel>Mato Grosso</masterLabel>
        <translation>マットグロッソ</translation>
    </valueTranslation>
    <valueTranslation>
        <masterLabel>Mato Grosso do Sul</masterLabel>
        <translation>マットグロッソドスル</translation>
    </valueTranslation>
    <valueTranslation>
        <masterLabel>Mayo</masterLabel>
        <translation>メイヨー</translation>
    </valueTranslation>
    <valueTranslation>
        <masterLabel>Meath</masterLabel>
        <translation>ミース</translation>
    </valueTranslation>
    <valueTranslation>
        <masterLabel>Medio Campidano</masterLabel>
        <translation>メディオカンピダーノ</translation>
    </valueTranslation>
    <valueTranslation>
        <masterLabel>Meghalaya</masterLabel>
        <translation>メガラーヤ</translation>
    </valueTranslation>
    <valueTranslation>
        <masterLabel>Messina</masterLabel>
        <translation>メッシナ</translation>
    </valueTranslation>
    <valueTranslation>
        <masterLabel>Mexico State</masterLabel>
        <translation>メキシコの州</translation>
    </valueTranslation>
    <valueTranslation>
        <masterLabel>Michigan</masterLabel>
        <translation>ミシガン</translation>
    </valueTranslation>
    <valueTranslation>
        <masterLabel>Michoacán</masterLabel>
        <translation>ミチョアカン</translation>
    </valueTranslation>
    <valueTranslation>
        <masterLabel>Milan</masterLabel>
        <translation>ミラノ</translation>
    </valueTranslation>
    <valueTranslation>
        <masterLabel>Minas Gerais</masterLabel>
        <translation>ミナスジェライス</translation>
    </valueTranslation>
    <valueTranslation>
        <masterLabel>Minnesota</masterLabel>
        <translation>ミネソタ</translation>
    </valueTranslation>
    <valueTranslation>
        <masterLabel>Mississippi</masterLabel>
        <translation>ミシシッピ</translation>
    </valueTranslation>
    <valueTranslation>
        <masterLabel>Missouri</masterLabel>
        <translation>ミズーリ</translation>
    </valueTranslation>
    <valueTranslation>
        <masterLabel>Mizoram</masterLabel>
        <translation>ミゾラム</translation>
    </valueTranslation>
    <valueTranslation>
        <masterLabel>Modena</masterLabel>
        <translation>モデナ</translation>
    </valueTranslation>
    <valueTranslation>
        <masterLabel>Monaghan</masterLabel>
        <translation>マナハン</translation>
    </valueTranslation>
    <valueTranslation>
        <masterLabel>Montana</masterLabel>
        <translation>モンタナ</translation>
    </valueTranslation>
    <valueTranslation>
        <masterLabel>Monza and Brianza</masterLabel>
        <translation>モンツァおよびブリアンツァ</translation>
    </valueTranslation>
    <valueTranslation>
        <masterLabel>Morelos</masterLabel>
        <translation>モレロス</translation>
    </valueTranslation>
    <valueTranslation>
        <masterLabel>Nagaland</masterLabel>
        <translation>ナガランド</translation>
    </valueTranslation>
    <valueTranslation>
        <masterLabel>Naples</masterLabel>
        <translation>ナポリ</translation>
    </valueTranslation>
    <valueTranslation>
        <masterLabel>Nayarit</masterLabel>
        <translation>ナヤリト</translation>
    </valueTranslation>
    <valueTranslation>
        <masterLabel>Nebraska</masterLabel>
        <translation>ネブラスカ</translation>
    </valueTranslation>
    <valueTranslation>
        <masterLabel>Nei Mongol</masterLabel>
        <translation>内蒙古</translation>
    </valueTranslation>
    <valueTranslation>
        <masterLabel>Nevada</masterLabel>
        <translation>ネバダ</translation>
    </valueTranslation>
    <valueTranslation>
        <masterLabel>New Brunswick</masterLabel>
        <translation>ニューブランズウィック</translation>
    </valueTranslation>
    <valueTranslation>
        <masterLabel>New Hampshire</masterLabel>
        <translation>ニューハンプシャー</translation>
    </valueTranslation>
    <valueTranslation>
        <masterLabel>New Jersey</masterLabel>
        <translation>ニュージャージー</translation>
    </valueTranslation>
    <valueTranslation>
        <masterLabel>New Mexico</masterLabel>
        <translation>ニューメキシコ</translation>
    </valueTranslation>
    <valueTranslation>
        <masterLabel>New South Wales</masterLabel>
        <translation>ニューサウスウェールズ</translation>
    </valueTranslation>
    <valueTranslation>
        <masterLabel>New York</masterLabel>
        <translation>ニューヨーク</translation>
    </valueTranslation>
    <valueTranslation>
        <masterLabel>Newfoundland and Labrador</masterLabel>
        <translation>ニュファウンドランドおよびラブラドル</translation>
    </valueTranslation>
    <valueTranslation>
        <masterLabel>Ningxia</masterLabel>
        <translation>寧夏</translation>
    </valueTranslation>
    <valueTranslation>
        <masterLabel>North Carolina</masterLabel>
        <translation>ノースカロライナ</translation>
    </valueTranslation>
    <valueTranslation>
        <masterLabel>North Dakota</masterLabel>
        <translation>ノースダコタ</translation>
    </valueTranslation>
    <valueTranslation>
        <masterLabel>Northern Territory</masterLabel>
        <translation>ノーザンテリトリー</translation>
    </valueTranslation>
    <valueTranslation>
        <masterLabel>Northwest Territories</masterLabel>
        <translation>ノースウェストテリトリーズ</translation>
    </valueTranslation>
    <valueTranslation>
        <masterLabel>Nova Scotia</masterLabel>
        <translation>ノバスコシア</translation>
    </valueTranslation>
    <valueTranslation>
        <masterLabel>Novara</masterLabel>
        <translation>ノバーラ</translation>
    </valueTranslation>
    <valueTranslation>
        <masterLabel>Nuevo León</masterLabel>
        <translation>ヌエボレオン</translation>
    </valueTranslation>
    <valueTranslation>
        <masterLabel>Nunavut</masterLabel>
        <translation>ヌナブート</translation>
    </valueTranslation>
    <valueTranslation>
        <masterLabel>Nuoro</masterLabel>
        <translation>ヌオーロ</translation>
    </valueTranslation>
    <valueTranslation>
        <masterLabel>Oaxaca</masterLabel>
        <translation>オアハカ</translation>
    </valueTranslation>
    <valueTranslation>
        <masterLabel>Odisha</masterLabel>
        <translation>オディシャ</translation>
    </valueTranslation>
    <valueTranslation>
        <masterLabel>Offaly</masterLabel>
        <translation>オファリー</translation>
    </valueTranslation>
    <valueTranslation>
        <masterLabel>Ogliastra</masterLabel>
        <translation>オグリアストラ</translation>
    </valueTranslation>
    <valueTranslation>
        <masterLabel>Ohio</masterLabel>
        <translation>オハイオ</translation>
    </valueTranslation>
    <valueTranslation>
        <masterLabel>Oklahoma</masterLabel>
        <translation>オクラホマ</translation>
    </valueTranslation>
    <valueTranslation>
        <masterLabel>Olbia-Tempio</masterLabel>
        <translation>オルビア-テンピオ</translation>
    </valueTranslation>
    <valueTranslation>
        <masterLabel>Ontario</masterLabel>
        <translation>オンタリオ</translation>
    </valueTranslation>
    <valueTranslation>
        <masterLabel>Oregon</masterLabel>
        <translation>オレゴン</translation>
    </valueTranslation>
    <valueTranslation>
        <masterLabel>Oristano</masterLabel>
        <translation>オリスターノ</translation>
    </valueTranslation>
    <valueTranslation>
        <masterLabel>Padua</masterLabel>
        <translation>パドバ</translation>
    </valueTranslation>
    <valueTranslation>
        <masterLabel>Palermo</masterLabel>
        <translation>パレルモ</translation>
    </valueTranslation>
    <valueTranslation>
        <masterLabel>Paraná</masterLabel>
        <translation>パラナ</translation>
    </valueTranslation>
    <valueTranslation>
        <masterLabel>Paraíba</masterLabel>
        <translation>パライーバ</translation>
    </valueTranslation>
    <valueTranslation>
        <masterLabel>Parma</masterLabel>
        <translation>パルマ</translation>
    </valueTranslation>
    <valueTranslation>
        <masterLabel>Pará</masterLabel>
        <translation>パラ</translation>
    </valueTranslation>
    <valueTranslation>
        <masterLabel>Pavia</masterLabel>
        <translation>パビーア</translation>
    </valueTranslation>
    <valueTranslation>
        <masterLabel>Pennsylvania</masterLabel>
        <translation>ペンシルベニア</translation>
    </valueTranslation>
    <valueTranslation>
        <masterLabel>Pernambuco</masterLabel>
        <translation>ペルナンブコ</translation>
    </valueTranslation>
    <valueTranslation>
        <masterLabel>Perugia</masterLabel>
        <translation>ペルージア</translation>
    </valueTranslation>
    <valueTranslation>
        <masterLabel>Pesaro and Urbino</masterLabel>
        <translation>ペーザロおよびウルビノ</translation>
    </valueTranslation>
    <valueTranslation>
        <masterLabel>Pescara</masterLabel>
        <translation>ペスカラ</translation>
    </valueTranslation>
    <valueTranslation>
        <masterLabel>Piacenza</masterLabel>
        <translation>ピアチェンツァ</translation>
    </valueTranslation>
    <valueTranslation>
        <masterLabel>Piauí</masterLabel>
        <translation>ピアウイ</translation>
    </valueTranslation>
    <valueTranslation>
        <masterLabel>Pisa</masterLabel>
        <translation>ピサ</translation>
    </valueTranslation>
    <valueTranslation>
        <masterLabel>Pistoia</masterLabel>
        <translation>ピストイア</translation>
    </valueTranslation>
    <valueTranslation>
        <masterLabel>Pordenone</masterLabel>
        <translation>ポルデノーネ</translation>
    </valueTranslation>
    <valueTranslation>
        <masterLabel>Potenza</masterLabel>
        <translation>ポテンツァ</translation>
    </valueTranslation>
    <valueTranslation>
        <masterLabel>Prato</masterLabel>
        <translation>プラト</translation>
    </valueTranslation>
    <valueTranslation>
        <masterLabel>Prince Edward Island</masterLabel>
        <translation>プリンスエドワードアイランド</translation>
    </valueTranslation>
    <valueTranslation>
        <masterLabel>Puducherry</masterLabel>
        <translation>ポンディシェリ</translation>
    </valueTranslation>
    <valueTranslation>
        <masterLabel>Puebla</masterLabel>
        <translation>プエブラ</translation>
    </valueTranslation>
    <valueTranslation>
        <masterLabel>Punjab</masterLabel>
        <translation>パンジャブ</translation>
    </valueTranslation>
    <valueTranslation>
        <masterLabel>Qinghai</masterLabel>
        <translation>青海</translation>
    </valueTranslation>
    <valueTranslation>
        <masterLabel>Quebec</masterLabel>
        <translation>ケベック</translation>
    </valueTranslation>
    <valueTranslation>
        <masterLabel>Queensland</masterLabel>
        <translation>クイーンズランド</translation>
    </valueTranslation>
    <valueTranslation>
        <masterLabel>Querétaro</masterLabel>
        <translation>ケレタロ</translation>
    </valueTranslation>
    <valueTranslation>
        <masterLabel>Quintana Roo</masterLabel>
        <translation>キンタナロー</translation>
    </valueTranslation>
    <valueTranslation>
        <masterLabel>Ragusa</masterLabel>
        <translation>ラグーザ</translation>
    </valueTranslation>
    <valueTranslation>
        <masterLabel>Rajasthan</masterLabel>
        <translation>ラージャスタン</translation>
    </valueTranslation>
    <valueTranslation>
        <masterLabel>Ravenna</masterLabel>
        <translation>ラベンナ</translation>
    </valueTranslation>
    <valueTranslation>
        <masterLabel>Reggio Calabria</masterLabel>
        <translation>レッジョカラブリア</translation>
    </valueTranslation>
    <valueTranslation>
        <masterLabel>Reggio Emilia</masterLabel>
        <translation>レッジョミリア</translation>
    </valueTranslation>
    <valueTranslation>
        <masterLabel>Rhode Island</masterLabel>
        <translation>ロードアイランド</translation>
    </valueTranslation>
    <valueTranslation>
        <masterLabel>Rieti</masterLabel>
        <translation>リエティ</translation>
    </valueTranslation>
    <valueTranslation>
        <masterLabel>Rimini</masterLabel>
        <translation>リミニ</translation>
    </valueTranslation>
    <valueTranslation>
        <masterLabel>Rio Grande do Norte</masterLabel>
        <translation>リオグランデドノルテ</translation>
    </valueTranslation>
    <valueTranslation>
        <masterLabel>Rio Grande do Sul</masterLabel>
        <translation>リオグランデドスル</translation>
    </valueTranslation>
    <valueTranslation>
        <masterLabel>Rio de Janeiro</masterLabel>
        <translation>リオデジャネイロ</translation>
    </valueTranslation>
    <valueTranslation>
        <masterLabel>Rome</masterLabel>
        <translation>ローマ</translation>
    </valueTranslation>
    <valueTranslation>
        <masterLabel>Rondônia</masterLabel>
        <translation>ロンドーニア</translation>
    </valueTranslation>
    <valueTranslation>
        <masterLabel>Roraima</masterLabel>
        <translation>ロライマ</translation>
    </valueTranslation>
    <valueTranslation>
        <masterLabel>Roscommon</masterLabel>
        <translation>ロスコモン</translation>
    </valueTranslation>
    <valueTranslation>
        <masterLabel>Rovigo</masterLabel>
        <translation>ロビーゴ</translation>
    </valueTranslation>
    <valueTranslation>
        <masterLabel>Salerno</masterLabel>
        <translation>サレルノ</translation>
    </valueTranslation>
    <valueTranslation>
        <masterLabel>San Luis Potosí</masterLabel>
        <translation>サンルイスポトシ</translation>
    </valueTranslation>
    <valueTranslation>
        <masterLabel>Santa Catarina</masterLabel>
        <translation>サンタカタリナ</translation>
    </valueTranslation>
    <valueTranslation>
        <masterLabel>Saskatchewan</masterLabel>
        <translation>サスカチェワン</translation>
    </valueTranslation>
    <valueTranslation>
        <masterLabel>Sassari</masterLabel>
        <translation>サッサリ</translation>
    </valueTranslation>
    <valueTranslation>
        <masterLabel>Savona</masterLabel>
        <translation>サボーナ</translation>
    </valueTranslation>
    <valueTranslation>
        <masterLabel>Sergipe</masterLabel>
        <translation>セルジーペ</translation>
    </valueTranslation>
    <valueTranslation>
        <masterLabel>Shaanxi</masterLabel>
        <translation>陜西</translation>
    </valueTranslation>
    <valueTranslation>
        <masterLabel>Shandong</masterLabel>
        <translation>山東</translation>
    </valueTranslation>
    <valueTranslation>
        <masterLabel>Shanghai</masterLabel>
        <translation>上海</translation>
    </valueTranslation>
    <valueTranslation>
        <masterLabel>Shanxi</masterLabel>
        <translation>山西</translation>
    </valueTranslation>
    <valueTranslation>
        <masterLabel>Sichuan</masterLabel>
        <translation>四川</translation>
    </valueTranslation>
    <valueTranslation>
        <masterLabel>Siena</masterLabel>
        <translation>シエナ</translation>
    </valueTranslation>
    <valueTranslation>
        <masterLabel>Sikkim</masterLabel>
        <translation>シッキム</translation>
    </valueTranslation>
    <valueTranslation>
        <masterLabel>Sinaloa</masterLabel>
        <translation>シナロア</translation>
    </valueTranslation>
    <valueTranslation>
        <masterLabel>Sligo</masterLabel>
        <translation>スライゴー</translation>
    </valueTranslation>
    <valueTranslation>
        <masterLabel>Sondrio</masterLabel>
        <translation>ソンドリオ</translation>
    </valueTranslation>
    <valueTranslation>
        <masterLabel>Sonora</masterLabel>
        <translation>ソノーラ</translation>
    </valueTranslation>
    <valueTranslation>
        <masterLabel>South Australia</masterLabel>
        <translation>サウスオーストラリア</translation>
    </valueTranslation>
    <valueTranslation>
        <masterLabel>South Carolina</masterLabel>
        <translation>サウスカロライナ</translation>
    </valueTranslation>
    <valueTranslation>
        <masterLabel>South Dakota</masterLabel>
        <translation>サウスダコタ</translation>
    </valueTranslation>
    <valueTranslation>
        <masterLabel>Syracuse</masterLabel>
        <translation>シラクサ</translation>
    </valueTranslation>
    <valueTranslation>
        <masterLabel>São Paulo</masterLabel>
        <translation>サンパウロ</translation>
    </valueTranslation>
    <valueTranslation>
        <masterLabel>Tabasco</masterLabel>
        <translation>タバスコ</translation>
    </valueTranslation>
    <valueTranslation>
        <masterLabel>Tamaulipas</masterLabel>
        <translation>タマウリパス</translation>
    </valueTranslation>
    <valueTranslation>
        <masterLabel>Tamil Nadu</masterLabel>
        <translation>タミルナドゥ</translation>
    </valueTranslation>
    <valueTranslation>
        <masterLabel>Taranto</masterLabel>
        <translation>タラント</translation>
    </valueTranslation>
    <valueTranslation>
        <masterLabel>Tasmania</masterLabel>
        <translation>タスマニア</translation>
    </valueTranslation>
    <valueTranslation>
        <masterLabel>Tennessee</masterLabel>
        <translation>テネシー</translation>
    </valueTranslation>
    <valueTranslation>
        <masterLabel>Teramo</masterLabel>
        <translation>テラモ</translation>
    </valueTranslation>
    <valueTranslation>
        <masterLabel>Terni</masterLabel>
        <translation>テルニ</translation>
    </valueTranslation>
    <valueTranslation>
        <masterLabel>Texas</masterLabel>
        <translation>テキサス</translation>
    </valueTranslation>
    <valueTranslation>
        <masterLabel>Tianjin</masterLabel>
        <translation>天津</translation>
    </valueTranslation>
    <valueTranslation>
        <masterLabel>Tipperary</masterLabel>
        <translation>ティパレーリー</translation>
    </valueTranslation>
    <valueTranslation>
        <masterLabel>Tlaxcala</masterLabel>
        <translation>トラスカラ</translation>
    </valueTranslation>
    <valueTranslation>
        <masterLabel>Tocantins</masterLabel>
        <translation>トカンティンス</translation>
    </valueTranslation>
    <valueTranslation>
        <masterLabel>Trapani</masterLabel>
        <translation>トラパニ</translation>
    </valueTranslation>
    <valueTranslation>
        <masterLabel>Trento</masterLabel>
        <translation>トレント</translation>
    </valueTranslation>
    <valueTranslation>
        <masterLabel>Treviso</masterLabel>
        <translation>トレビーゾ</translation>
    </valueTranslation>
    <valueTranslation>
        <masterLabel>Trieste</masterLabel>
        <translation>トリエステ</translation>
    </valueTranslation>
    <valueTranslation>
        <masterLabel>Tripura</masterLabel>
        <translation>トリプラ</translation>
    </valueTranslation>
    <valueTranslation>
        <masterLabel>Turin</masterLabel>
        <translation>トリノ</translation>
    </valueTranslation>
    <valueTranslation>
        <masterLabel>Udine</masterLabel>
        <translation>ウディネ</translation>
    </valueTranslation>
    <valueTranslation>
        <masterLabel>Utah</masterLabel>
        <translation>ユタ</translation>
    </valueTranslation>
    <valueTranslation>
        <masterLabel>Uttar Pradesh</masterLabel>
        <translation>ウッタルプラデシュ</translation>
    </valueTranslation>
    <valueTranslation>
        <masterLabel>Uttarakhand</masterLabel>
        <translation>ウッタラーカンド</translation>
    </valueTranslation>
    <valueTranslation>
        <masterLabel>Varese</masterLabel>
        <translation>バレーゼ</translation>
    </valueTranslation>
    <valueTranslation>
        <masterLabel>Venice</masterLabel>
        <translation>ベニス</translation>
    </valueTranslation>
    <valueTranslation>
        <masterLabel>Veracruz</masterLabel>
        <translation>ベラクルス</translation>
    </valueTranslation>
    <valueTranslation>
        <masterLabel>Verbano-Cusio-Ossola</masterLabel>
        <translation>ベルバノ-クシオ-オッソーラ</translation>
    </valueTranslation>
    <valueTranslation>
        <masterLabel>Vercelli</masterLabel>
        <translation>ベルチェッリ</translation>
    </valueTranslation>
    <valueTranslation>
        <masterLabel>Vermont</masterLabel>
        <translation>バーモント</translation>
    </valueTranslation>
    <valueTranslation>
        <masterLabel>Verona</masterLabel>
        <translation>ベローナ</translation>
    </valueTranslation>
    <valueTranslation>
        <masterLabel>Vibo Valentia</masterLabel>
        <translation>ビボバレンシア</translation>
    </valueTranslation>
    <valueTranslation>
        <masterLabel>Vicenza</masterLabel>
        <translation>ビチェンツァ</translation>
    </valueTranslation>
    <valueTranslation>
        <masterLabel>Victoria</masterLabel>
        <translation>ビクトリア</translation>
    </valueTranslation>
    <valueTranslation>
        <masterLabel>Virginia</masterLabel>
        <translation>バージニア</translation>
    </valueTranslation>
    <valueTranslation>
        <masterLabel>Viterbo</masterLabel>
        <translation>ビテルボ</translation>
    </valueTranslation>
    <valueTranslation>
        <masterLabel>Washington</masterLabel>
        <translation>ワシントン</translation>
    </valueTranslation>
    <valueTranslation>
        <masterLabel>Waterford</masterLabel>
        <translation>ウォーターフォード</translation>
    </valueTranslation>
    <valueTranslation>
        <masterLabel>West Bengal</masterLabel>
        <translation>西ベンガル</translation>
    </valueTranslation>
    <valueTranslation>
        <masterLabel>West Virginia</masterLabel>
        <translation>ウェストバージニア</translation>
    </valueTranslation>
    <valueTranslation>
        <masterLabel>Western Australia</masterLabel>
        <translation>ウエスタンオーストラリア</translation>
    </valueTranslation>
    <valueTranslation>
        <masterLabel>Westmeath</masterLabel>
        <translation>ウエストミース</translation>
    </valueTranslation>
    <valueTranslation>
        <masterLabel>Wexford</masterLabel>
        <translation>ウェックスフォード</translation>
    </valueTranslation>
    <valueTranslation>
        <masterLabel>Wicklow</masterLabel>
        <translation>ウィックロー</translation>
    </valueTranslation>
    <valueTranslation>
        <masterLabel>Wisconsin</masterLabel>
        <translation>ウィスコンシン</translation>
    </valueTranslation>
    <valueTranslation>
        <masterLabel>Wyoming</masterLabel>
        <translation>ワイオミング</translation>
    </valueTranslation>
    <valueTranslation>
        <masterLabel>Xinjiang</masterLabel>
        <translation>新絳</translation>
    </valueTranslation>
    <valueTranslation>
        <masterLabel>Xizang</masterLabel>
        <translation>西蔵</translation>
    </valueTranslation>
    <valueTranslation>
        <masterLabel>Yucatán</masterLabel>
        <translation>ユカタン</translation>
    </valueTranslation>
    <valueTranslation>
        <masterLabel>Yukon Territories</masterLabel>
        <translation>ユーコン</translation>
    </valueTranslation>
    <valueTranslation>
        <masterLabel>Yunnan</masterLabel>
        <translation>雲南</translation>
    </valueTranslation>
    <valueTranslation>
        <masterLabel>Zacatecas</masterLabel>
        <translation>サカテカス</translation>
    </valueTranslation>
    <valueTranslation>
        <masterLabel>Zhejiang</masterLabel>
        <translation>浙江</translation>
    </valueTranslation>
</StandardValueSetTranslation>
