<?xml version="1.0" encoding="UTF-8"?>
<StandardValueSetTranslation xmlns="http://soap.sforce.com/2006/04/metadata">
    <valueTranslation>
        <masterLabel>Acre</masterLabel>
        <translation>Акре</translation>
    </valueTranslation>
    <valueTranslation>
        <masterLabel>Agrigento</masterLabel>
        <translation>Агридженто</translation>
    </valueTranslation>
    <valueTranslation>
        <masterLabel>Aguascalientes</masterLabel>
        <translation>Агуаскальентес</translation>
    </valueTranslation>
    <valueTranslation>
        <masterLabel>Alabama</masterLabel>
        <translation>Алабама</translation>
    </valueTranslation>
    <valueTranslation>
        <masterLabel>Alagoas</masterLabel>
        <translation>Алагоас</translation>
    </valueTranslation>
    <valueTranslation>
        <masterLabel>Alaska</masterLabel>
        <translation>Аляска</translation>
    </valueTranslation>
    <valueTranslation>
        <masterLabel>Alberta</masterLabel>
        <translation>Альберта</translation>
    </valueTranslation>
    <valueTranslation>
        <masterLabel>Alessandria</masterLabel>
        <translation>Алессандрия</translation>
    </valueTranslation>
    <valueTranslation>
        <masterLabel>Amapá</masterLabel>
        <translation>Амапа</translation>
    </valueTranslation>
    <valueTranslation>
        <masterLabel>Amazonas</masterLabel>
        <translation>Амазонас</translation>
    </valueTranslation>
    <valueTranslation>
        <masterLabel>Ancona</masterLabel>
        <translation>Анкона</translation>
    </valueTranslation>
    <valueTranslation>
        <masterLabel>Andaman and Nicobar Islands</masterLabel>
        <translation>Андаманские и Никобарские острова</translation>
    </valueTranslation>
    <valueTranslation>
        <masterLabel>Andhra Pradesh</masterLabel>
        <translation>Андхра-Прадеш</translation>
    </valueTranslation>
    <valueTranslation>
        <masterLabel>Anhui</masterLabel>
        <translation>Аньхой</translation>
    </valueTranslation>
    <valueTranslation>
        <masterLabel>Aosta</masterLabel>
        <translation>Аоста</translation>
    </valueTranslation>
    <valueTranslation>
        <masterLabel>Arezzo</masterLabel>
        <translation>Ареццо</translation>
    </valueTranslation>
    <valueTranslation>
        <masterLabel>Arizona</masterLabel>
        <translation>Аризона</translation>
    </valueTranslation>
    <valueTranslation>
        <masterLabel>Arkansas</masterLabel>
        <translation>Арканзас</translation>
    </valueTranslation>
    <valueTranslation>
        <masterLabel>Arunachal Pradesh</masterLabel>
        <translation>Аруначал-Прадеш</translation>
    </valueTranslation>
    <valueTranslation>
        <masterLabel>Ascoli Piceno</masterLabel>
        <translation>Асколи-Пичено</translation>
    </valueTranslation>
    <valueTranslation>
        <masterLabel>Assam</masterLabel>
        <translation>Ассам</translation>
    </valueTranslation>
    <valueTranslation>
        <masterLabel>Asti</masterLabel>
        <translation>Асти</translation>
    </valueTranslation>
    <valueTranslation>
        <masterLabel>Australian Capital Territory</masterLabel>
        <translation>Территория федеральной столицы</translation>
    </valueTranslation>
    <valueTranslation>
        <masterLabel>Avellino</masterLabel>
        <translation>Авеллино</translation>
    </valueTranslation>
    <valueTranslation>
        <masterLabel>Bahia</masterLabel>
        <translation>Баия</translation>
    </valueTranslation>
    <valueTranslation>
        <masterLabel>Baja California</masterLabel>
        <translation>Нижняя Калифорния</translation>
    </valueTranslation>
    <valueTranslation>
        <masterLabel>Baja California Sur</masterLabel>
        <translation>Южная Нижняя Калифорния</translation>
    </valueTranslation>
    <valueTranslation>
        <masterLabel>Bari</masterLabel>
        <translation>Бари</translation>
    </valueTranslation>
    <valueTranslation>
        <masterLabel>Barletta-Andria-Trani</masterLabel>
        <translation>Барлетта-Андрия-Трани</translation>
    </valueTranslation>
    <valueTranslation>
        <masterLabel>Beijing</masterLabel>
        <translation>Пекин</translation>
    </valueTranslation>
    <valueTranslation>
        <masterLabel>Belluno</masterLabel>
        <translation>Беллуно</translation>
    </valueTranslation>
    <valueTranslation>
        <masterLabel>Benevento</masterLabel>
        <translation>Беневенто</translation>
    </valueTranslation>
    <valueTranslation>
        <masterLabel>Bergamo</masterLabel>
        <translation>Бергамо</translation>
    </valueTranslation>
    <valueTranslation>
        <masterLabel>Biella</masterLabel>
        <translation>Бьелла</translation>
    </valueTranslation>
    <valueTranslation>
        <masterLabel>Bihar</masterLabel>
        <translation>Бихар</translation>
    </valueTranslation>
    <valueTranslation>
        <masterLabel>Bologna</masterLabel>
        <translation>Болонья</translation>
    </valueTranslation>
    <valueTranslation>
        <masterLabel>Bolzano</masterLabel>
        <translation>Больцано</translation>
    </valueTranslation>
    <valueTranslation>
        <masterLabel>Brescia</masterLabel>
        <translation>Брешиа</translation>
    </valueTranslation>
    <valueTranslation>
        <masterLabel>Brindisi</masterLabel>
        <translation>Бриндизи</translation>
    </valueTranslation>
    <valueTranslation>
        <masterLabel>British Columbia</masterLabel>
        <translation>Британская Колумбия</translation>
    </valueTranslation>
    <valueTranslation>
        <masterLabel>Cagliari</masterLabel>
        <translation>Кальяри</translation>
    </valueTranslation>
    <valueTranslation>
        <masterLabel>California</masterLabel>
        <translation>Калифорния</translation>
    </valueTranslation>
    <valueTranslation>
        <masterLabel>Caltanissetta</masterLabel>
        <translation>Кальтаниссетта</translation>
    </valueTranslation>
    <valueTranslation>
        <masterLabel>Campeche</masterLabel>
        <translation>Кампече</translation>
    </valueTranslation>
    <valueTranslation>
        <masterLabel>Campobasso</masterLabel>
        <translation>Кампобассо</translation>
    </valueTranslation>
    <valueTranslation>
        <masterLabel>Carbonia-Iglesias</masterLabel>
        <translation>Карбония-Иглезиас</translation>
    </valueTranslation>
    <valueTranslation>
        <masterLabel>Carlow</masterLabel>
        <translation>Карлоу</translation>
    </valueTranslation>
    <valueTranslation>
        <masterLabel>Caserta</masterLabel>
        <translation>Казерта</translation>
    </valueTranslation>
    <valueTranslation>
        <masterLabel>Catania</masterLabel>
        <translation>Катания</translation>
    </valueTranslation>
    <valueTranslation>
        <masterLabel>Catanzaro</masterLabel>
        <translation>Катандзаро</translation>
    </valueTranslation>
    <valueTranslation>
        <masterLabel>Cavan</masterLabel>
        <translation>Каван</translation>
    </valueTranslation>
    <valueTranslation>
        <masterLabel>Ceará</masterLabel>
        <translation>Сеара</translation>
    </valueTranslation>
    <valueTranslation>
        <masterLabel>Chandigarh</masterLabel>
        <translation>Чандигарх</translation>
    </valueTranslation>
    <valueTranslation>
        <masterLabel>Chhattisgarh</masterLabel>
        <translation>Чхаттисгарх</translation>
    </valueTranslation>
    <valueTranslation>
        <masterLabel>Chiapas</masterLabel>
        <translation>Чьяпас</translation>
    </valueTranslation>
    <valueTranslation>
        <masterLabel>Chieti</masterLabel>
        <translation>Кьети</translation>
    </valueTranslation>
    <valueTranslation>
        <masterLabel>Chihuahua</masterLabel>
        <translation>Чиуауа</translation>
    </valueTranslation>
    <valueTranslation>
        <masterLabel>Chinese Taipei</masterLabel>
        <translation>Тайвань</translation>
    </valueTranslation>
    <valueTranslation>
        <masterLabel>Chongqing</masterLabel>
        <translation>Чунцин</translation>
    </valueTranslation>
    <valueTranslation>
        <masterLabel>Clare</masterLabel>
        <translation>Кларе</translation>
    </valueTranslation>
    <valueTranslation>
        <masterLabel>Coahuila</masterLabel>
        <translation>Коауила</translation>
    </valueTranslation>
    <valueTranslation>
        <masterLabel>Colima</masterLabel>
        <translation>Колима</translation>
    </valueTranslation>
    <valueTranslation>
        <masterLabel>Colorado</masterLabel>
        <translation>Колорадо</translation>
    </valueTranslation>
    <valueTranslation>
        <masterLabel>Como</masterLabel>
        <translation>Комо</translation>
    </valueTranslation>
    <valueTranslation>
        <masterLabel>Connecticut</masterLabel>
        <translation>Коннектикут</translation>
    </valueTranslation>
    <valueTranslation>
        <masterLabel>Cork</masterLabel>
        <translation>Корк</translation>
    </valueTranslation>
    <valueTranslation>
        <masterLabel>Cosenza</masterLabel>
        <translation>Козенца</translation>
    </valueTranslation>
    <valueTranslation>
        <masterLabel>Cremona</masterLabel>
        <translation>Кремона</translation>
    </valueTranslation>
    <valueTranslation>
        <masterLabel>Crotone</masterLabel>
        <translation>Кротоне</translation>
    </valueTranslation>
    <valueTranslation>
        <masterLabel>Cuneo</masterLabel>
        <translation>Кунео</translation>
    </valueTranslation>
    <valueTranslation>
        <masterLabel>Dadra and Nagar Haveli</masterLabel>
        <translation>Дадра и Нагар-Хавели</translation>
    </valueTranslation>
    <valueTranslation>
        <masterLabel>Daman and Diu</masterLabel>
        <translation>Даман и Диу</translation>
    </valueTranslation>
    <valueTranslation>
        <masterLabel>Delaware</masterLabel>
        <translation>Делавэр</translation>
    </valueTranslation>
    <valueTranslation>
        <masterLabel>Delhi</masterLabel>
        <translation>Дели</translation>
    </valueTranslation>
    <valueTranslation>
        <masterLabel>District of Columbia</masterLabel>
        <translation>Округ Колумбия</translation>
    </valueTranslation>
    <valueTranslation>
        <masterLabel>Distrito Federal</masterLabel>
        <translation>Округ федеральный</translation>
    </valueTranslation>
    <valueTranslation>
        <masterLabel>Donegal</masterLabel>
        <translation>Донегол</translation>
    </valueTranslation>
    <valueTranslation>
        <masterLabel>Dublin</masterLabel>
        <translation>Дублин</translation>
    </valueTranslation>
    <valueTranslation>
        <masterLabel>Durango</masterLabel>
        <translation>Дуранго</translation>
    </valueTranslation>
    <valueTranslation>
        <masterLabel>Enna</masterLabel>
        <translation>Энна</translation>
    </valueTranslation>
    <valueTranslation>
        <masterLabel>Espírito Santo</masterLabel>
        <translation>Эспириту-Санту</translation>
    </valueTranslation>
    <valueTranslation>
        <masterLabel>Federal District</masterLabel>
        <translation>Федеральный округ</translation>
    </valueTranslation>
    <valueTranslation>
        <masterLabel>Fermo</masterLabel>
        <translation>Фермо</translation>
    </valueTranslation>
    <valueTranslation>
        <masterLabel>Ferrara</masterLabel>
        <translation>Феррара</translation>
    </valueTranslation>
    <valueTranslation>
        <masterLabel>Florence</masterLabel>
        <translation>Флоренция</translation>
    </valueTranslation>
    <valueTranslation>
        <masterLabel>Florida</masterLabel>
        <translation>Флорида</translation>
    </valueTranslation>
    <valueTranslation>
        <masterLabel>Foggia</masterLabel>
        <translation>Фоджа</translation>
    </valueTranslation>
    <valueTranslation>
        <masterLabel>Forlì-Cesena</masterLabel>
        <translation>Форли-Чезена</translation>
    </valueTranslation>
    <valueTranslation>
        <masterLabel>Frosinone</masterLabel>
        <translation>Фрозиноне</translation>
    </valueTranslation>
    <valueTranslation>
        <masterLabel>Fujian</masterLabel>
        <translation>Фуцзянь</translation>
    </valueTranslation>
    <valueTranslation>
        <masterLabel>Galway</masterLabel>
        <translation>Голуэй</translation>
    </valueTranslation>
    <valueTranslation>
        <masterLabel>Gansu</masterLabel>
        <translation>Ганьсу</translation>
    </valueTranslation>
    <valueTranslation>
        <masterLabel>Genoa</masterLabel>
        <translation>Генуя</translation>
    </valueTranslation>
    <valueTranslation>
        <masterLabel>Georgia</masterLabel>
        <translation>Джорджия</translation>
    </valueTranslation>
    <valueTranslation>
        <masterLabel>Goa</masterLabel>
        <translation>Гоа</translation>
    </valueTranslation>
    <valueTranslation>
        <masterLabel>Goiás</masterLabel>
        <translation>Гояс</translation>
    </valueTranslation>
    <valueTranslation>
        <masterLabel>Gorizia</masterLabel>
        <translation>Гориция</translation>
    </valueTranslation>
    <valueTranslation>
        <masterLabel>Grosseto</masterLabel>
        <translation>Гроссето</translation>
    </valueTranslation>
    <valueTranslation>
        <masterLabel>Guanajuato</masterLabel>
        <translation>Гуанахуато</translation>
    </valueTranslation>
    <valueTranslation>
        <masterLabel>Guangdong</masterLabel>
        <translation>Гуандун</translation>
    </valueTranslation>
    <valueTranslation>
        <masterLabel>Guangxi</masterLabel>
        <translation>Гуанси</translation>
    </valueTranslation>
    <valueTranslation>
        <masterLabel>Guerrero</masterLabel>
        <translation>Герреро</translation>
    </valueTranslation>
    <valueTranslation>
        <masterLabel>Guizhou</masterLabel>
        <translation>Гуйчжоу</translation>
    </valueTranslation>
    <valueTranslation>
        <masterLabel>Gujarat</masterLabel>
        <translation>Гуджарат</translation>
    </valueTranslation>
    <valueTranslation>
        <masterLabel>Hainan</masterLabel>
        <translation>Хайнань</translation>
    </valueTranslation>
    <valueTranslation>
        <masterLabel>Haryana</masterLabel>
        <translation>Хариана</translation>
    </valueTranslation>
    <valueTranslation>
        <masterLabel>Hawaii</masterLabel>
        <translation>Гавайи</translation>
    </valueTranslation>
    <valueTranslation>
        <masterLabel>Hebei</masterLabel>
        <translation>Хэбэй</translation>
    </valueTranslation>
    <valueTranslation>
        <masterLabel>Heilongjiang</masterLabel>
        <translation>Хейлунцзян</translation>
    </valueTranslation>
    <valueTranslation>
        <masterLabel>Henan</masterLabel>
        <translation>Хэнань</translation>
    </valueTranslation>
    <valueTranslation>
        <masterLabel>Hidalgo</masterLabel>
        <translation>Идальго</translation>
    </valueTranslation>
    <valueTranslation>
        <masterLabel>Himachal Pradesh</masterLabel>
        <translation>Химачал-Прадеш</translation>
    </valueTranslation>
    <valueTranslation>
        <masterLabel>Hong Kong</masterLabel>
        <translation>Гонконг</translation>
    </valueTranslation>
    <valueTranslation>
        <masterLabel>Hubei</masterLabel>
        <translation>Хубэй</translation>
    </valueTranslation>
    <valueTranslation>
        <masterLabel>Hunan</masterLabel>
        <translation>Хунань</translation>
    </valueTranslation>
    <valueTranslation>
        <masterLabel>Idaho</masterLabel>
        <translation>Айдахо</translation>
    </valueTranslation>
    <valueTranslation>
        <masterLabel>Illinois</masterLabel>
        <translation>Иллинойс</translation>
    </valueTranslation>
    <valueTranslation>
        <masterLabel>Imperia</masterLabel>
        <translation>Империя</translation>
    </valueTranslation>
    <valueTranslation>
        <masterLabel>Indiana</masterLabel>
        <translation>Индиана</translation>
    </valueTranslation>
    <valueTranslation>
        <masterLabel>Iowa</masterLabel>
        <translation>Айова</translation>
    </valueTranslation>
    <valueTranslation>
        <masterLabel>Isernia</masterLabel>
        <translation>Изерния</translation>
    </valueTranslation>
    <valueTranslation>
        <masterLabel>Jalisco</masterLabel>
        <translation>Халиско</translation>
    </valueTranslation>
    <valueTranslation>
        <masterLabel>Jammu and Kashmir</masterLabel>
        <translation>Джамму и Кашмир</translation>
    </valueTranslation>
    <valueTranslation>
        <masterLabel>Jharkhand</masterLabel>
        <translation>Джаркханд</translation>
    </valueTranslation>
    <valueTranslation>
        <masterLabel>Jiangsu</masterLabel>
        <translation>Цзянсу</translation>
    </valueTranslation>
    <valueTranslation>
        <masterLabel>Jiangxi</masterLabel>
        <translation>Цзянси</translation>
    </valueTranslation>
    <valueTranslation>
        <masterLabel>Jilin</masterLabel>
        <translation>Гирин</translation>
    </valueTranslation>
    <valueTranslation>
        <masterLabel>Kansas</masterLabel>
        <translation>Канзас</translation>
    </valueTranslation>
    <valueTranslation>
        <masterLabel>Karnataka</masterLabel>
        <translation>Карнатака</translation>
    </valueTranslation>
    <valueTranslation>
        <masterLabel>Kentucky</masterLabel>
        <translation>Кентукки</translation>
    </valueTranslation>
    <valueTranslation>
        <masterLabel>Kerala</masterLabel>
        <translation>Керала</translation>
    </valueTranslation>
    <valueTranslation>
        <masterLabel>Kerry</masterLabel>
        <translation>Керри</translation>
    </valueTranslation>
    <valueTranslation>
        <masterLabel>Kildare</masterLabel>
        <translation>Килдэр</translation>
    </valueTranslation>
    <valueTranslation>
        <masterLabel>Kilkenny</masterLabel>
        <translation>Килкенни</translation>
    </valueTranslation>
    <valueTranslation>
        <masterLabel>L&apos;Aquila</masterLabel>
        <translation>Л&apos;Акуила</translation>
    </valueTranslation>
    <valueTranslation>
        <masterLabel>La Spezia</masterLabel>
        <translation>Специя</translation>
    </valueTranslation>
    <valueTranslation>
        <masterLabel>Lakshadweep</masterLabel>
        <translation>Лакшадвип</translation>
    </valueTranslation>
    <valueTranslation>
        <masterLabel>Laois</masterLabel>
        <translation>Лиишь</translation>
    </valueTranslation>
    <valueTranslation>
        <masterLabel>Latina</masterLabel>
        <translation>Латина</translation>
    </valueTranslation>
    <valueTranslation>
        <masterLabel>Lecce</masterLabel>
        <translation>Лечче</translation>
    </valueTranslation>
    <valueTranslation>
        <masterLabel>Lecco</masterLabel>
        <translation>Лекко</translation>
    </valueTranslation>
    <valueTranslation>
        <masterLabel>Leitrim</masterLabel>
        <translation>Литрим</translation>
    </valueTranslation>
    <valueTranslation>
        <masterLabel>Liaoning</masterLabel>
        <translation>Ляонин</translation>
    </valueTranslation>
    <valueTranslation>
        <masterLabel>Limerick</masterLabel>
        <translation>Лимерик</translation>
    </valueTranslation>
    <valueTranslation>
        <masterLabel>Livorno</masterLabel>
        <translation>Ливорно</translation>
    </valueTranslation>
    <valueTranslation>
        <masterLabel>Lodi</masterLabel>
        <translation>Лоди</translation>
    </valueTranslation>
    <valueTranslation>
        <masterLabel>Longford</masterLabel>
        <translation>Лонгфорд</translation>
    </valueTranslation>
    <valueTranslation>
        <masterLabel>Louisiana</masterLabel>
        <translation>Луизиана</translation>
    </valueTranslation>
    <valueTranslation>
        <masterLabel>Louth</masterLabel>
        <translation>Лаут</translation>
    </valueTranslation>
    <valueTranslation>
        <masterLabel>Lucca</masterLabel>
        <translation>Лукка</translation>
    </valueTranslation>
    <valueTranslation>
        <masterLabel>Macao</masterLabel>
        <translation>Макао</translation>
    </valueTranslation>
    <valueTranslation>
        <masterLabel>Macerata</masterLabel>
        <translation>Мачерата</translation>
    </valueTranslation>
    <valueTranslation>
        <masterLabel>Madhya Pradesh</masterLabel>
        <translation>Мадхья-Прадеш</translation>
    </valueTranslation>
    <valueTranslation>
        <masterLabel>Maharashtra</masterLabel>
        <translation>Махараштра</translation>
    </valueTranslation>
    <valueTranslation>
        <masterLabel>Maine</masterLabel>
        <translation>Мэн</translation>
    </valueTranslation>
    <valueTranslation>
        <masterLabel>Manipur</masterLabel>
        <translation>Манипур</translation>
    </valueTranslation>
    <valueTranslation>
        <masterLabel>Manitoba</masterLabel>
        <translation>Манитоба</translation>
    </valueTranslation>
    <valueTranslation>
        <masterLabel>Mantua</masterLabel>
        <translation>Мантуя</translation>
    </valueTranslation>
    <valueTranslation>
        <masterLabel>Maranhão</masterLabel>
        <translation>Мараньян</translation>
    </valueTranslation>
    <valueTranslation>
        <masterLabel>Maryland</masterLabel>
        <translation>Мэриленд</translation>
    </valueTranslation>
    <valueTranslation>
        <masterLabel>Massa and Carrara</masterLabel>
        <translation>Масса-Каррара</translation>
    </valueTranslation>
    <valueTranslation>
        <masterLabel>Massachusetts</masterLabel>
        <translation>Массачусетс</translation>
    </valueTranslation>
    <valueTranslation>
        <masterLabel>Matera</masterLabel>
        <translation>Матера</translation>
    </valueTranslation>
    <valueTranslation>
        <masterLabel>Mato Grosso</masterLabel>
        <translation>Мату-Гроссу</translation>
    </valueTranslation>
    <valueTranslation>
        <masterLabel>Mato Grosso do Sul</masterLabel>
        <translation>Мату-Гроссу-ду-Сул</translation>
    </valueTranslation>
    <valueTranslation>
        <masterLabel>Mayo</masterLabel>
        <translation>Мейо</translation>
    </valueTranslation>
    <valueTranslation>
        <masterLabel>Meath</masterLabel>
        <translation>Мит</translation>
    </valueTranslation>
    <valueTranslation>
        <masterLabel>Medio Campidano</masterLabel>
        <translation>Медио-Кампидано</translation>
    </valueTranslation>
    <valueTranslation>
        <masterLabel>Meghalaya</masterLabel>
        <translation>Мегхалая</translation>
    </valueTranslation>
    <valueTranslation>
        <masterLabel>Messina</masterLabel>
        <translation>Мессина</translation>
    </valueTranslation>
    <valueTranslation>
        <masterLabel>Mexico State</masterLabel>
        <translation>Мехико</translation>
    </valueTranslation>
    <valueTranslation>
        <masterLabel>Michigan</masterLabel>
        <translation>Мичиган</translation>
    </valueTranslation>
    <valueTranslation>
        <masterLabel>Michoacán</masterLabel>
        <translation>Мичоакан</translation>
    </valueTranslation>
    <valueTranslation>
        <masterLabel>Milan</masterLabel>
        <translation>Милан</translation>
    </valueTranslation>
    <valueTranslation>
        <masterLabel>Minas Gerais</masterLabel>
        <translation>Минас-Жерайс</translation>
    </valueTranslation>
    <valueTranslation>
        <masterLabel>Minnesota</masterLabel>
        <translation>Миннесота</translation>
    </valueTranslation>
    <valueTranslation>
        <masterLabel>Mississippi</masterLabel>
        <translation>Миссисипи</translation>
    </valueTranslation>
    <valueTranslation>
        <masterLabel>Missouri</masterLabel>
        <translation>Миссури</translation>
    </valueTranslation>
    <valueTranslation>
        <masterLabel>Mizoram</masterLabel>
        <translation>Мизорам</translation>
    </valueTranslation>
    <valueTranslation>
        <masterLabel>Modena</masterLabel>
        <translation>Модена</translation>
    </valueTranslation>
    <valueTranslation>
        <masterLabel>Monaghan</masterLabel>
        <translation>Монахан</translation>
    </valueTranslation>
    <valueTranslation>
        <masterLabel>Montana</masterLabel>
        <translation>Монтана</translation>
    </valueTranslation>
    <valueTranslation>
        <masterLabel>Monza and Brianza</masterLabel>
        <translation>Монца и Брианца</translation>
    </valueTranslation>
    <valueTranslation>
        <masterLabel>Morelos</masterLabel>
        <translation>Морелос</translation>
    </valueTranslation>
    <valueTranslation>
        <masterLabel>Nagaland</masterLabel>
        <translation>Нагаленд</translation>
    </valueTranslation>
    <valueTranslation>
        <masterLabel>Naples</masterLabel>
        <translation>Неаполь</translation>
    </valueTranslation>
    <valueTranslation>
        <masterLabel>Nayarit</masterLabel>
        <translation>Наярит</translation>
    </valueTranslation>
    <valueTranslation>
        <masterLabel>Nebraska</masterLabel>
        <translation>Небраска</translation>
    </valueTranslation>
    <valueTranslation>
        <masterLabel>Nei Mongol</masterLabel>
        <translation>Внутренняя Монголия</translation>
    </valueTranslation>
    <valueTranslation>
        <masterLabel>Nevada</masterLabel>
        <translation>Невада</translation>
    </valueTranslation>
    <valueTranslation>
        <masterLabel>New Brunswick</masterLabel>
        <translation>Нью-Брансуик</translation>
    </valueTranslation>
    <valueTranslation>
        <masterLabel>New Hampshire</masterLabel>
        <translation>Нью-Гемпшир</translation>
    </valueTranslation>
    <valueTranslation>
        <masterLabel>New Jersey</masterLabel>
        <translation>Нью-Джерси</translation>
    </valueTranslation>
    <valueTranslation>
        <masterLabel>New Mexico</masterLabel>
        <translation>Нью-Мексико</translation>
    </valueTranslation>
    <valueTranslation>
        <masterLabel>New South Wales</masterLabel>
        <translation>Новый Южный Уэльс</translation>
    </valueTranslation>
    <valueTranslation>
        <masterLabel>New York</masterLabel>
        <translation>Нью-Йорк</translation>
    </valueTranslation>
    <valueTranslation>
        <masterLabel>Newfoundland and Labrador</masterLabel>
        <translation>Ньюфаундленд и Лабрадор</translation>
    </valueTranslation>
    <valueTranslation>
        <masterLabel>Ningxia</masterLabel>
        <translation>Нинся</translation>
    </valueTranslation>
    <valueTranslation>
        <masterLabel>North Carolina</masterLabel>
        <translation>Северная Каролина</translation>
    </valueTranslation>
    <valueTranslation>
        <masterLabel>North Dakota</masterLabel>
        <translation>Северная Дакота</translation>
    </valueTranslation>
    <valueTranslation>
        <masterLabel>Northern Territory</masterLabel>
        <translation>Северная территория</translation>
    </valueTranslation>
    <valueTranslation>
        <masterLabel>Northwest Territories</masterLabel>
        <translation>Северо-Западная Территория</translation>
    </valueTranslation>
    <valueTranslation>
        <masterLabel>Nova Scotia</masterLabel>
        <translation>Новая Шотландия</translation>
    </valueTranslation>
    <valueTranslation>
        <masterLabel>Novara</masterLabel>
        <translation>Новара</translation>
    </valueTranslation>
    <valueTranslation>
        <masterLabel>Nuevo León</masterLabel>
        <translation>Нуэво-Леон</translation>
    </valueTranslation>
    <valueTranslation>
        <masterLabel>Nunavut</masterLabel>
        <translation>Нунавут</translation>
    </valueTranslation>
    <valueTranslation>
        <masterLabel>Nuoro</masterLabel>
        <translation>Нуоро</translation>
    </valueTranslation>
    <valueTranslation>
        <masterLabel>Oaxaca</masterLabel>
        <translation>Оахака</translation>
    </valueTranslation>
    <valueTranslation>
        <masterLabel>Odisha</masterLabel>
        <translation>Одиша</translation>
    </valueTranslation>
    <valueTranslation>
        <masterLabel>Offaly</masterLabel>
        <translation>Оффали</translation>
    </valueTranslation>
    <valueTranslation>
        <masterLabel>Ogliastra</masterLabel>
        <translation>Ольястра</translation>
    </valueTranslation>
    <valueTranslation>
        <masterLabel>Ohio</masterLabel>
        <translation>Огайо</translation>
    </valueTranslation>
    <valueTranslation>
        <masterLabel>Oklahoma</masterLabel>
        <translation>Оклахома</translation>
    </valueTranslation>
    <valueTranslation>
        <masterLabel>Olbia-Tempio</masterLabel>
        <translation>Ольбия-Темпио</translation>
    </valueTranslation>
    <valueTranslation>
        <masterLabel>Ontario</masterLabel>
        <translation>Онтарио</translation>
    </valueTranslation>
    <valueTranslation>
        <masterLabel>Oregon</masterLabel>
        <translation>Орегон</translation>
    </valueTranslation>
    <valueTranslation>
        <masterLabel>Oristano</masterLabel>
        <translation>Ористано</translation>
    </valueTranslation>
    <valueTranslation>
        <masterLabel>Padua</masterLabel>
        <translation>Падуя</translation>
    </valueTranslation>
    <valueTranslation>
        <masterLabel>Palermo</masterLabel>
        <translation>Палермо</translation>
    </valueTranslation>
    <valueTranslation>
        <masterLabel>Paraná</masterLabel>
        <translation>Парана</translation>
    </valueTranslation>
    <valueTranslation>
        <masterLabel>Paraíba</masterLabel>
        <translation>Параиба</translation>
    </valueTranslation>
    <valueTranslation>
        <masterLabel>Parma</masterLabel>
        <translation>Парма</translation>
    </valueTranslation>
    <valueTranslation>
        <masterLabel>Pará</masterLabel>
        <translation>Пара</translation>
    </valueTranslation>
    <valueTranslation>
        <masterLabel>Pavia</masterLabel>
        <translation>Павия</translation>
    </valueTranslation>
    <valueTranslation>
        <masterLabel>Pennsylvania</masterLabel>
        <translation>Пенсильвания</translation>
    </valueTranslation>
    <valueTranslation>
        <masterLabel>Pernambuco</masterLabel>
        <translation>Пернамбуку</translation>
    </valueTranslation>
    <valueTranslation>
        <masterLabel>Perugia</masterLabel>
        <translation>Перуджа</translation>
    </valueTranslation>
    <valueTranslation>
        <masterLabel>Pesaro and Urbino</masterLabel>
        <translation>Пезаро-э-Урбино</translation>
    </valueTranslation>
    <valueTranslation>
        <masterLabel>Pescara</masterLabel>
        <translation>Пескара</translation>
    </valueTranslation>
    <valueTranslation>
        <masterLabel>Piacenza</masterLabel>
        <translation>Пьяченца</translation>
    </valueTranslation>
    <valueTranslation>
        <masterLabel>Piauí</masterLabel>
        <translation>Пиауи</translation>
    </valueTranslation>
    <valueTranslation>
        <masterLabel>Pisa</masterLabel>
        <translation>Пиза</translation>
    </valueTranslation>
    <valueTranslation>
        <masterLabel>Pistoia</masterLabel>
        <translation>Пистойя</translation>
    </valueTranslation>
    <valueTranslation>
        <masterLabel>Pordenone</masterLabel>
        <translation>Порденоне</translation>
    </valueTranslation>
    <valueTranslation>
        <masterLabel>Potenza</masterLabel>
        <translation>Потенца</translation>
    </valueTranslation>
    <valueTranslation>
        <masterLabel>Prato</masterLabel>
        <translation>Прато</translation>
    </valueTranslation>
    <valueTranslation>
        <masterLabel>Prince Edward Island</masterLabel>
        <translation>Остров Принца Эдуарда</translation>
    </valueTranslation>
    <valueTranslation>
        <masterLabel>Puducherry</masterLabel>
        <translation>Пудучерри</translation>
    </valueTranslation>
    <valueTranslation>
        <masterLabel>Puebla</masterLabel>
        <translation>Пуэбла</translation>
    </valueTranslation>
    <valueTranslation>
        <masterLabel>Punjab</masterLabel>
        <translation>Пенджаб</translation>
    </valueTranslation>
    <valueTranslation>
        <masterLabel>Qinghai</masterLabel>
        <translation>Цинхай</translation>
    </valueTranslation>
    <valueTranslation>
        <masterLabel>Quebec</masterLabel>
        <translation>Квебек</translation>
    </valueTranslation>
    <valueTranslation>
        <masterLabel>Queensland</masterLabel>
        <translation>Квинсленд</translation>
    </valueTranslation>
    <valueTranslation>
        <masterLabel>Querétaro</masterLabel>
        <translation>Керетаро</translation>
    </valueTranslation>
    <valueTranslation>
        <masterLabel>Quintana Roo</masterLabel>
        <translation>Кинтана-Роо</translation>
    </valueTranslation>
    <valueTranslation>
        <masterLabel>Ragusa</masterLabel>
        <translation>Рагуза</translation>
    </valueTranslation>
    <valueTranslation>
        <masterLabel>Rajasthan</masterLabel>
        <translation>Раджастхан</translation>
    </valueTranslation>
    <valueTranslation>
        <masterLabel>Ravenna</masterLabel>
        <translation>Равенна</translation>
    </valueTranslation>
    <valueTranslation>
        <masterLabel>Reggio Calabria</masterLabel>
        <translation>Реджо-ди-Калабрия</translation>
    </valueTranslation>
    <valueTranslation>
        <masterLabel>Reggio Emilia</masterLabel>
        <translation>Реджо-Эмилия</translation>
    </valueTranslation>
    <valueTranslation>
        <masterLabel>Rhode Island</masterLabel>
        <translation>Род-Айленд</translation>
    </valueTranslation>
    <valueTranslation>
        <masterLabel>Rieti</masterLabel>
        <translation>Риети</translation>
    </valueTranslation>
    <valueTranslation>
        <masterLabel>Rimini</masterLabel>
        <translation>Римини</translation>
    </valueTranslation>
    <valueTranslation>
        <masterLabel>Rio Grande do Norte</masterLabel>
        <translation>Рио-Гранде-ду-Норте</translation>
    </valueTranslation>
    <valueTranslation>
        <masterLabel>Rio Grande do Sul</masterLabel>
        <translation>Рио-Гранде-ду-Сул</translation>
    </valueTranslation>
    <valueTranslation>
        <masterLabel>Rio de Janeiro</masterLabel>
        <translation>Рио-де-Жанейро</translation>
    </valueTranslation>
    <valueTranslation>
        <masterLabel>Rome</masterLabel>
        <translation>Рим</translation>
    </valueTranslation>
    <valueTranslation>
        <masterLabel>Rondônia</masterLabel>
        <translation>Рондониа</translation>
    </valueTranslation>
    <valueTranslation>
        <masterLabel>Roraima</masterLabel>
        <translation>Рорайма</translation>
    </valueTranslation>
    <valueTranslation>
        <masterLabel>Roscommon</masterLabel>
        <translation>Роскоммон</translation>
    </valueTranslation>
    <valueTranslation>
        <masterLabel>Rovigo</masterLabel>
        <translation>Ровиго</translation>
    </valueTranslation>
    <valueTranslation>
        <masterLabel>Salerno</masterLabel>
        <translation>Салерно</translation>
    </valueTranslation>
    <valueTranslation>
        <masterLabel>San Luis Potosí</masterLabel>
        <translation>Сан-Луис-Потоси</translation>
    </valueTranslation>
    <valueTranslation>
        <masterLabel>Santa Catarina</masterLabel>
        <translation>Санта-Катарина</translation>
    </valueTranslation>
    <valueTranslation>
        <masterLabel>Saskatchewan</masterLabel>
        <translation>Саскачеван</translation>
    </valueTranslation>
    <valueTranslation>
        <masterLabel>Sassari</masterLabel>
        <translation>Сассари</translation>
    </valueTranslation>
    <valueTranslation>
        <masterLabel>Savona</masterLabel>
        <translation>Савона</translation>
    </valueTranslation>
    <valueTranslation>
        <masterLabel>Sergipe</masterLabel>
        <translation>Сержипи</translation>
    </valueTranslation>
    <valueTranslation>
        <masterLabel>Shaanxi</masterLabel>
        <translation>Шэньси</translation>
    </valueTranslation>
    <valueTranslation>
        <masterLabel>Shandong</masterLabel>
        <translation>Шаньдун</translation>
    </valueTranslation>
    <valueTranslation>
        <masterLabel>Shanghai</masterLabel>
        <translation>Шанхай</translation>
    </valueTranslation>
    <valueTranslation>
        <masterLabel>Shanxi</masterLabel>
        <translation>Шаньси</translation>
    </valueTranslation>
    <valueTranslation>
        <masterLabel>Sichuan</masterLabel>
        <translation>Сычуань</translation>
    </valueTranslation>
    <valueTranslation>
        <masterLabel>Siena</masterLabel>
        <translation>Сиена</translation>
    </valueTranslation>
    <valueTranslation>
        <masterLabel>Sikkim</masterLabel>
        <translation>Сикким</translation>
    </valueTranslation>
    <valueTranslation>
        <masterLabel>Sinaloa</masterLabel>
        <translation>Синалоа</translation>
    </valueTranslation>
    <valueTranslation>
        <masterLabel>Sligo</masterLabel>
        <translation>Слайго</translation>
    </valueTranslation>
    <valueTranslation>
        <masterLabel>Sondrio</masterLabel>
        <translation>Сондрио</translation>
    </valueTranslation>
    <valueTranslation>
        <masterLabel>Sonora</masterLabel>
        <translation>Сонора</translation>
    </valueTranslation>
    <valueTranslation>
        <masterLabel>South Australia</masterLabel>
        <translation>Южная Австралия</translation>
    </valueTranslation>
    <valueTranslation>
        <masterLabel>South Carolina</masterLabel>
        <translation>Южная Каролина</translation>
    </valueTranslation>
    <valueTranslation>
        <masterLabel>South Dakota</masterLabel>
        <translation>Южная Дакота</translation>
    </valueTranslation>
    <valueTranslation>
        <masterLabel>Syracuse</masterLabel>
        <translation>Сиракузы</translation>
    </valueTranslation>
    <valueTranslation>
        <masterLabel>São Paulo</masterLabel>
        <translation>Сан-Паулу</translation>
    </valueTranslation>
    <valueTranslation>
        <masterLabel>Tabasco</masterLabel>
        <translation>Табаско</translation>
    </valueTranslation>
    <valueTranslation>
        <masterLabel>Tamaulipas</masterLabel>
        <translation>Тамаулипас</translation>
    </valueTranslation>
    <valueTranslation>
        <masterLabel>Tamil Nadu</masterLabel>
        <translation>Тамилнад</translation>
    </valueTranslation>
    <valueTranslation>
        <masterLabel>Taranto</masterLabel>
        <translation>Таранто</translation>
    </valueTranslation>
    <valueTranslation>
        <masterLabel>Tasmania</masterLabel>
        <translation>Тасмания</translation>
    </valueTranslation>
    <valueTranslation>
        <masterLabel>Tennessee</masterLabel>
        <translation>Теннесси</translation>
    </valueTranslation>
    <valueTranslation>
        <masterLabel>Teramo</masterLabel>
        <translation>Терамо</translation>
    </valueTranslation>
    <valueTranslation>
        <masterLabel>Terni</masterLabel>
        <translation>Терни</translation>
    </valueTranslation>
    <valueTranslation>
        <masterLabel>Texas</masterLabel>
        <translation>Техас</translation>
    </valueTranslation>
    <valueTranslation>
        <masterLabel>Tianjin</masterLabel>
        <translation>Тяньцзинь</translation>
    </valueTranslation>
    <valueTranslation>
        <masterLabel>Tipperary</masterLabel>
        <translation>Типперэри</translation>
    </valueTranslation>
    <valueTranslation>
        <masterLabel>Tlaxcala</masterLabel>
        <translation>Тласкала</translation>
    </valueTranslation>
    <valueTranslation>
        <masterLabel>Tocantins</masterLabel>
        <translation>Токантинс</translation>
    </valueTranslation>
    <valueTranslation>
        <masterLabel>Trapani</masterLabel>
        <translation>Трапани</translation>
    </valueTranslation>
    <valueTranslation>
        <masterLabel>Trento</masterLabel>
        <translation>Тренто</translation>
    </valueTranslation>
    <valueTranslation>
        <masterLabel>Treviso</masterLabel>
        <translation>Тревизо</translation>
    </valueTranslation>
    <valueTranslation>
        <masterLabel>Trieste</masterLabel>
        <translation>Триест</translation>
    </valueTranslation>
    <valueTranslation>
        <masterLabel>Tripura</masterLabel>
        <translation>Трипура</translation>
    </valueTranslation>
    <valueTranslation>
        <masterLabel>Turin</masterLabel>
        <translation>Турин</translation>
    </valueTranslation>
    <valueTranslation>
        <masterLabel>Udine</masterLabel>
        <translation>Удине</translation>
    </valueTranslation>
    <valueTranslation>
        <masterLabel>Utah</masterLabel>
        <translation>Юта</translation>
    </valueTranslation>
    <valueTranslation>
        <masterLabel>Uttar Pradesh</masterLabel>
        <translation>Уттар-Прадеш</translation>
    </valueTranslation>
    <valueTranslation>
        <masterLabel>Uttarakhand</masterLabel>
        <translation>Уттаракханд</translation>
    </valueTranslation>
    <valueTranslation>
        <masterLabel>Varese</masterLabel>
        <translation>Варезе</translation>
    </valueTranslation>
    <valueTranslation>
        <masterLabel>Venice</masterLabel>
        <translation>Венеция</translation>
    </valueTranslation>
    <valueTranslation>
        <masterLabel>Veracruz</masterLabel>
        <translation>Веракрус</translation>
    </valueTranslation>
    <valueTranslation>
        <masterLabel>Verbano-Cusio-Ossola</masterLabel>
        <translation>Вербано-Кузьо-Оссола</translation>
    </valueTranslation>
    <valueTranslation>
        <masterLabel>Vercelli</masterLabel>
        <translation>Верчелли</translation>
    </valueTranslation>
    <valueTranslation>
        <masterLabel>Vermont</masterLabel>
        <translation>Вермонт</translation>
    </valueTranslation>
    <valueTranslation>
        <masterLabel>Verona</masterLabel>
        <translation>Верона</translation>
    </valueTranslation>
    <valueTranslation>
        <masterLabel>Vibo Valentia</masterLabel>
        <translation>Вибо-Валентия</translation>
    </valueTranslation>
    <valueTranslation>
        <masterLabel>Vicenza</masterLabel>
        <translation>Виченца</translation>
    </valueTranslation>
    <valueTranslation>
        <masterLabel>Victoria</masterLabel>
        <translation>Виктория</translation>
    </valueTranslation>
    <valueTranslation>
        <masterLabel>Virginia</masterLabel>
        <translation>Вирджиния</translation>
    </valueTranslation>
    <valueTranslation>
        <masterLabel>Viterbo</masterLabel>
        <translation>Витербо</translation>
    </valueTranslation>
    <valueTranslation>
        <masterLabel>Washington</masterLabel>
        <translation>Вашингтон</translation>
    </valueTranslation>
    <valueTranslation>
        <masterLabel>Waterford</masterLabel>
        <translation>Уотерфорд</translation>
    </valueTranslation>
    <valueTranslation>
        <masterLabel>West Bengal</masterLabel>
        <translation>Западная Бенгалия</translation>
    </valueTranslation>
    <valueTranslation>
        <masterLabel>West Virginia</masterLabel>
        <translation>Западная Виргиния</translation>
    </valueTranslation>
    <valueTranslation>
        <masterLabel>Western Australia</masterLabel>
        <translation>Западная Австралия</translation>
    </valueTranslation>
    <valueTranslation>
        <masterLabel>Westmeath</masterLabel>
        <translation>Уэстмит</translation>
    </valueTranslation>
    <valueTranslation>
        <masterLabel>Wexford</masterLabel>
        <translation>Уэксфорд</translation>
    </valueTranslation>
    <valueTranslation>
        <masterLabel>Wicklow</masterLabel>
        <translation>Уиклоу</translation>
    </valueTranslation>
    <valueTranslation>
        <masterLabel>Wisconsin</masterLabel>
        <translation>Висконсин</translation>
    </valueTranslation>
    <valueTranslation>
        <masterLabel>Wyoming</masterLabel>
        <translation>Вайоминг</translation>
    </valueTranslation>
    <valueTranslation>
        <masterLabel>Xinjiang</masterLabel>
        <translation>Синьцзян</translation>
    </valueTranslation>
    <valueTranslation>
        <masterLabel>Xizang</masterLabel>
        <translation>Сицзан</translation>
    </valueTranslation>
    <valueTranslation>
        <masterLabel>Yucatán</masterLabel>
        <translation>Юкатан</translation>
    </valueTranslation>
    <valueTranslation>
        <masterLabel>Yukon Territories</masterLabel>
        <translation>Территории Юкон</translation>
    </valueTranslation>
    <valueTranslation>
        <masterLabel>Yunnan</masterLabel>
        <translation>Юньнань</translation>
    </valueTranslation>
    <valueTranslation>
        <masterLabel>Zacatecas</masterLabel>
        <translation>Сакатекас</translation>
    </valueTranslation>
    <valueTranslation>
        <masterLabel>Zhejiang</masterLabel>
        <translation>Чжэцзян</translation>
    </valueTranslation>
</StandardValueSetTranslation>
