<?xml version="1.0" encoding="UTF-8"?>
<FlexiPage xmlns="http://soap.sforce.com/2006/04/metadata">
    <description>Pagina del record a tre colonne contenente il Riquadro evidenziazioni, Chatter, Dettagli record ed Elenchi correlati.</description>
    <flexiPageRegions>
        <itemInstances>
            <componentInstance>
                <componentInstanceProperties>
                    <name>lookupFieldName</name>
                    <value>Id</value>
                </componentInstanceProperties>
                <componentInstanceProperties>
                    <name>updateQuickActionName</name>
                    <value>Case._LightningUpdateCase</value>
                </componentInstanceProperties>
                <componentName>console:relatedRecord</componentName>
                <identifier>leftsidebar_cmp1_relatedrecord</identifier>
            </componentInstance>
        </itemInstances>
        <itemInstances>
            <componentInstance>
                <componentInstanceProperties>
                    <name>lookupFieldName</name>
                    <value>ContactId</value>
                </componentInstanceProperties>
                <componentInstanceProperties>
                    <name>updateQuickActionName</name>
                    <value>Contact._LightningRelatedContact</value>
                </componentInstanceProperties>
                <componentName>console:relatedRecord</componentName>
                <identifier>leftsidebar_cmp2_relatedrecord</identifier>
            </componentInstance>
        </itemInstances>
        <itemInstances>
            <componentInstance>
                <componentInstanceProperties>
                    <name>parentFieldApiName</name>
                    <value>Case.ContactId</value>
                </componentInstanceProperties>
                <componentInstanceProperties>
                    <name>relatedListApiName</name>
                    <value>Cases</value>
                </componentInstanceProperties>
                <componentName>force:relatedListSingleContainer</componentName>
                <identifier>leftsidebar_cmp3_relatedlist</identifier>
            </componentInstance>
        </itemInstances>
        <name>leftsidebar</name>
        <replaceable>enabled</replaceable>
        <type>Region</type>
    </flexiPageRegions>
    <flexiPageRegions>
        <itemInstances>
            <componentInstance>
                <componentInstanceProperties>
                    <name>collapsed</name>
                    <value>true</value>
                </componentInstanceProperties>
                <componentInstanceProperties>
                    <name>numVisibleActions</name>
                    <value>1</value>
                </componentInstanceProperties>
                <componentName>force:highlightsPanel</componentName>
                <identifier>force_highlightsPanel</identifier>
            </componentInstance>
        </itemInstances>
        <itemInstances>
            <componentInstance>
                <componentInstanceProperties>
                    <name>tabs</name>
                    <value>tabs</value>
                </componentInstanceProperties>
                <componentName>flexipage:tabset</componentName>
                <identifier>flexipage_tabset</identifier>
            </componentInstance>
        </itemInstances>
        <name>main</name>
        <replaceable>enabled</replaceable>
        <type>Region</type>
    </flexiPageRegions>
    <flexiPageRegions>
        <itemInstances>
            <componentInstance>
                <componentName>support:milestones</componentName>
                <identifier>support_milestones</identifier>
            </componentInstance>
        </itemInstances>
        <itemInstances>
            <componentInstance>
                <componentInstanceProperties>
                    <name>recordActionDeployment</name>
                    <value>setup_service_experience_SupportFlows</value>
                </componentInstanceProperties>
                <componentName>lbpm:actionList</componentName>
                <identifier>lbpm_guidedactionlist</identifier>
            </componentInstance>
        </itemInstances>
        <name>rightsidebar</name>
        <replaceable>enabled</replaceable>
        <type>Region</type>
    </flexiPageRegions>
    <flexiPageRegions>
        <itemInstances>
            <componentInstance>
                <componentInstanceProperties>
                    <name>active</name>
                    <value>true</value>
                </componentInstanceProperties>
                <componentInstanceProperties>
                    <name>body</name>
                    <value>feedTabContent</value>
                </componentInstanceProperties>
                <componentInstanceProperties>
                    <name>title</name>
                    <value>Standard.Tab.feed</value>
                </componentInstanceProperties>
                <componentName>flexipage:tab</componentName>
                <identifier>feedTab</identifier>
            </componentInstance>
        </itemInstances>
        <itemInstances>
            <componentInstance>
                <componentInstanceProperties>
                    <name>active</name>
                    <value>true</value>
                </componentInstanceProperties>
                <componentInstanceProperties>
                    <name>body</name>
                    <value>relatedTabContent</value>
                </componentInstanceProperties>
                <componentInstanceProperties>
                    <name>title</name>
                    <value>Standard.Tab.relatedLists</value>
                </componentInstanceProperties>
                <componentName>flexipage:tab</componentName>
                <identifier>relatedTab</identifier>
            </componentInstance>
        </itemInstances>
        <itemInstances>
            <componentInstance>
                <componentInstanceProperties>
                    <name>body</name>
                    <value>detailTabContent</value>
                </componentInstanceProperties>
                <componentInstanceProperties>
                    <name>title</name>
                    <value>Standard.Tab.detail</value>
                </componentInstanceProperties>
                <componentName>flexipage:tab</componentName>
                <identifier>detailTab</identifier>
            </componentInstance>
        </itemInstances>
        <name>tabs</name>
        <replaceable>enabled</replaceable>
        <type>Facet</type>
    </flexiPageRegions>
    <flexiPageRegions>
        <itemInstances>
            <componentInstance>
                <componentName>forceChatter:recordFeedContainer</componentName>
                <identifier>forceChatter_recordFeedContainer</identifier>
            </componentInstance>
        </itemInstances>
        <name>feedTabContent</name>
        <replaceable>enabled</replaceable>
        <type>Facet</type>
    </flexiPageRegions>
    <flexiPageRegions>
        <itemInstances>
            <componentInstance>
                <componentName>force:relatedListContainer</componentName>
                <identifier>force_relatedListContainer</identifier>
            </componentInstance>
        </itemInstances>
        <name>relatedTabContent</name>
        <replaceable>enabled</replaceable>
        <type>Facet</type>
    </flexiPageRegions>
    <flexiPageRegions>
        <itemInstances>
            <componentInstance>
                <componentName>force:detailPanel</componentName>
                <identifier>force_detailPanel</identifier>
            </componentInstance>
        </itemInstances>
        <name>detailTabContent</name>
        <replaceable>enabled</replaceable>
        <type>Facet</type>
    </flexiPageRegions>
    <masterLabel>Impostazione predefinita visualizzazione record caso</masterLabel>
    <sobjectType>Case</sobjectType>
    <template>
        <name>flexipage:recordHomeThreeColTemplateDesktop</name>
    </template>
    <type>RecordPage</type>
</FlexiPage>
