<?xml version="1.0" encoding="UTF-8"?>
<FlexiPage xmlns="http://soap.sforce.com/2006/04/metadata">
    <description>La barra delle utilità predefinita per l&apos;applicazione FlowsApp.</description>
    <flexiPageRegions>
        <itemInstances>
            <componentInstance>
                <componentName>notes:utilityBarNoteList</componentName>
                <identifier>notes_utilityBarNoteList</identifier>
            </componentInstance>
        </itemInstances>
        <name>utilityItems</name>
        <type>Region</type>
    </flexiPageRegions>
    <masterLabel>Barra delle utilità dell&apos;app FlowsApp</masterLabel>
    <template>
        <name>one:utilityBarTemplateDesktop</name>
    </template>
    <type>UtilityBar</type>
</FlexiPage>
