<?xml version="1.0" encoding="UTF-8"?>
<FlexiPage xmlns="http://soap.sforce.com/2006/04/metadata">
    <flexiPageRegions>
        <itemInstances>
            <componentInstance>
                <componentInstanceProperties>
                    <name>collapsed</name>
                    <value>false</value>
                </componentInstanceProperties>
                <componentInstanceProperties>
                    <name>enableActionsConfiguration</name>
                    <value>false</value>
                </componentInstanceProperties>
                <componentInstanceProperties>
                    <name>enableActionsInNative</name>
                    <value>false</value>
                </componentInstanceProperties>
                <componentInstanceProperties>
                    <name>hideChatterActions</name>
                    <value>false</value>
                </componentInstanceProperties>
                <componentInstanceProperties>
                    <name>numVisibleActions</name>
                    <value>4</value>
                </componentInstanceProperties>
                <componentName>force:highlightsPanel</componentName>
                <identifier>force_highlightsPanel</identifier>
            </componentInstance>
        </itemInstances>
        <mode>Replace</mode>
        <name>header</name>
        <type>Region</type>
    </flexiPageRegions>
    <flexiPageRegions>
        <itemInstances>
            <componentInstance>
                <componentInstanceProperties>
                    <name>hideUpdateButton</name>
                    <value>false</value>
                </componentInstanceProperties>
                <componentInstanceProperties>
                    <name>variant</name>
                    <value>linear</value>
                </componentInstanceProperties>
                <componentName>runtime_sales_pathassistant:pathAssistant</componentName>
                <identifier>runtime_sales_pathassistant_pathAssistant</identifier>
            </componentInstance>
        </itemInstances>
        <mode>Replace</mode>
        <name>subheader</name>
        <type>Region</type>
    </flexiPageRegions>
    <flexiPageRegions>
        <itemInstances>
            <componentInstance>
                <componentInstanceProperties>
                    <name>showLegacyActivityComposer</name>
                    <value>false</value>
                </componentInstanceProperties>
                <componentName>runtime_sales_activities:activityPanel</componentName>
                <identifier>runtime_sales_activities_activityPanel</identifier>
            </componentInstance>
        </itemInstances>
        <mode>Replace</mode>
        <name>activityTabContent</name>
        <type>Facet</type>
    </flexiPageRegions>
    <flexiPageRegions>
        <itemInstances>
            <fieldInstance>
                <fieldInstanceProperties>
                    <name>uiBehavior</name>
                    <value>required</value>
                </fieldInstanceProperties>
                <fieldItem>Record.Name</fieldItem>
                <identifier>RecordNameField</identifier>
            </fieldInstance>
        </itemInstances>
        <itemInstances>
            <fieldInstance>
                <fieldInstanceProperties>
                    <name>uiBehavior</name>
                    <value>none</value>
                </fieldInstanceProperties>
                <fieldItem>Record.AccountId</fieldItem>
                <identifier>RecordAccountIdField</identifier>
            </fieldInstance>
        </itemInstances>
        <itemInstances>
            <fieldInstance>
                <fieldInstanceProperties>
                    <name>uiBehavior</name>
                    <value>none</value>
                </fieldInstanceProperties>
                <fieldItem>Record.Type</fieldItem>
                <identifier>RecordTypeField</identifier>
            </fieldInstance>
        </itemInstances>
        <itemInstances>
            <fieldInstance>
                <fieldInstanceProperties>
                    <name>uiBehavior</name>
                    <value>none</value>
                </fieldInstanceProperties>
                <fieldItem>Record.Budget_Confirmed__c</fieldItem>
                <identifier>RecordBudget_Confirmed_cField</identifier>
            </fieldInstance>
        </itemInstances>
        <itemInstances>
            <fieldInstance>
                <fieldInstanceProperties>
                    <name>uiBehavior</name>
                    <value>none</value>
                </fieldInstanceProperties>
                <fieldItem>Record.Budget_massimo_stimato_con_la_planner__c</fieldItem>
                <identifier>RecordBudget_massimo_stimato_con_la_planner_cField</identifier>
            </fieldInstance>
        </itemInstances>
        <itemInstances>
            <fieldInstance>
                <fieldInstanceProperties>
                    <name>uiBehavior</name>
                    <value>none</value>
                </fieldInstanceProperties>
                <fieldItem>Record.Budget_max_stimato_luci_escluse__c</fieldItem>
                <identifier>RecordBudget_max_stimato_luci_escluse_cField</identifier>
            </fieldInstance>
        </itemInstances>
        <itemInstances>
            <fieldInstance>
                <fieldInstanceProperties>
                    <name>uiBehavior</name>
                    <value>none</value>
                </fieldInstanceProperties>
                <fieldItem>Record.Caparra_50__c</fieldItem>
                <identifier>RecordCaparra_50__cField</identifier>
            </fieldInstance>
        </itemInstances>
        <itemInstances>
            <fieldInstance>
                <fieldInstanceProperties>
                    <name>uiBehavior</name>
                    <value>none</value>
                </fieldInstanceProperties>
                <fieldItem>Record.Data_ricezione_caparra__c</fieldItem>
                <identifier>RecordData_ricezione_caparra__cField</identifier>
            </fieldInstance>
        </itemInstances>
        <itemInstances>
            <fieldInstance>
                <fieldInstanceProperties>
                    <name>uiBehavior</name>
                    <value>none</value>
                </fieldInstanceProperties>
                <fieldItem>Record.Saldo_50__c</fieldItem>
                <identifier>RecordSaldo_50__cField</identifier>
            </fieldInstance>
        </itemInstances>
        <itemInstances>
            <fieldInstance>
                <fieldInstanceProperties>
                    <name>uiBehavior</name>
                    <value>none</value>
                </fieldInstanceProperties>
                <fieldItem>Record.Data_ricezione_saldo__c</fieldItem>
                <identifier>RecordData_ricezione_saldo__cField</identifier>
            </fieldInstance>
        </itemInstances>
        <itemInstances>
            <fieldInstance>
                <fieldInstanceProperties>
                    <name>uiBehavior</name>
                    <value>none</value>
                </fieldInstanceProperties>
                <fieldItem>Record.N_fattura_per_caparra__c</fieldItem>
                <identifier>RecordN_fattura_per_caparra_cField</identifier>
            </fieldInstance>
        </itemInstances>
        <itemInstances>
            <fieldInstance>
                <fieldInstanceProperties>
                    <name>uiBehavior</name>
                    <value>none</value>
                </fieldInstanceProperties>
                <fieldItem>Record.N_fattura_per_saldo__c</fieldItem>
                <identifier>RecordN_fattura_per_saldo__cField</identifier>
            </fieldInstance>
        </itemInstances>
        <itemInstances>
            <fieldInstance>
                <fieldInstanceProperties>
                    <name>uiBehavior</name>
                    <value>none</value>
                </fieldInstanceProperties>
                <fieldItem>Record.Tot_Gest_Econ__c</fieldItem>
                <identifier>RecordTot_Gest_Econ__cField</identifier>
            </fieldInstance>
        </itemInstances>
        <itemInstances>
            <fieldInstance>
                <fieldInstanceProperties>
                    <name>uiBehavior</name>
                    <value>none</value>
                </fieldInstanceProperties>
                <fieldItem>Record.Guadagno_Netto__c</fieldItem>
                <identifier>RecordGuadagno_Netto__cField</identifier>
            </fieldInstance>
        </itemInstances>
        <name>Facet-462e2f07-ca4b-434b-895e-50e13145a143</name>
        <type>Facet</type>
    </flexiPageRegions>
    <flexiPageRegions>
        <itemInstances>
            <fieldInstance>
                <fieldInstanceProperties>
                    <name>uiBehavior</name>
                    <value>readonly</value>
                </fieldInstanceProperties>
                <fieldItem>Record.OwnerId</fieldItem>
                <identifier>RecordOwnerIdField</identifier>
            </fieldInstance>
        </itemInstances>
        <itemInstances>
            <fieldInstance>
                <fieldInstanceProperties>
                    <name>uiBehavior</name>
                    <value>required</value>
                </fieldInstanceProperties>
                <fieldItem>Record.CloseDate</fieldItem>
                <identifier>RecordCloseDateField</identifier>
            </fieldInstance>
        </itemInstances>
        <itemInstances>
            <fieldInstance>
                <fieldInstanceProperties>
                    <name>uiBehavior</name>
                    <value>required</value>
                </fieldInstanceProperties>
                <fieldItem>Record.StageName</fieldItem>
                <identifier>RecordStageNameField</identifier>
            </fieldInstance>
        </itemInstances>
        <itemInstances>
            <fieldInstance>
                <fieldInstanceProperties>
                    <name>uiBehavior</name>
                    <value>none</value>
                </fieldInstanceProperties>
                <fieldItem>Record.Probability</fieldItem>
                <identifier>RecordProbabilityField</identifier>
            </fieldInstance>
        </itemInstances>
        <itemInstances>
            <fieldInstance>
                <fieldInstanceProperties>
                    <name>uiBehavior</name>
                    <value>none</value>
                </fieldInstanceProperties>
                <fieldItem>Record.Amount</fieldItem>
                <identifier>RecordAmountField</identifier>
            </fieldInstance>
        </itemInstances>
        <itemInstances>
            <fieldInstance>
                <fieldInstanceProperties>
                    <name>uiBehavior</name>
                    <value>none</value>
                </fieldInstanceProperties>
                <fieldItem>Record.Loss_Reason__c</fieldItem>
                <identifier>RecordLoss_Reason_cField</identifier>
            </fieldInstance>
        </itemInstances>
        <itemInstances>
            <componentInstance>
                <componentName>flexipage:blankSpace</componentName>
                <identifier>flexipage_blankSpace2</identifier>
            </componentInstance>
        </itemInstances>
        <itemInstances>
            <fieldInstance>
                <fieldInstanceProperties>
                    <name>uiBehavior</name>
                    <value>none</value>
                </fieldInstanceProperties>
                <fieldItem>Record.Data_ricezione_caparra_estesa__c</fieldItem>
                <identifier>RecordData_ricezione_caparra_estesa__cField</identifier>
            </fieldInstance>
        </itemInstances>
        <itemInstances>
            <componentInstance>
                <componentName>flexipage:blankSpace</componentName>
                <identifier>flexipage_blankSpace</identifier>
            </componentInstance>
        </itemInstances>
        <itemInstances>
            <fieldInstance>
                <fieldInstanceProperties>
                    <name>uiBehavior</name>
                    <value>none</value>
                </fieldInstanceProperties>
                <fieldItem>Record.Data_ricezione_saldo_estesa__c</fieldItem>
                <identifier>RecordData_ricezione_saldo_estesa_cField</identifier>
            </fieldInstance>
        </itemInstances>
        <itemInstances>
            <fieldInstance>
                <fieldInstanceProperties>
                    <name>uiBehavior</name>
                    <value>none</value>
                </fieldInstanceProperties>
                <fieldItem>Record.Description</fieldItem>
                <identifier>RecordDescriptionField</identifier>
            </fieldInstance>
        </itemInstances>
        <itemInstances>
            <fieldInstance>
                <fieldInstanceProperties>
                    <name>uiBehavior</name>
                    <value>none</value>
                </fieldInstanceProperties>
                <fieldItem>Record.Data_ricevuta_contratto_firmato__c</fieldItem>
                <identifier>RecordData_ricevuta_contratto_firmato__cField</identifier>
            </fieldInstance>
        </itemInstances>
        <itemInstances>
            <fieldInstance>
                <fieldInstanceProperties>
                    <name>uiBehavior</name>
                    <value>none</value>
                </fieldInstanceProperties>
                <fieldItem>Record.Data_ricevuta_contratto_firmato_esteso__c</fieldItem>
                <identifier>RecordData_ricevuta_contratto_firmato_esteso__cField</identifier>
            </fieldInstance>
        </itemInstances>
        <name>Facet-7fc6fc81-975f-44f8-b274-413b00cdeb09</name>
        <type>Facet</type>
    </flexiPageRegions>
    <flexiPageRegions>
        <itemInstances>
            <componentInstance>
                <componentInstanceProperties>
                    <name>body</name>
                    <value>Facet-462e2f07-ca4b-434b-895e-50e13145a143</value>
                </componentInstanceProperties>
                <componentName>flexipage:column</componentName>
                <identifier>flexipage_column</identifier>
            </componentInstance>
        </itemInstances>
        <itemInstances>
            <componentInstance>
                <componentInstanceProperties>
                    <name>body</name>
                    <value>Facet-7fc6fc81-975f-44f8-b274-413b00cdeb09</value>
                </componentInstanceProperties>
                <componentName>flexipage:column</componentName>
                <identifier>flexipage_column2</identifier>
            </componentInstance>
        </itemInstances>
        <name>Facet-7a4d3884-4dcf-4d88-a301-04c644f2c243</name>
        <type>Facet</type>
    </flexiPageRegions>
    <flexiPageRegions>
        <itemInstances>
            <fieldInstance>
                <fieldInstanceProperties>
                    <name>uiBehavior</name>
                    <value>none</value>
                </fieldInstanceProperties>
                <fieldItem>Record.Lead__c</fieldItem>
                <identifier>RecordLead_cField</identifier>
            </fieldInstance>
        </itemInstances>
        <itemInstances>
            <fieldInstance>
                <fieldItem>Record.Lead__r.First_Name_Customer_2__c</fieldItem>
                <identifier>RecordLead_rFirst_Name_Customer_2_cField</identifier>
            </fieldInstance>
        </itemInstances>
        <itemInstances>
            <fieldInstance>
                <fieldItem>Record.Lead__r.Last_Name_Customer_2__c</fieldItem>
                <identifier>RecordLead_rLast_Name_Customer_2_cField</identifier>
            </fieldInstance>
        </itemInstances>
        <itemInstances>
            <fieldInstance>
                <fieldItem>Record.Lead__r.Email</fieldItem>
                <identifier>RecordLead_rEmailField</identifier>
            </fieldInstance>
        </itemInstances>
        <itemInstances>
            <fieldInstance>
                <fieldItem>Record.Lead__r.Email_Customer_2__c</fieldItem>
                <identifier>RecordLead_rEmail_Customer_2_cField</identifier>
            </fieldInstance>
        </itemInstances>
        <itemInstances>
            <fieldInstance>
                <fieldInstanceProperties>
                    <name>uiBehavior</name>
                    <value>none</value>
                </fieldInstanceProperties>
                <fieldItem>Record.Event_Start_Date__c</fieldItem>
                <identifier>RecordEvent_Start_Date__cField</identifier>
            </fieldInstance>
        </itemInstances>
        <itemInstances>
            <fieldInstance>
                <fieldInstanceProperties>
                    <name>uiBehavior</name>
                    <value>none</value>
                </fieldInstanceProperties>
                <fieldItem>Record.Event_End_Date__c</fieldItem>
                <identifier>RecordEvent_End_Date__cField</identifier>
            </fieldInstance>
        </itemInstances>
        <name>Facet-3ba93e97-08f8-40c8-89fd-5bb8e7a0f25f</name>
        <type>Facet</type>
    </flexiPageRegions>
    <flexiPageRegions>
        <itemInstances>
            <fieldInstance>
                <fieldInstanceProperties>
                    <name>uiBehavior</name>
                    <value>none</value>
                </fieldInstanceProperties>
                <fieldItem>Record.LeadSource</fieldItem>
                <identifier>RecordLeadSourceField</identifier>
            </fieldInstance>
        </itemInstances>
        <itemInstances>
            <fieldInstance>
                <fieldItem>Record.Lead__r.Birthplace__c</fieldItem>
                <identifier>RecordLead_rBirthplace_cField</identifier>
            </fieldInstance>
        </itemInstances>
        <itemInstances>
            <fieldInstance>
                <fieldItem>Record.Lead__r.Number_of_Guests__c</fieldItem>
                <identifier>RecordLead_rNumber_of_Guests_cField</identifier>
            </fieldInstance>
        </itemInstances>
        <itemInstances>
            <fieldInstance>
                <fieldInstanceProperties>
                    <name>uiBehavior</name>
                    <value>none</value>
                </fieldInstanceProperties>
                <fieldItem>Record.Event_Start_Date_Extended__c</fieldItem>
                <identifier>RecordEvent_Start_Date_Extended__cField</identifier>
            </fieldInstance>
        </itemInstances>
        <itemInstances>
            <fieldInstance>
                <fieldInstanceProperties>
                    <name>uiBehavior</name>
                    <value>none</value>
                </fieldInstanceProperties>
                <fieldItem>Record.Event_End_Date_Extended__c</fieldItem>
                <identifier>RecordEvent_End_Date_Extended__cField</identifier>
            </fieldInstance>
        </itemInstances>
        <itemInstances>
            <fieldInstance>
                <fieldInstanceProperties>
                    <name>uiBehavior</name>
                    <value>readonly</value>
                </fieldInstanceProperties>
                <fieldItem>Record.Reference__c</fieldItem>
                <identifier>RecordReference__cField</identifier>
            </fieldInstance>
        </itemInstances>
        <name>Facet-3e88abdc-79dc-4d36-8153-1a1854b8145b</name>
        <type>Facet</type>
    </flexiPageRegions>
    <flexiPageRegions>
        <itemInstances>
            <componentInstance>
                <componentInstanceProperties>
                    <name>body</name>
                    <value>Facet-3ba93e97-08f8-40c8-89fd-5bb8e7a0f25f</value>
                </componentInstanceProperties>
                <componentName>flexipage:column</componentName>
                <identifier>flexipage_column5</identifier>
            </componentInstance>
        </itemInstances>
        <itemInstances>
            <componentInstance>
                <componentInstanceProperties>
                    <name>body</name>
                    <value>Facet-3e88abdc-79dc-4d36-8153-1a1854b8145b</value>
                </componentInstanceProperties>
                <componentName>flexipage:column</componentName>
                <identifier>flexipage_column6</identifier>
            </componentInstance>
        </itemInstances>
        <name>Facet-2570f123-0568-4265-9da9-fa7513786fc1</name>
        <type>Facet</type>
    </flexiPageRegions>
    <flexiPageRegions>
        <itemInstances>
            <fieldInstance>
                <fieldInstanceProperties>
                    <name>uiBehavior</name>
                    <value>none</value>
                </fieldInstanceProperties>
                <fieldItem>Record.Location__c</fieldItem>
                <identifier>RecordLocation_cField</identifier>
            </fieldInstance>
        </itemInstances>
        <itemInstances>
            <fieldInstance>
                <fieldInstanceProperties>
                    <name>uiBehavior</name>
                    <value>none</value>
                </fieldInstanceProperties>
                <fieldItem>Record.Location_Manager__c</fieldItem>
                <identifier>RecordLocation_Manager_cField</identifier>
            </fieldInstance>
        </itemInstances>
        <name>Facet-f02fae29-dfdc-4451-a284-0b6553c24c01</name>
        <type>Facet</type>
    </flexiPageRegions>
    <flexiPageRegions>
        <itemInstances>
            <fieldInstance>
                <fieldInstanceProperties>
                    <name>uiBehavior</name>
                    <value>none</value>
                </fieldInstanceProperties>
                <fieldItem>Record.Difficolta_Logistica__c</fieldItem>
                <identifier>RecordDifficolta_Logistica_cField</identifier>
            </fieldInstance>
        </itemInstances>
        <name>Facet-0d420b08-af8a-416b-846c-f1079ad94abd</name>
        <type>Facet</type>
    </flexiPageRegions>
    <flexiPageRegions>
        <itemInstances>
            <componentInstance>
                <componentInstanceProperties>
                    <name>body</name>
                    <value>Facet-f02fae29-dfdc-4451-a284-0b6553c24c01</value>
                </componentInstanceProperties>
                <componentName>flexipage:column</componentName>
                <identifier>flexipage_column7</identifier>
            </componentInstance>
        </itemInstances>
        <itemInstances>
            <componentInstance>
                <componentInstanceProperties>
                    <name>body</name>
                    <value>Facet-0d420b08-af8a-416b-846c-f1079ad94abd</value>
                </componentInstanceProperties>
                <componentName>flexipage:column</componentName>
                <identifier>flexipage_column10</identifier>
            </componentInstance>
        </itemInstances>
        <name>Facet-c222a354-a01c-45c1-a277-bfc6b086726f</name>
        <type>Facet</type>
    </flexiPageRegions>
    <flexiPageRegions>
        <itemInstances>
            <fieldInstance>
                <fieldInstanceProperties>
                    <name>uiBehavior</name>
                    <value>none</value>
                </fieldInstanceProperties>
                <fieldItem>Record.Event_Planner_Name__c</fieldItem>
                <identifier>RecordEvent_Planner_Name_cField</identifier>
            </fieldInstance>
        </itemInstances>
        <name>Facet-0a1a45dc-deb2-4644-b196-d5a854b5e373</name>
        <type>Facet</type>
    </flexiPageRegions>
    <flexiPageRegions>
        <itemInstances>
            <fieldInstance>
                <fieldInstanceProperties>
                    <name>uiBehavior</name>
                    <value>none</value>
                </fieldInstanceProperties>
                <fieldItem>Record.Event_Planner_Email__c</fieldItem>
                <identifier>RecordEvent_Planner_Email_cField</identifier>
            </fieldInstance>
        </itemInstances>
        <name>Facet-65da3a9c-b3e7-49b9-b051-5bcc4d6f7236</name>
        <type>Facet</type>
    </flexiPageRegions>
    <flexiPageRegions>
        <itemInstances>
            <componentInstance>
                <componentInstanceProperties>
                    <name>body</name>
                    <value>Facet-0a1a45dc-deb2-4644-b196-d5a854b5e373</value>
                </componentInstanceProperties>
                <componentName>flexipage:column</componentName>
                <identifier>flexipage_column11</identifier>
            </componentInstance>
        </itemInstances>
        <itemInstances>
            <componentInstance>
                <componentInstanceProperties>
                    <name>body</name>
                    <value>Facet-65da3a9c-b3e7-49b9-b051-5bcc4d6f7236</value>
                </componentInstanceProperties>
                <componentName>flexipage:column</componentName>
                <identifier>flexipage_column12</identifier>
            </componentInstance>
        </itemInstances>
        <name>Facet-6c56967b-980b-4ad5-8b8a-377d1dcc96e5</name>
        <type>Facet</type>
    </flexiPageRegions>
    <flexiPageRegions>
        <itemInstances>
            <fieldInstance>
                <fieldInstanceProperties>
                    <name>uiBehavior</name>
                    <value>none</value>
                </fieldInstanceProperties>
                <fieldItem>Record.Wedding_Theme__c</fieldItem>
                <identifier>RecordWedding_Theme_cField</identifier>
            </fieldInstance>
        </itemInstances>
        <itemInstances>
            <fieldInstance>
                <fieldInstanceProperties>
                    <name>uiBehavior</name>
                    <value>none</value>
                </fieldInstanceProperties>
                <fieldItem>Record.NextStep</fieldItem>
                <identifier>RecordNextStepField</identifier>
            </fieldInstance>
        </itemInstances>
        <name>Facet-d291cb37-e7f3-4609-beaa-4cc43e4ef2b6</name>
        <type>Facet</type>
    </flexiPageRegions>
    <flexiPageRegions>
        <itemInstances>
            <fieldInstance>
                <fieldItem>Record.Lead__r.Note__c</fieldItem>
                <identifier>RecordLead_rNote_cField</identifier>
            </fieldInstance>
        </itemInstances>
        <name>Facet-b6999278-e2f0-4e03-a47c-3bb8938a71fb</name>
        <type>Facet</type>
    </flexiPageRegions>
    <flexiPageRegions>
        <itemInstances>
            <componentInstance>
                <componentInstanceProperties>
                    <name>body</name>
                    <value>Facet-d291cb37-e7f3-4609-beaa-4cc43e4ef2b6</value>
                </componentInstanceProperties>
                <componentName>flexipage:column</componentName>
                <identifier>flexipage_column3</identifier>
            </componentInstance>
        </itemInstances>
        <itemInstances>
            <componentInstance>
                <componentInstanceProperties>
                    <name>body</name>
                    <value>Facet-b6999278-e2f0-4e03-a47c-3bb8938a71fb</value>
                </componentInstanceProperties>
                <componentName>flexipage:column</componentName>
                <identifier>flexipage_column4</identifier>
            </componentInstance>
        </itemInstances>
        <name>Facet-1591b56f-6801-41b6-9cca-328d61db7247</name>
        <type>Facet</type>
    </flexiPageRegions>
    <flexiPageRegions>
        <itemInstances>
            <fieldInstance>
                <fieldInstanceProperties>
                    <name>uiBehavior</name>
                    <value>readonly</value>
                </fieldInstanceProperties>
                <fieldItem>Record.CreatedById</fieldItem>
                <identifier>RecordCreatedByIdField</identifier>
            </fieldInstance>
        </itemInstances>
        <name>Facet-1f0087a6-facb-4242-856b-8557b5524839</name>
        <type>Facet</type>
    </flexiPageRegions>
    <flexiPageRegions>
        <itemInstances>
            <fieldInstance>
                <fieldInstanceProperties>
                    <name>uiBehavior</name>
                    <value>readonly</value>
                </fieldInstanceProperties>
                <fieldItem>Record.LastModifiedById</fieldItem>
                <identifier>RecordLastModifiedByIdField</identifier>
            </fieldInstance>
        </itemInstances>
        <name>Facet-38c187ca-eeb6-4e21-975e-bfe223139d8a</name>
        <type>Facet</type>
    </flexiPageRegions>
    <flexiPageRegions>
        <itemInstances>
            <componentInstance>
                <componentInstanceProperties>
                    <name>body</name>
                    <value>Facet-1f0087a6-facb-4242-856b-8557b5524839</value>
                </componentInstanceProperties>
                <componentName>flexipage:column</componentName>
                <identifier>flexipage_column8</identifier>
            </componentInstance>
        </itemInstances>
        <itemInstances>
            <componentInstance>
                <componentInstanceProperties>
                    <name>body</name>
                    <value>Facet-38c187ca-eeb6-4e21-975e-bfe223139d8a</value>
                </componentInstanceProperties>
                <componentName>flexipage:column</componentName>
                <identifier>flexipage_column9</identifier>
            </componentInstance>
        </itemInstances>
        <name>Facet-ba9d95a5-669f-460c-8fa8-c77c9c42ffa0</name>
        <type>Facet</type>
    </flexiPageRegions>
    <flexiPageRegions>
        <itemInstances>
            <componentInstance>
                <componentInstanceProperties>
                    <name>columns</name>
                    <value>Facet-7a4d3884-4dcf-4d88-a301-04c644f2c243</value>
                </componentInstanceProperties>
                <componentInstanceProperties>
                    <name>horizontalAlignment</name>
                    <value>false</value>
                </componentInstanceProperties>
                <componentInstanceProperties>
                    <name>label</name>
                    <value>Opportunity Information</value>
                </componentInstanceProperties>
                <componentName>flexipage:fieldSection</componentName>
                <identifier>flexipage_fieldSection</identifier>
            </componentInstance>
        </itemInstances>
        <itemInstances>
            <componentInstance>
                <componentInstanceProperties>
                    <name>columns</name>
                    <value>Facet-2570f123-0568-4265-9da9-fa7513786fc1</value>
                </componentInstanceProperties>
                <componentInstanceProperties>
                    <name>horizontalAlignment</name>
                    <value>false</value>
                </componentInstanceProperties>
                <componentInstanceProperties>
                    <name>label</name>
                    <value>Customer Information</value>
                </componentInstanceProperties>
                <componentName>flexipage:fieldSection</componentName>
                <identifier>flexipage_fieldSection3</identifier>
            </componentInstance>
        </itemInstances>
        <itemInstances>
            <componentInstance>
                <componentInstanceProperties>
                    <name>columns</name>
                    <value>Facet-c222a354-a01c-45c1-a277-bfc6b086726f</value>
                </componentInstanceProperties>
                <componentInstanceProperties>
                    <name>horizontalAlignment</name>
                    <value>false</value>
                </componentInstanceProperties>
                <componentInstanceProperties>
                    <name>label</name>
                    <value>Location</value>
                </componentInstanceProperties>
                <componentName>flexipage:fieldSection</componentName>
                <identifier>flexipage_fieldSection4</identifier>
            </componentInstance>
        </itemInstances>
        <itemInstances>
            <componentInstance>
                <componentInstanceProperties>
                    <name>columns</name>
                    <value>Facet-6c56967b-980b-4ad5-8b8a-377d1dcc96e5</value>
                </componentInstanceProperties>
                <componentInstanceProperties>
                    <name>horizontalAlignment</name>
                    <value>false</value>
                </componentInstanceProperties>
                <componentInstanceProperties>
                    <name>label</name>
                    <value>Event Planner</value>
                </componentInstanceProperties>
                <componentName>flexipage:fieldSection</componentName>
                <identifier>flexipage_fieldSection6</identifier>
            </componentInstance>
        </itemInstances>
        <itemInstances>
            <componentInstance>
                <componentInstanceProperties>
                    <name>columns</name>
                    <value>Facet-1591b56f-6801-41b6-9cca-328d61db7247</value>
                </componentInstanceProperties>
                <componentInstanceProperties>
                    <name>horizontalAlignment</name>
                    <value>false</value>
                </componentInstanceProperties>
                <componentInstanceProperties>
                    <name>label</name>
                    <value>Additional Information</value>
                </componentInstanceProperties>
                <componentName>flexipage:fieldSection</componentName>
                <identifier>flexipage_fieldSection2</identifier>
            </componentInstance>
        </itemInstances>
        <itemInstances>
            <componentInstance>
                <componentInstanceProperties>
                    <name>columns</name>
                    <value>Facet-ba9d95a5-669f-460c-8fa8-c77c9c42ffa0</value>
                </componentInstanceProperties>
                <componentInstanceProperties>
                    <name>horizontalAlignment</name>
                    <value>false</value>
                </componentInstanceProperties>
                <componentInstanceProperties>
                    <name>label</name>
                    <value>System Information</value>
                </componentInstanceProperties>
                <componentName>flexipage:fieldSection</componentName>
                <identifier>flexipage_fieldSection5</identifier>
            </componentInstance>
        </itemInstances>
        <name>Facet-d717397e-9234-4fcf-a359-e653e705668e</name>
        <type>Facet</type>
    </flexiPageRegions>
    <flexiPageRegions>
        <itemInstances>
            <componentInstance>
                <componentInstanceProperties>
                    <name>body</name>
                    <value>Facet-d717397e-9234-4fcf-a359-e653e705668e</value>
                </componentInstanceProperties>
                <componentInstanceProperties>
                    <name>label</name>
                    <value>Opportunity Fields</value>
                </componentInstanceProperties>
                <componentInstanceProperties>
                    <name>name</name>
                    <value>accordionSection1</value>
                </componentInstanceProperties>
                <componentName>flexipage:accordionSection</componentName>
                <identifier>flexipage_accordionSection</identifier>
            </componentInstance>
        </itemInstances>
        <name>Facet-9c80da10-62fe-4293-bf20-e75beebb2db9</name>
        <type>Facet</type>
    </flexiPageRegions>
    <flexiPageRegions>
        <itemInstances>
            <componentInstance>
                <componentInstanceProperties>
                    <name>accordionSections</name>
                    <value>Facet-9c80da10-62fe-4293-bf20-e75beebb2db9</value>
                </componentInstanceProperties>
                <componentInstanceProperties>
                    <name>defaultSectionName</name>
                    <value>accordionSection1</value>
                </componentInstanceProperties>
                <componentName>flexipage:accordion</componentName>
                <identifier>flexipage_accordion</identifier>
            </componentInstance>
        </itemInstances>
        <itemInstances>
            <componentInstance>
                <componentName>force:recordDetailPanelMobile</componentName>
                <identifier>force_recordDetailPanelMobile</identifier>
            </componentInstance>
        </itemInstances>
        <mode>Replace</mode>
        <name>detailTabContent</name>
        <type>Facet</type>
    </flexiPageRegions>
    <flexiPageRegions>
        <itemInstances>
            <componentInstance>
                <componentName>forceChatter:recordFeedContainer</componentName>
                <identifier>forceChatter_recordFeedContainer</identifier>
            </componentInstance>
        </itemInstances>
        <mode>Replace</mode>
        <name>feedTabContent</name>
        <type>Facet</type>
    </flexiPageRegions>
    <flexiPageRegions>
        <itemInstances>
            <componentInstance>
                <componentInstanceProperties>
                    <name>actionNames</name>
                    <valueList>
                        <valueListItems>
                            <value>New</value>
                        </valueListItems>
                    </valueList>
                </componentInstanceProperties>
                <componentInstanceProperties>
                    <name>maxRecordsToDisplay</name>
                    <value>10</value>
                </componentInstanceProperties>
                <componentInstanceProperties>
                    <name>parentFieldApiName</name>
                    <value>Opportunity.Id</value>
                </componentInstanceProperties>
                <componentInstanceProperties>
                    <name>relatedListApiName</name>
                    <value>Gestionale_Economico__r</value>
                </componentInstanceProperties>
                <componentInstanceProperties>
                    <name>relatedListDisplayType</name>
                    <value>ADVGRID</value>
                </componentInstanceProperties>
                <componentInstanceProperties>
                    <name>relatedListFieldAliases</name>
                    <valueList>
                        <valueListItems>
                            <value>NAME</value>
                        </valueListItems>
                        <valueListItems>
                            <value>Cooperativa__c</value>
                        </valueListItems>
                        <valueListItems>
                            <value>Fornitore__c</value>
                        </valueListItems>
                        <valueListItems>
                            <value>Stato_Pagamento__c</value>
                        </valueListItems>
                        <valueListItems>
                            <value>Prezzo_lordo_fornitore__c</value>
                        </valueListItems>
                        <valueListItems>
                            <value>IVA__c</value>
                        </valueListItems>
                        <valueListItems>
                            <value>Ritenuta__c</value>
                        </valueListItems>
                        <valueListItems>
                            <value>Totale_Iva_inclusa__c</value>
                        </valueListItems>
                    </valueList>
                </componentInstanceProperties>
                <componentInstanceProperties>
                    <name>relatedListLabel</name>
                    <value>Gestionale Economico</value>
                </componentInstanceProperties>
                <componentInstanceProperties>
                    <name>showActionBar</name>
                    <value>true</value>
                </componentInstanceProperties>
                <componentInstanceProperties>
                    <name>sortFieldAlias</name>
                    <value>__DEFAULT__</value>
                </componentInstanceProperties>
                <componentInstanceProperties>
                    <name>sortFieldOrder</name>
                    <value>Default</value>
                </componentInstanceProperties>
                <componentName>lst:dynamicRelatedList</componentName>
                <identifier>lst_dynamicRelatedList</identifier>
            </componentInstance>
        </itemInstances>
        <name>Facet-0baf74e5-cb87-4c62-bbcf-aac97f44e76a</name>
        <type>Facet</type>
    </flexiPageRegions>
    <flexiPageRegions>
        <itemInstances>
            <componentInstance>
                <componentInstanceProperties>
                    <name>actionNames</name>
                    <valueList>
                        <valueListItems>
                            <value>New</value>
                        </valueListItems>
                    </valueList>
                </componentInstanceProperties>
                <componentInstanceProperties>
                    <name>maxRecordsToDisplay</name>
                    <value>10</value>
                </componentInstanceProperties>
                <componentInstanceProperties>
                    <name>parentFieldApiName</name>
                    <value>Opportunity.Id</value>
                </componentInstanceProperties>
                <componentInstanceProperties>
                    <name>relatedListApiName</name>
                    <value>Tags__r</value>
                </componentInstanceProperties>
                <componentInstanceProperties>
                    <name>relatedListDisplayType</name>
                    <value>ADVGRID</value>
                </componentInstanceProperties>
                <componentInstanceProperties>
                    <name>relatedListFieldAliases</name>
                    <valueList>
                        <valueListItems>
                            <value>NAME</value>
                        </valueListItems>
                    </valueList>
                </componentInstanceProperties>
                <componentInstanceProperties>
                    <name>relatedListLabel</name>
                    <value>Tags</value>
                </componentInstanceProperties>
                <componentInstanceProperties>
                    <name>showActionBar</name>
                    <value>true</value>
                </componentInstanceProperties>
                <componentInstanceProperties>
                    <name>sortFieldAlias</name>
                    <value>__DEFAULT__</value>
                </componentInstanceProperties>
                <componentInstanceProperties>
                    <name>sortFieldOrder</name>
                    <value>Default</value>
                </componentInstanceProperties>
                <componentName>lst:dynamicRelatedList</componentName>
                <identifier>lst_dynamicRelatedList2</identifier>
            </componentInstance>
        </itemInstances>
        <name>Facet-7fb00e0e-a1ac-457b-88f3-478254c811a5</name>
        <type>Facet</type>
    </flexiPageRegions>
    <flexiPageRegions>
        <itemInstances>
            <componentInstance>
                <componentInstanceProperties>
                    <name>active</name>
                    <value>false</value>
                </componentInstanceProperties>
                <componentInstanceProperties>
                    <name>body</name>
                    <value>activityTabContent</value>
                </componentInstanceProperties>
                <componentInstanceProperties>
                    <name>title</name>
                    <value>Standard.Tab.activity</value>
                </componentInstanceProperties>
                <componentName>flexipage:tab</componentName>
                <identifier>activityTab</identifier>
            </componentInstance>
        </itemInstances>
        <itemInstances>
            <componentInstance>
                <componentInstanceProperties>
                    <name>active</name>
                    <value>true</value>
                </componentInstanceProperties>
                <componentInstanceProperties>
                    <name>body</name>
                    <value>detailTabContent</value>
                </componentInstanceProperties>
                <componentInstanceProperties>
                    <name>title</name>
                    <value>Standard.Tab.detail</value>
                </componentInstanceProperties>
                <componentName>flexipage:tab</componentName>
                <identifier>detailTab</identifier>
            </componentInstance>
        </itemInstances>
        <itemInstances>
            <componentInstance>
                <componentInstanceProperties>
                    <name>body</name>
                    <value>feedTabContent</value>
                </componentInstanceProperties>
                <componentInstanceProperties>
                    <name>title</name>
                    <value>Standard.Tab.collaborate</value>
                </componentInstanceProperties>
                <componentName>flexipage:tab</componentName>
                <identifier>collaborateTab</identifier>
            </componentInstance>
        </itemInstances>
        <itemInstances>
            <componentInstance>
                <componentInstanceProperties>
                    <name>body</name>
                    <value>Facet-0baf74e5-cb87-4c62-bbcf-aac97f44e76a</value>
                </componentInstanceProperties>
                <componentInstanceProperties>
                    <name>title</name>
                    <value>Gestionale Economico</value>
                </componentInstanceProperties>
                <componentName>flexipage:tab</componentName>
                <identifier>flexipage_tab</identifier>
            </componentInstance>
        </itemInstances>
        <itemInstances>
            <componentInstance>
                <componentInstanceProperties>
                    <name>body</name>
                    <value>Facet-7fb00e0e-a1ac-457b-88f3-478254c811a5</value>
                </componentInstanceProperties>
                <componentInstanceProperties>
                    <name>title</name>
                    <value>Tags</value>
                </componentInstanceProperties>
                <componentName>flexipage:tab</componentName>
                <identifier>flexipage_tab2</identifier>
            </componentInstance>
        </itemInstances>
        <mode>Replace</mode>
        <name>tabs</name>
        <type>Facet</type>
    </flexiPageRegions>
    <flexiPageRegions>
        <itemInstances>
            <componentInstance>
                <componentInstanceProperties>
                    <name>label</name>
                    <value>Tabs</value>
                </componentInstanceProperties>
                <componentInstanceProperties>
                    <name>tabs</name>
                    <value>tabs</value>
                </componentInstanceProperties>
                <componentName>flexipage:tabset</componentName>
                <identifier>flexipage_tabset</identifier>
            </componentInstance>
        </itemInstances>
        <mode>Replace</mode>
        <name>main</name>
        <type>Region</type>
    </flexiPageRegions>
    <flexiPageRegions>
        <itemInstances>
            <componentInstance>
                <componentInstanceProperties>
                    <name>relatedListComponentOverride</name>
                    <value>ADVGRID</value>
                </componentInstanceProperties>
                <componentInstanceProperties>
                    <name>rowsToDisplay</name>
                    <value>10</value>
                </componentInstanceProperties>
                <componentInstanceProperties>
                    <name>showActionBar</name>
                    <value>true</value>
                </componentInstanceProperties>
                <componentName>force:relatedListContainer</componentName>
                <identifier>force_relatedListContainer</identifier>
            </componentInstance>
        </itemInstances>
        <mode>Replace</mode>
        <name>relatedListTabContent</name>
        <type>Facet</type>
    </flexiPageRegions>
    <flexiPageRegions>
        <itemInstances>
            <componentInstance>
                <componentInstanceProperties>
                    <name>active</name>
                    <value>true</value>
                </componentInstanceProperties>
                <componentInstanceProperties>
                    <name>body</name>
                    <value>relatedListTabContent</value>
                </componentInstanceProperties>
                <componentInstanceProperties>
                    <name>title</name>
                    <value>Standard.Tab.relatedLists</value>
                </componentInstanceProperties>
                <componentName>flexipage:tab</componentName>
                <identifier>relatedListTab</identifier>
            </componentInstance>
        </itemInstances>
        <mode>Replace</mode>
        <name>sidebartabs</name>
        <type>Facet</type>
    </flexiPageRegions>
    <flexiPageRegions>
        <itemInstances>
            <componentInstance>
                <componentInstanceProperties>
                    <name>flowArguments</name>
                    <value>[{&quot;label&quot;:&quot;recordId&quot;,&quot;dataType&quot;:&quot;SObject&quot;,&quot;supportsRecordId&quot;:true,&quot;value&quot;:&quot;{!Record.Id}&quot;}]</value>
                </componentInstanceProperties>
                <componentInstanceProperties>
                    <name>flowLayout</name>
                    <value>oneColumn</value>
                </componentInstanceProperties>
                <componentInstanceProperties>
                    <name>flowName</name>
                    <value>Trova_eventi_in_contemporanea</value>
                </componentInstanceProperties>
                <componentName>flowruntime:interview</componentName>
                <identifier>flowruntime_interview</identifier>
                <visibilityRule>
                    <criteria>
                        <leftValue>{!Record.StageName}</leftValue>
                        <operator>NE</operator>
                        <rightValue>Chiuse/Perse</rightValue>
                    </criteria>
                </visibilityRule>
            </componentInstance>
        </itemInstances>
        <itemInstances>
            <componentInstance>
                <componentInstanceProperties>
                    <name>label</name>
                    <value>Tabs</value>
                </componentInstanceProperties>
                <componentInstanceProperties>
                    <name>tabs</name>
                    <value>sidebartabs</value>
                </componentInstanceProperties>
                <componentName>flexipage:tabset</componentName>
                <identifier>flexipage_sidebar_tabset</identifier>
            </componentInstance>
        </itemInstances>
        <mode>Replace</mode>
        <name>sidebar</name>
        <type>Region</type>
    </flexiPageRegions>
    <masterLabel>Opportunity Record Page</masterLabel>
    <parentFlexiPage>sfa__Opportunity_rec_L</parentFlexiPage>
    <sobjectType>Opportunity</sobjectType>
    <template>
        <name>flexipage:recordHomeWithSubheaderTemplateDesktop</name>
    </template>
    <type>RecordPage</type>
</FlexiPage>
