<?xml version="1.0" encoding="UTF-8"?>
<FlexiPage xmlns="http://soap.sforce.com/2006/04/metadata">
    <flexiPageRegions>
        <itemInstances>
            <componentInstance>
                <componentInstanceProperties>
                    <name>actionNames</name>
                    <valueList>
                        <valueListItems>
                            <value>SyncQuote</value>
                        </valueListItems>
                        <valueListItems>
                            <value>CreatePdf</value>
                        </valueListItems>
                        <valueListItems>
                            <value>Edit</value>
                        </valueListItems>
                        <valueListItems>
                            <value>EmailQuote</value>
                        </valueListItems>
                        <valueListItems>
                            <value>Quote.Applica_Rimuovi_IVA</value>
                        </valueListItems>
                        <valueListItems>
                            <value>ChangeOwnerOne</value>
                        </valueListItems>
                        <valueListItems>
                            <value>Delete</value>
                        </valueListItems>
                    </valueList>
                </componentInstanceProperties>
                <componentInstanceProperties>
                    <name>collapsed</name>
                    <value>false</value>
                </componentInstanceProperties>
                <componentInstanceProperties>
                    <name>enableActionsConfiguration</name>
                    <value>true</value>
                </componentInstanceProperties>
                <componentInstanceProperties>
                    <name>enableActionsInNative</name>
                    <value>true</value>
                </componentInstanceProperties>
                <componentInstanceProperties>
                    <name>hideChatterActions</name>
                    <value>false</value>
                </componentInstanceProperties>
                <componentInstanceProperties>
                    <name>numVisibleActions</name>
                    <value>5</value>
                </componentInstanceProperties>
                <componentName>force:highlightsPanel</componentName>
                <identifier>force_highlightsPanel</identifier>
            </componentInstance>
        </itemInstances>
        <mode>Replace</mode>
        <name>header</name>
        <type>Region</type>
    </flexiPageRegions>
    <flexiPageRegions>
        <itemInstances>
            <componentInstance>
                <componentInstanceProperties>
                    <name>hideUpdateButton</name>
                    <value>false</value>
                </componentInstanceProperties>
                <componentInstanceProperties>
                    <name>variant</name>
                    <value>linear</value>
                </componentInstanceProperties>
                <componentName>runtime_sales_pathassistant:pathAssistant</componentName>
                <identifier>runtime_sales_pathassistant_pathAssistant</identifier>
            </componentInstance>
        </itemInstances>
        <mode>Replace</mode>
        <name>subheader</name>
        <type>Region</type>
    </flexiPageRegions>
    <flexiPageRegions>
        <itemInstances>
            <componentInstance>
                <componentInstanceProperties>
                    <name>relatedListComponentOverride</name>
                    <value>NONE</value>
                </componentInstanceProperties>
                <componentInstanceProperties>
                    <name>rowsToDisplay</name>
                    <value>10</value>
                </componentInstanceProperties>
                <componentInstanceProperties>
                    <name>showActionBar</name>
                    <value>true</value>
                </componentInstanceProperties>
                <componentName>force:relatedListContainer</componentName>
                <identifier>force_relatedListContainer</identifier>
            </componentInstance>
        </itemInstances>
        <mode>Replace</mode>
        <name>relatedListTabContent</name>
        <type>Facet</type>
    </flexiPageRegions>
    <flexiPageRegions>
        <itemInstances>
            <componentInstance>
                <componentName>force:detailPanel</componentName>
                <identifier>force_detailPanel</identifier>
            </componentInstance>
        </itemInstances>
        <mode>Replace</mode>
        <name>detailTabContent</name>
        <type>Facet</type>
    </flexiPageRegions>
    <flexiPageRegions>
        <itemInstances>
            <componentInstance>
                <componentInstanceProperties>
                    <name>active</name>
                    <value>true</value>
                </componentInstanceProperties>
                <componentInstanceProperties>
                    <name>body</name>
                    <value>relatedListTabContent</value>
                </componentInstanceProperties>
                <componentInstanceProperties>
                    <name>title</name>
                    <value>Standard.Tab.relatedLists</value>
                </componentInstanceProperties>
                <componentName>flexipage:tab</componentName>
                <identifier>relatedListsTab</identifier>
            </componentInstance>
        </itemInstances>
        <itemInstances>
            <componentInstance>
                <componentInstanceProperties>
                    <name>active</name>
                    <value>false</value>
                </componentInstanceProperties>
                <componentInstanceProperties>
                    <name>body</name>
                    <value>detailTabContent</value>
                </componentInstanceProperties>
                <componentInstanceProperties>
                    <name>title</name>
                    <value>Standard.Tab.detail</value>
                </componentInstanceProperties>
                <componentName>flexipage:tab</componentName>
                <identifier>detailTab</identifier>
            </componentInstance>
        </itemInstances>
        <mode>Replace</mode>
        <name>maintabs</name>
        <type>Facet</type>
    </flexiPageRegions>
    <flexiPageRegions>
        <itemInstances>
            <componentInstance>
                <componentInstanceProperties>
                    <name>label</name>
                    <value>Tabs</value>
                </componentInstanceProperties>
                <componentInstanceProperties>
                    <name>tabs</name>
                    <value>maintabs</value>
                </componentInstanceProperties>
                <componentName>flexipage:tabset</componentName>
                <identifier>flexipage_tabset</identifier>
            </componentInstance>
        </itemInstances>
        <mode>Replace</mode>
        <name>main</name>
        <type>Region</type>
    </flexiPageRegions>
    <flexiPageRegions>
        <itemInstances>
            <componentInstance>
                <componentInstanceProperties>
                    <name>showLegacyActivityComposer</name>
                    <value>false</value>
                </componentInstanceProperties>
                <componentName>runtime_sales_activities:activityPanel</componentName>
                <identifier>runtime_sales_activities_activityPanel</identifier>
            </componentInstance>
        </itemInstances>
        <mode>Replace</mode>
        <name>activityTabContent</name>
        <type>Facet</type>
    </flexiPageRegions>
    <flexiPageRegions>
        <itemInstances>
            <componentInstance>
                <componentInstanceProperties>
                    <name>active</name>
                    <value>true</value>
                </componentInstanceProperties>
                <componentInstanceProperties>
                    <name>body</name>
                    <value>activityTabContent</value>
                </componentInstanceProperties>
                <componentInstanceProperties>
                    <name>title</name>
                    <value>Standard.Tab.activity</value>
                </componentInstanceProperties>
                <componentName>flexipage:tab</componentName>
                <identifier>activityTab</identifier>
            </componentInstance>
        </itemInstances>
        <mode>Replace</mode>
        <name>sidebartabs</name>
        <type>Facet</type>
    </flexiPageRegions>
    <flexiPageRegions>
        <itemInstances>
            <componentInstance>
                <componentInstanceProperties>
                    <name>label</name>
                    <value>Tabs</value>
                </componentInstanceProperties>
                <componentInstanceProperties>
                    <name>tabs</name>
                    <value>sidebartabs</value>
                </componentInstanceProperties>
                <componentName>flexipage:tabset</componentName>
                <identifier>flexipage_tabset2</identifier>
            </componentInstance>
        </itemInstances>
        <mode>Replace</mode>
        <name>sidebar</name>
        <type>Region</type>
    </flexiPageRegions>
    <masterLabel>Quote Record Page</masterLabel>
    <parentFlexiPage>runtime_sales_quotes__Quote_rec_L</parentFlexiPage>
    <sobjectType>Quote</sobjectType>
    <template>
        <name>flexipage:recordHomeWithSubheaderTemplateDesktop</name>
    </template>
    <type>RecordPage</type>
</FlexiPage>
