<?xml version="1.0" encoding="UTF-8"?>
<AssignmentRules xmlns="http://soap.sforce.com/2006/04/metadata">
    <assignmentRule>
        <fullName>Lead da Web Form</fullName>
        <active>false</active>
        <ruleEntry>
            <assignedTo>amministrazione@fabiodex.com</assignedTo>
            <assignedToType>User</assignedToType>
            <criteriaItems>
                <field>Lead.RecordTypeId</field>
                <operation>equals</operation>
                <value>Lead da Formulario Online</value>
            </criteriaItems>
        </ruleEntry>
    </assignmentRule>
</AssignmentRules>
