<?xml version="1.0" encoding="UTF-8"?>
<AppMenu xmlns="http://soap.sforce.com/2006/04/metadata">
    <appMenuItems>
        <name>standard__Platform</name>
        <type>CustomApplication</type>
    </appMenuItems>
    <appMenuItems>
        <name>standard__Sales</name>
        <type>CustomApplication</type>
    </appMenuItems>
    <appMenuItems>
        <name>standard__Chatter</name>
        <type>CustomApplication</type>
    </appMenuItems>
    <appMenuItems>
        <name>standard__Marketing</name>
        <type>CustomApplication</type>
    </appMenuItems>
    <appMenuItems>
        <name>standard__Service</name>
        <type>CustomApplication</type>
    </appMenuItems>
    <appMenuItems>
        <name>Chatter_Desktop</name>
        <type>ConnectedApp</type>
    </appMenuItems>
    <appMenuItems>
        <name>Chatter_for_Android</name>
        <type>ConnectedApp</type>
    </appMenuItems>
    <appMenuItems>
        <name>Chatter_for_BlackBerry</name>
        <type>ConnectedApp</type>
    </appMenuItems>
    <appMenuItems>
        <name>Chatter_for_iOS</name>
        <type>ConnectedApp</type>
    </appMenuItems>
    <appMenuItems>
        <name>Salesforce_Chatterbox</name>
        <type>ConnectedApp</type>
    </appMenuItems>
    <appMenuItems>
        <name>SalesforceA</name>
        <type>ConnectedApp</type>
    </appMenuItems>
    <appMenuItems>
        <name>standard__Community</name>
        <type>CustomApplication</type>
    </appMenuItems>
    <appMenuItems>
        <name>standard__ServiceConsole</name>
        <type>CustomApplication</type>
    </appMenuItems>
    <appMenuItems>
        <name>standard__LightningSales</name>
        <type>CustomApplication</type>
    </appMenuItems>
    <appMenuItems>
        <name>Sales</name>
        <type>CustomApplication</type>
    </appMenuItems>
    <appMenuItems>
        <name>standard__LightningService</name>
        <type>CustomApplication</type>
    </appMenuItems>
    <appMenuItems>
        <name>standard__LightningBolt</name>
        <type>CustomApplication</type>
    </appMenuItems>
    <appMenuItems>
        <name>standard__AllTabSet</name>
        <type>CustomApplication</type>
    </appMenuItems>
    <appMenuItems>
        <name>standard__SalesforceCMS</name>
        <type>CustomApplication</type>
    </appMenuItems>
    <appMenuItems>
        <name>standard__AppLauncher</name>
        <type>CustomApplication</type>
    </appMenuItems>
    <appMenuItems>
        <name>standard__OnlineSales</name>
        <type>CustomApplication</type>
    </appMenuItems>
    <appMenuItems>
        <name>Salesforce1_for_Windows</name>
        <type>ConnectedApp</type>
    </appMenuItems>
    <appMenuItems>
        <name>standard__PreconfiguredLightningServiceConsole</name>
        <type>CustomApplication</type>
    </appMenuItems>
    <appMenuItems>
        <name>standard__FlowsApp</name>
        <type>CustomApplication</type>
    </appMenuItems>
    <appMenuItems>
        <name>standard__ExpressionSetConsole</name>
        <type>CustomApplication</type>
    </appMenuItems>
    <appMenuItems>
        <name>standard__SalesCloudMobile</name>
        <type>CustomApplication</type>
    </appMenuItems>
    <appMenuItems>
        <name>OIQ_Integration</name>
        <type>ConnectedApp</type>
    </appMenuItems>
    <appMenuItems>
        <name>standard__Approvals</name>
        <type>CustomApplication</type>
    </appMenuItems>
    <appMenuItems>
        <name>standard__MSJApp</name>
        <type>CustomApplication</type>
    </appMenuItems>
    <appMenuItems>
        <name>standard__DataGovernanceConsole</name>
        <type>CustomApplication</type>
    </appMenuItems>
    <appMenuItems>
        <name>standard__Optimizer</name>
        <type>CustomApplication</type>
    </appMenuItems>
    <appMenuItems>
        <name>DevOps_Center</name>
        <type>ConnectedApp</type>
    </appMenuItems>
</AppMenu>
